Time,ID,Tx,Ty,Tz,R00,R01,R02,R10,R11,R12,R20,R21,R22,BetaX,BetaY,BetaZ,AlphaX,AlphaY,AlphaZ,DecisionMargin,Confidence,RScale
1756276802.239343,0,-0.012416537266136495,-0.09507742165947979,0.5105054106427385,0.9945837138511556,-0.10387179462819476,-0.0037264490819332264,0.10393690713949627,0.9937222806687429,0.04139019493537365,-0.0005962183474534505,-0.04155332938803618,0.9991361095168424,-2.381516510146901,0.034160797001251034,5.965921762159663,-2.381516510146901,0.034160797001251034,5.965921762159663,72.80976104736328,0.6499999999999999,1.1150000000000002
1756276802.2748623,0,-0.01273375540837992,-0.09472181900519855,0.5108045521597222,0.9945670721014043,-0.10347313106053722,-0.01138640593730846,0.10385263712342793,0.9937734319739173,0.04036081844178458,0.007139247449829899,-0.04132404930920938,0.9991202901025182,-2.3684284053990408,-0.4090522226454733,5.961218580792698,-2.3684284053990408,-0.4090522226454733,5.961218580792698,73.18939208984375,0.7549999999999999,0.8105000000000002
1756276802.3159404,0,-0.013757945619512608,-0.09354709266352178,0.510750388098472,0.9943204421344896,-0.10632185452910697,-0.0047456930963845085,0.10642558001215013,0.9935938986372637,0.03801000539174904,0.0006739974414605148,-0.03829918850700061,0.9992660896313625,-2.1949191768319674,-0.03861721172208232,6.109307932920911,-2.1949191768319674,-0.03861721172208232,6.109307932920911,71.84134674072266,0.8284999999999998,0.5973500000000005
1756276802.3424366,0,-0.014162785472413196,-0.09320030620319981,0.5107082910356273,0.9942937830715906,-0.10621981685912707,-0.009860195312344989,0.10652442212638202,0.9935595683574729,0.03862553062357727,0.00569389460953088,-0.039455476574565045,0.9992051065384172,-2.2612559065521403,-0.3262378929303819,6.115101659414901,-2.2612559065521403,-0.3262378929303819,6.115101659414901,70.84014129638672,0.8799499999999998,0.4481450000000007
1756276802.3810306,0,-0.014708024214786434,-0.0929984085603819,0.5107559880425308,0.994311636092094,-0.10613841275589198,-0.008888625851212379,0.10640641455766137,0.9935587921670057,0.03896923720865536,0.004695239381120465,-0.03969337281337107,0.9992008761414557,-2.2748854569140606,-0.2690183887786189,6.108269755234131,-2.2748854569140606,-0.2690183887786189,6.108269755234131,70.85088348388672,0.9159649999999997,0.34370150000000077
1756276802.4140851,0,-0.015347280424583212,-0.09289382930075042,0.5109034765465845,0.9942800269434514,-0.1067540240736948,-0.0032873036675812174,0.10680381685748672,0.9936816701769766,0.03449178248462199,-0.0004156031789269727,-0.034645586997004894,0.9993995750327447,-1.9854434138302766,0.02381230879024078,6.131102672533796,-1.9854434138302766,0.02381230879024078,6.131102672533796,70.26056671142578,0.9411754999999997,0.27059105000000105
1756276802.4605637,0,-0.01603036769478276,-0.0929381659178033,0.5114127632855548,0.9944412853410386,-0.10517094732500606,-0.005059826876776122,0.10526459753649015,0.9941363711568793,0.024743484971041944,0.0024278621754337277,-0.025138563638207784,0.9996810281802215,-1.440489591549579,-0.13910639255280485,6.042429240209632,-1.440489591549579,-0.13910639255280485,6.042429240209632,70.44220733642578,0.9588228499999998,0.21941373500000072
1756276802.4927304,0,-0.01680306465931602,-0.09293891422058174,0.5108976368658246,0.9946084384657515,-0.10348746549631727,-0.006663228787021438,0.10367091870552808,0.9938248617200455,0.03955356926857755,0.002528783792932497,-0.0400310968158625,0.9991952344463256,-2.2942332599138298,-0.1448887930576014,5.950617001244436,-2.2942332599138298,-0.1448887930576014,5.950617001244436,70.28653717041016,0.9711759949999998,0.18358961450000066
1756276802.518147,0,-0.01758497067079441,-0.09296034435356786,0.5109326573609034,0.9948311968436729,-0.10102244337449001,-0.010264293508714922,0.10134641729101806,0.9941035786981329,0.03856136047704526,0.006308208054585915,-0.03940229376843097,0.999203515684831,-2.258214664901405,-0.36143609497909207,5.81682457583019,-2.258214664901405,-0.36143609497909207,5.81682457583019,70.50645446777344,0.9798231964999999,0.15851273015000045
1756276802.5550992,0,-0.018360150682212754,-0.09301011683565567,0.5107776732996424,0.9949500157336351,-0.09989217724325028,-0.009798934495271059,0.1001978037977583,0.9942255860031102,0.03841723898040774,0.005904769745339766,-0.039205064243983755,0.9992137392129272,-2.2468997432184605,-0.33832035142072336,5.750661600135597,-2.2468997432184605,-0.33832035142072336,5.750661600135597,69.89488983154297,0.9858762375499999,0.14095891110500025
1756276802.5860138,0,-0.019156591986852364,-0.0931022182793115,0.5107690426811985,0.9952849051836652,-0.09595417054167629,-0.014168792086861663,0.09641302420806948,0.994677631877771,0.036344702572493476,0.010605954770600522,-0.0375393899482624,0.9992388642990806,-2.151475160889199,-0.6076878391822175,5.532965668366782,-2.151475160889199,-0.6076878391822175,5.532965668366782,69.98761749267578,0.9901133662849999,0.1286712377735002
1756276802.6175869,0,-0.019907503963480098,-0.09311910955371742,0.5105131464028394,0.9953747966302504,-0.09592510426231857,-0.005233412419373044,0.09604991796602627,0.994761983040011,0.03497156497820114,0.0018513486996113594,-0.0353124832115817,0.9993746049592336,-2.0236804482691038,-0.10607452748974322,5.5117615130309074,-2.0236804482691038,-0.10607452748974322,5.5117615130309074,69.50932312011719,0.9930793563995,0.12006986644145012
1756276802.6509047,0,-0.02045651070860745,-0.093019973378508,0.5096910222585342,0.9956463638280044,-0.09306997313967044,-0.005128186409831482,0.0932015583740638,0.9948252814514054,0.04044909024660194,0.00133705374572053,-0.040750944589209,0.9991684406557125,-2.3355059342845705,-0.07660755943734378,5.3478222036638625,-2.3355059342845705,-0.07660755943734378,5.3478222036638625,68.70884704589844,0.99515554947965,0.11404890650901489
1756276802.6857927,0,-0.020944604920309234,-0.09307418264924544,0.5100455248407793,0.9957812406626438,-0.09162893785839146,-0.004884515463102649,0.09173132998240204,0.9953771852189865,0.02845386169199501,0.0022547381280146536,-0.028781884797048074,0.9995831727592774,-1.6493124860040405,-0.12918708810377794,5.263230491778496,-1.6493124860040405,-0.12918708810377794,5.263230491778496,68.79776763916016,0.996608884635755,0.10983423455631058
1756276802.713719,0,-0.02120876289491125,-0.09298875136076336,0.509196993804115,0.9958657497383183,-0.09063366714364307,-0.006078394379509997,0.09078976182313735,0.9952778250715618,0.03434050187344288,0.002937285521622641,-0.03475038562256913,0.9993917065159422,-1.9914599733630072,-0.1682943056117382,5.209065659524121,-1.9914599733630072,-0.1682943056117382,5.209065659524121,68.31680297851562,0.9976262192450285,0.10688396418941748
1756276802.7474146,0,-0.021364225143447477,-0.09301015187287685,0.5084126281745707,0.9959198968128561,-0.09024093598956606,0.00036414831779596176,0.09017317818498999,0.9953130901492928,0.03493780922559607,-0.003515262193400848,-0.03476242294767651,0.9993894220385358,-1.9921537975452142,0.20141010237161336,5.173602032233515,-1.9921537975452142,0.20141010237161336,5.173602032233515,67.802978515625,0.9983383534715198,0.10481877493259262
1756276802.7799652,0,-0.02135863775569233,-0.09302047302841043,0.5081923658037044,0.9958678768110556,-0.09065416262921255,-0.005384675833839259,0.09079178869811672,0.9951828204099233,0.03698655250152753,0.0020057519377459244,-0.037322603860770666,0.9993012559785043,-2.1389287609685153,-0.11492119783855288,5.209170246695158,-2.1389287609685153,-0.11492119783855288,5.209170246695158,68.32618713378906,0.9988368474300637,0.10337314245281526
1756276802.8082385,0,-0.021358529851519776,-0.09326887376019255,0.5081565914436196,0.9958207029267663,-0.09132402694005048,-0.0010245613183270052,0.09129674647348247,0.9950962729030348,0.038056691104801324,-0.0024559531344762317,-0.03799118000197589,0.9992750564965878,-2.1772648069285365,0.1407158907471305,5.238228190907991,-2.1772648069285365,0.1407158907471305,5.238228190907991,67.9169921875,0.9991857932010446,0.10236119971697066
1756276802.8612876,0,-0.021250486781147764,-0.09372343978872419,0.5082111529862976,0.9957219393581691,-0.09227767296286923,0.004759259749691275,0.0919849230229102,0.9948083059337589,0.04353399110665805,-0.008751766523197752,-0.04290996991100143,0.9990406103181995,-2.459409524750531,0.5014456864418357,5.278011285605585,-2.459409524750531,0.5014456864418357,5.278011285605585,67.92933654785156,0.9994300552407311,0.10165283980187967
1756276802.8912864,0,-0.021054038313584458,-0.0946185108096738,0.5086007014564199,0.9957945998476934,-0.09097774265017283,-0.010777998721961012,0.09140524352332877,0.9945631455859313,0.049892192762578884,0.006180321238627976,-0.05066754172541122,0.9986964523041479,-2.904335364284177,-0.3541085773099232,5.244555316680005,-2.904335364284177,-0.3541085773099232,5.244555316680005,67.97484588623047,0.9996010386685117,0.10115698786131633
1756276802.9223886,0,-0.02090727482460926,-0.09593990383227069,0.5090647205593815,0.995858993499278,-0.09003389472985082,-0.012600113744664377,0.09067577647870664,0.9936627388448546,0.06642488232074842,0.006539772670970913,-0.06729234154876598,0.9977118682978048,-3.858565582969344,-0.3747040439835494,5.202596759475782,-3.858565582969344,-0.3747040439835494,5.202596759475782,67.88438415527344,0.9997207270679582,0.10080989150292119
1756276802.9558346,0,-0.02098824454347239,-0.09796011764238259,0.5106896318245155,0.995885106958329,-0.09007726854105502,-0.009946830187598836,0.09058962265244602,0.9925417870567036,0.08157402291154245,0.002524679442171728,-0.08213943412556513,0.996617649530273,-4.711566170063478,-0.1446536303306782,5.197545157476244,-4.711566170063478,-0.1446536303306782,5.197545157476244,67.05314636230469,0.9998045089475707,0.10056692405204526
1756276802.9872515,0,-0.021009420456597476,-0.1000919083722754,0.5118411472621865,0.9958992369832149,-0.09005065404787424,-0.008694221172730807,0.09046848026968277,0.9908498705135852,0.1001598132032304,-0.000404788765047015,-0.10053563452210394,0.9949333758283987,-5.770015993532092,0.023192688464875953,5.1905594081018345,-5.770015993532092,0.023192688464875953,5.1905594081018345,67.52318572998047,0.9998631562632994,0.10039684683643202
1756276803.0195336,0,-0.021080327741364237,-0.10224972888435295,0.5140588673271748,0.9958032060165181,-0.09121200307783559,-0.007506356090192503,0.09149013030127198,0.9900128047245974,0.10725764559597585,-0.0023517960541084987,-0.10749426485103568,0.9942029229887906,-6.170908095072171,0.13474811239019235,5.249353550428854,-6.170908095072171,0.13474811239019235,5.249353550428854,66.81826782226562,0.9999042093843096,0.1002777927855023
1756276803.0511122,0,-0.02081296255948263,-0.10403682942141515,0.5153889697288732,0.995579454419433,-0.09263615205311182,-0.0154949433912055,0.09383814660094643,0.9880650251214653,0.12215526339137878,0.003994018077475455,-0.12306928725116834,0.9923900434582595,-7.069329863898515,-0.2288409875598413,5.384494856389536,-7.069329863898515,-0.2288409875598413,5.384494856389536,67.00530242919922,0.9999329465690165,0.10019445494985213
1756276803.081983,0,-0.020460517055606895,-0.10586203220589499,0.5175595006584672,0.9952105340735248,-0.09730413306911007,-0.00937542301758157,0.09768468198594121,0.9862818630656813,0.1330631034246303,-0.003700780241409754,-0.13334163744066307,0.9910632229834015,-7.662788527029045,0.21203957274775653,5.605898198874654,-7.662788527029045,0.21203957274775653,5.605898198874654,66.70283508300781,0.9999530625983115,0.10013611846489656
1756276803.1179018,0,-0.01983180006647773,-0.10759882855865618,0.5193707702806012,0.9946341584047127,-0.10325709721253146,-0.006392402505457936,0.10307169243277015,0.9837451182302819,0.14704342412067628,-0.008894782380384908,-0.146913288144165,0.9891093815211112,-8.448425866260354,0.5096402104478331,5.916314731339408,-8.448425866260354,0.5096402104478331,5.916314731339408,67.09724426269531,0.999967143818818,0.10009528292542802
1756276803.14717,0,-0.019086070638129796,-0.10923480924157042,0.521009101525413,0.9938943994165264,-0.1102615629458858,-0.004038631598842057,0.10938964436556925,0.979931354107183,0.1666386718119089,-0.014416258669814247,-0.16606302711438584,0.9860097578176251,-9.559996227946833,0.82601939156466,6.280787771785344,-9.559996227946833,0.82601939156466,6.280787771785344,67.1731185913086,0.9999770006731725,0.10006669804779955
1756276803.1799583,0,-0.0183600670084306,-0.11100180466366369,0.5233861149920056,0.9932430499971772,-0.1160502139274846,-0.0007690771679440683,0.11428709946328613,0.9769584743241041,0.18025148638107585,-0.02016686709863879,-0.17912143169845213,0.9836202571001283,-10.320711813703602,1.1555547076179546,6.56384852838656,-10.320711813703602,1.1555547076179546,6.56384852838656,67.02821350097656,0.9999839004712208,0.10004668863345989
1756276803.2085493,0,-0.017768181612243143,-0.11274168723951104,0.5257173962842865,0.9923516169369502,-0.12343950739951737,0.0009779445712454725,0.12082345339967682,0.9728832555870297,0.19723048473032287,-0.025297459777536044,-0.19560383179106308,0.9803566593426382,-11.283658444985392,1.4495923195712073,6.9418613309670105,-11.283658444985392,1.4495923195712073,6.9418613309670105,67.20178985595703,0.9999887303298545,0.1000326820434223
1756276803.259449,0,-0.017319156077887463,-0.1143381580102745,0.527663567205652,0.9919917085858734,-0.1261487320959409,0.006240792214638403,0.12183485802039434,0.9687560874451815,0.21602756863200195,-0.03329740932910734,-0.21353721087550637,0.976367319252073,-12.336671284043968,1.9081537346681916,7.001911374233669,-12.336671284043968,1.9081537346681916,7.001911374233669,67.62991333007812,0.999992111230898,0.10002287743039595
1756276803.2951727,0,-0.017067079319499637,-0.11585064137280149,0.5305942904998217,0.9914725754341787,-0.1299404677354576,0.009879625833370317,0.1243100077813904,0.9658089221009293,0.22750856677415876,-0.03910440035734565,-0.22434036826869053,0.9737259599280286,-12.97418901091533,2.2410885101463047,7.146405916356059,-12.97418901091533,2.2410885101463047,7.146405916356059,68.09160614013672,0.9999944778616285,0.10001601420127715
1756276803.3246615,0,-0.016765178362662444,-0.11697323155627046,0.5317543340203836,0.9917282506075686,-0.1280100017570064,0.009408315312674699,0.12178856250429843,0.9616045255349431,0.24593552511553152,-0.040529285584477215,-0.24275538288756204,0.9692405279852494,-14.061013122967916,2.322793219138051,7.001118088383291,-14.061013122967916,2.322793219138051,7.001118088383291,67.72449493408203,0.9999961345031398,0.10001120994089474
1756276803.3547273,0,-0.01676703410660689,-0.1183433338825691,0.5344637235248773,0.9916648366008819,-0.1283512633423606,0.01126077474094777,0.1210639915220276,0.9581280287835704,0.25948832423842144,-0.044094918143713586,-0.25596217231796126,0.9656805913635055,-14.845376802646262,2.527272147816925,6.960315948493674,-14.845376802646262,2.527272147816925,6.960315948493674,66.89044952392578,0.9999972941521977,0.10000784695862652
1756276803.3856144,0,-0.01671796773676389,-0.11941045900927645,0.5361577475204318,0.992065251237227,-0.1254215365676779,0.008716389884530676,0.11816866267957238,0.9538750352725311,0.2759684479145184,-0.04292673349019192,-0.27274870347781566,0.9611271717639829,-15.842883393591423,2.4602766459266974,6.792713488787454,-15.842883393591423,2.4602766459266974,6.792713488787454,64.8650894165039,0.9999981059065384,0.10000549287103899
1756276803.4168303,0,-0.01657610398763798,-0.12041770441954033,0.5382720355756152,0.9921484559819881,-0.12476009116236958,0.008738475022212602,0.11684685662569505,0.9495936426827009,0.2908929801031511,-0.044589835043997175,-0.28758795772729284,0.9567156908826121,-16.73073520068924,2.555656716963262,6.716871871588582,-16.73073520068924,2.555656716963262,6.716871871588582,62.3719367980957,0.9999986741345768,0.10000384500972759
1756276803.4494097,0,-0.01639876114911365,-0.12154128814464871,0.5414038110670334,0.9923505947599731,-0.12343527873938825,0.002007247383287794,0.11711270587125142,0.9464148945064056,0.3009708650018199,-0.039050111434437,-0.2984335427175697,0.9536312229462701,-17.377218173673484,2.237975606329147,6.730655243339579,-17.377218173673484,2.237975606329147,6.730655243339579,59.9027099609375,0.9999990718942038,0.10000269150680907
1756276803.4838362,0,-0.016197305446139985,-0.12233221826243304,0.543564736283558,0.9924527248647653,-0.12258670503228525,0.0031762647608108777,0.11541283943239228,0.9425002972597777,0.3136448089150899,-0.041442314156621626,-0.3109110635126353,0.9495350679057546,-18.13026053994505,2.375149898521388,6.633161683442773,-18.13026053994505,2.375149898521388,6.633161683442773,58.60905075073242,0.9999993503259426,0.10000188405476651
1756276803.5157251,0,-0.015962891654130326,-0.12282935513984118,0.5449875894966514,0.992791190319643,-0.11985504462201518,0.0006486157275312765,0.11309453838371747,0.9385566971841857,0.3260689368193283,-0.03968976960730711,-0.3236450130148278,0.9453457715244464,-18.898959069697927,2.274653757041758,6.498875946520525,-18.898959069697927,2.274653757041758,6.498875946520525,57.38115692138672,0.9999995452281598,0.1000013188383364
1756276803.5473635,0,-0.015747847913220883,-0.12327859826299627,0.5467881251311053,0.9931978373137829,-0.11622464640419525,-0.007063110040461194,0.11197257926964638,0.9367014587472989,0.3317416444650653,-0.03194052984730575,-0.33027595847851665,0.9433438364690632,-19.295760737717618,1.83036886861141,6.432334453919133,-19.295760737717618,1.83036886861141,6.432334453919133,55.1800537109375,0.9999996816597119,0.10000092318683551
1756276803.577945,0,-0.015610506550015025,-0.12319130960810694,0.5469153571524463,0.9932609362372012,-0.11577534672225614,-0.005364851958775278,0.11088023146669643,0.9357517640184468,0.33477486525463196,-0.03373850641462982,-0.33311365211847227,0.942282870457276,-19.46940177232732,1.9334409447240462,6.369700837355475,-19.46940177232732,1.9334409447240462,6.369700837355475,55.79087448120117,0.9999997771617983,0.10000064623078497
1756276803.610162,0,-0.015582545256420943,-0.12310904199804082,0.5472477823137312,0.9934984776350239,-0.11348883394030695,-0.009003305379637509,0.1100334851366705,0.9369323211291948,0.3317385382679218,-0.02921313207390959,-0.33057239781071973,0.9433284066114533,-19.312090454758934,1.6740273362569227,6.319954151904096,-19.312090454758934,1.6740273362569227,6.319954151904096,56.938629150390625,0.9999998440132587,0.10000045236154964
1756276803.6592062,0,-0.015611622135371723,-0.12286789445069578,0.5468288720370413,0.9935246519470303,-0.11341590628791468,-0.00675264203281269,0.10930468624183304,0.9379096810144011,0.3292080130024772,-0.03100405681691976,-0.32781437195515944,0.9442332794392165,-19.14573281117044,1.7766863213649284,6.278265692189667,-19.14573281117044,1.7766863213649284,6.278265692189667,57.69463348388672,0.9999998908092811,0.10000031665308473
1756276803.6885564,0,-0.01567200054478069,-0.1227804094123394,0.5467637560506213,0.9937407976701703,-0.11135510247536684,-0.008903268981413213,0.1081534279140732,0.9390862356249937,0.3262205972806022,-0.027965390687244733,-0.32514163561804577,0.9452517409194927,-18.98186402856337,1.6025077821437552,6.211318551694465,-18.98186402856337,1.6025077821437552,6.211318551694465,57.846134185791016,0.9999999235664967,0.10000022165715983
1756276803.72568,0,-0.01578891813320084,-0.12281912462006328,0.5469818929774937,0.9938992487552687,-0.11012532830730914,-0.0060576719058877924,0.1060553955025858,0.9392037185283668,0.32657101553456636,-0.030274352321760845,-0.3252211357948546,0.9451532555219828,-18.98800960140511,1.7348576944207206,6.090778214574269,-18.98800960140511,1.7348576944207206,6.090778214574269,58.190277099609375,0.9999999464965477,0.10000015516001204
1756276803.7559824,0,-0.015846004599550097,-0.12280379068109706,0.5472229863584808,0.9938526106731501,-0.11034075101514942,-0.009050244393144408,0.10731720695987396,0.9400737557800501,0.32364231921045566,-0.02720303932457578,-0.3226240108222011,0.9461362176201172,-18.82891843989747,1.5588116383766086,6.162976839768243,-18.82891843989747,1.5588116383766086,6.162976839768243,57.89775085449219,0.9999999625475833,0.10000010861200836
1756276803.7840724,0,-0.015947662048593332,-0.12260275060739964,0.5468904352375847,0.9938900895575431,-0.11020606648073289,-0.006092026768159533,0.10624037387089419,0.940242625693457,0.3235070135079715,-0.0299244521933537,-0.3221776338294118,0.9462061611620426,-18.803406747467914,1.7148008061407236,6.101377294675475,-18.803406747467914,1.7148008061407236,6.101377294675475,58.62247085571289,0.9999999737833083,0.10000007602840588
1756276803.819116,0,-0.01614096904148175,-0.12235540586489616,0.5465794128607653,0.9937673023629378,-0.11137008800523068,-0.004822058896065323,0.10702426976301416,0.9411018972701455,0.3207382494125488,-0.03118259828788371,-0.3192552622154253,0.9471555960409972,-18.62728362755196,1.7869209427196773,6.1468066536985395,-18.62728362755196,1.7869209427196773,6.1468066536985395,57.80228042602539,0.9999999816483158,0.10000005321988414
1756276803.8517914,0,-0.01643366736872621,-0.12202093635645148,0.5459618042292069,0.9939838840892767,-0.10940786457759039,-0.005094834576888054,0.1054709068529203,0.943601729925318,0.3138338144457514,-0.029528392750314505,-0.31248311066443146,0.9494642592383685,-18.21716067459509,1.692098238574905,6.056949246458007,-18.21716067459509,1.692098238574905,6.056949246458007,58.073974609375,0.999999987153821,0.10000003725391915
1756276803.8833332,0,-0.016742989438645196,-0.12159817817912408,0.5451365802851689,0.9941753241293616,-0.10768104354269331,-0.004496415665361353,0.1038912978329882,0.9464178547690847,0.3057774393392388,-0.028670945691700422,-0.3044635233256049,0.9520924008925302,-17.73342315122733,1.6429493256207293,5.96575464707669,-17.73342315122733,1.6429493256207293,5.96575464707669,60.31148147583008,0.9999999910076747,0.10000002607774361
1756276803.915242,0,-0.017083696766737683,-0.1209370561902597,0.5434577925584618,0.9942930832177522,-0.10664212153557129,-0.0029534013828951544,0.10269129353601189,0.9492212412724579,0.29737776202849375,-0.028909564113571304,-0.2959839404960466,0.9547553320464861,-17.223972053936368,1.6566268238096566,5.896641673253402,-17.223972053936368,1.6566268238096566,5.896641673253402,61.39436340332031,0.9999999937053723,0.10000001825442029
1756276803.95,0,-0.017358939370343576,-0.1198675995828534,0.540912762065665,0.9945884874319851,-0.10387687828701864,-0.0018261503494754541,0.10005437017140079,0.9529594180121194,0.28610744595624793,-0.027979701166368165,-0.28474188623970825,0.9581958017771178,-16.550086325569392,1.6033280331713342,5.7445579660919535,-16.550086325569392,1.6033280331713342,5.7445579660919535,66.97206115722656,0.9999999955937606,0.10000001277809423
1756276803.9769864,0,-0.01764925547781916,-0.11857934041472855,0.5388137133938571,0.9946909732666274,-0.10277867019399467,-0.005139324376186489,0.10045528106077944,0.9589438053737508,0.26520843622009604,-0.022329447124579987,-0.2643167098169599,0.9641774072766109,-15.330271759191238,1.2794894205920846,5.766830914833882,-15.330271759191238,1.2794894205920846,5.766830914833882,67.83782196044922,0.9999999969156323,0.10000000894466643
1756276804.012499,0,-0.017907480624750016,-0.11683772184281786,0.5357361296038785,0.9947340793923236,-0.10236613208077877,-0.005028548331949396,0.10046168009689266,0.9641658524795,0.24554360049610077,-0.020286994050765464,-0.2447557638040414,0.9693725052615658,-14.170377821160582,1.1624388833858068,5.766947554827352,-14.170377821160582,1.1624388833858068,5.766947554827352,68.75879669189453,0.9999999978409426,0.10000000626126626
1756276804.0608413,0,-0.01817061447930154,-0.11511380498622101,0.5330903351539111,0.9949775796094277,-0.09999017180955981,-0.004645601797405214,0.0985947198715975,0.9709653613545146,0.2179572165888027,-0.017282861105921084,-0.2173205756277848,0.9759472681045844,-12.553611672946754,0.9902843026588791,5.6591019457212655,-12.553611672946754,0.9902843026588791,5.6591019457212655,68.36827087402344,0.9999999984886598,0.10000000438288659
1756276804.0924933,0,-0.01837784412476712,-0.11310881212619424,0.5287384985987521,0.9947307486592656,-0.10249604277516833,0.0023019311909734178,0.1000629357905381,0.9755157812451103,0.1958478221035947,-0.022319196955888507,-0.19458551271143876,0.9806315983538725,-11.223343507227941,1.2789019827862462,5.744230334274864,-11.223343507227941,1.2789019827862462,5.744230334274864,68.05789947509766,0.9999999989420618,0.1000000030680206
1756276804.1222904,0,-0.018621106235447563,-0.11144620531052113,0.5253019553285355,0.9947605235256562,-0.10192539779021387,0.007919224726467361,0.09898742036298874,0.9796521103615952,0.1745944823697298,-0.025553697283222668,-0.1728957950598556,0.9846085783730395,-9.95951499076763,1.4642783949881935,5.682726427372173,-9.95951499076763,1.4642783949881935,5.682726427372173,68.18292236328125,0.9999999992594433,0.10000000214761462
1756276804.1600037,0,-0.01854625375665669,-0.10950076435027246,0.5212286973878694,0.994742163438578,-0.10215403959072508,0.007251239399820506,0.09974949361259465,0.9824953515441059,0.15733061595968723,-0.023196266974836174,-0.15578008983666758,0.9875193652829861,-8.964473633124063,1.3291674131034392,5.726291312736149,-8.964473633124063,1.3291674131034392,5.726291312736149,68.2334213256836,0.9999999994816102,0.10000000150333044
1756276804.1808112,0,-0.018336020944867394,-0.10716368251015455,0.5164267944016883,0.9946092899404132,-0.10352852677855345,0.005848461959259862,0.10179872212980162,0.9856128698765559,0.13492327785241226,-0.019732727560223644,-0.13360057962734345,0.9908387883940918,-7.6792102036672825,1.130675392744488,5.843900146973442,-7.6792102036672825,1.130675392744488,5.843900146973442,68.70398712158203,0.9999999996371272,0.1000000010523312
1756276804.2157714,0,-0.017952117828769633,-0.10414326336623787,0.5116595631109686,0.9943118893662275,-0.10571148163225752,0.012998050472118395,0.10357482394046885,0.9881466557826637,0.11330685112224627,-0.024821815216936334,-0.11131607842827956,0.9934750163807268,-6.393165279573049,1.4223313323472717,5.94690117881277,-6.393165279573049,1.4223313323472717,5.94690117881277,68.23063659667969,0.999999999745989,0.10000000073663218
1756276804.2430367,0,-0.01739703699025231,-0.10069949365075359,0.5071520983201617,0.9940976537154682,-0.10811481595793931,0.009002302360064366,0.10695997935061313,0.9905894943100473,0.08539330524040685,-0.018149867622589022,-0.08392639830795678,0.9963066505711666,-4.815086447125661,1.0399679161311517,6.141116611740711,-4.815086447125661,1.0399679161311517,6.141116611740711,67.82426452636719,0.9999999998221922,0.10000000051564273
1756276804.2811081,0,-0.016760149611253362,-0.0972394728848932,0.5037562249769553,0.9939053287080664,-0.11020581376964919,-0.0026222465712971337,0.11020926159798386,0.9928403614785153,0.0460644687067892,-0.002473100025965799,-0.04607271677013424,0.9989350271892965,-2.6407151014923755,0.1416983382449301,6.3273981486573545,-2.6407151014923755,0.1416983382449301,6.3273981486573545,68.75110626220703,0.9999999998755345,0.10000000036095003
1756276804.3131115,0,-0.016219236516367603,-0.0934326937488713,0.49737426061502327,0.9923311209151181,-0.11906074316270543,0.03321875826833166,0.1176509920656042,0.99218390718764,0.04158531452144941,-0.037910295822173645,-0.03735818190722092,0.9985825833226124,-2.14250521614388,2.1726205743922558,6.761437112870753,-2.14250521614388,2.1726205743922558,6.761437112870753,69.3438491821289,0.9999999999128741,0.10000000025266509
1756276804.3457994,0,-0.015773234800376654,-0.09059902339625722,0.4950337781660665,0.9934382682096914,-0.11407281790986051,-0.008234043395132456,0.1140964172622721,0.9934666502355557,0.002454065536544439,0.007900305338567346,-0.003377437467664484,0.9999630883646203,-0.19351931972580375,-0.4526588616184194,6.551715896822137,-0.19351931972580375,-0.4526588616184194,6.551715896822137,69.80213928222656,0.9999999999390119,0.10000000017686572
1756276804.3830216,0,-0.015481819986033749,-0.08811585202750973,0.4912488223421626,0.9925948633046048,-0.11793677982608453,0.029092151958342426,0.11797627251908144,0.9930163486316798,0.00036121006199645576,-0.028931582463063828,0.0030736483954923134,0.9995766685060851,0.17618110873447854,1.6578889102220988,6.778172552216364,0.17618110873447854,1.6578889102220988,6.778172552216364,70.9955825805664,0.9999999999573084,0.10000000012380594
1756276804.412049,0,-0.015091531429753502,-0.08597503350047567,0.4882609297332801,0.9934590010013511,-0.11290797366685373,0.017058804525588146,0.11301717967594571,0.9935773859788765,-0.005576304284873612,-0.016319633191103626,0.0074677676602553245,0.9998389380388625,0.427932536890526,0.9350876152318094,6.490140218870249,0.427932536890526,0.9350876152318094,6.490140218870249,70.32819366455078,0.9999999999701159,0.1000000000866641
1756276804.4600425,0,-0.014580374421159184,-0.08419785138360829,0.48609081815924066,0.9932126325493071,-0.11354815295665535,0.025208798158707385,0.11403859743437642,0.9932955805433847,-0.018949616570775384,-0.0228880938410059,0.02169577454508508,0.9995025905555294,1.2434996627547088,1.31150570381079,6.5498993052423025,1.2434996627547088,1.31150570381079,6.5498993052423025,71.38565826416016,0.9999999999790812,0.10000000006066445
1756276804.4923704,0,-0.013876920353382454,-0.08293816619113985,0.4842231578559542,0.993719052953551,-0.11130969636852772,-0.011515002885107609,0.11107401961776037,0.9936226412642388,-0.019406414739244555,0.01360168971309298,0.018005506419546922,0.9997453654683898,1.0317907350447773,-0.7793434465973056,6.377824229398672,1.0317907350447773,-0.7793434465973056,6.377824229398672,70.84065246582031,0.9999999999853568,0.10000000004246523
1756276804.5241563,0,-0.013311702130335187,-0.08228401373623119,0.4839097664287624,0.9937729890640955,-0.11136400693494306,0.003647487629502677,0.11141450509235952,0.9927371259687927,-0.045385094229782603,0.0014332695622293421,0.04550886378075823,0.9989629067466651,2.6083693808298474,-0.08212032493642638,6.39686860730593,2.6083693808298474,-0.08212032493642638,6.39686860730593,71.02484130859375,0.9999999999897498,0.10000000002972564
1756276804.557192,0,-0.01263884449842896,-0.08184678014277891,0.48187561719798877,0.9937828041872174,-0.11123071032654375,0.0048442937610980435,0.11132997658695223,0.9932447770967305,-0.032717718184702045,-0.0011723544429848212,0.033053620835203676,0.999452892203901,1.8941792919347427,0.06717097706325713,6.391992974902857,1.8941792919347427,0.06717097706325713,6.391992974902857,71.0380630493164,0.9999999999928249,0.10000000002080789
1756276804.5831351,0,-0.012126384670407006,-0.08192777915365532,0.4825639919792273,0.9936504400229547,-0.11213259243624098,0.009224139836114162,0.11242211654577379,0.9927845568481215,-0.04171440273151919,-0.004480039459287044,0.04248653195315894,0.999086995135577,2.4350563751868166,0.2566882117284104,6.455023948956949,2.4350563751868166,0.2566882117284104,6.455023948956949,70.96215057373047,0.9999999999949774,0.10000000001456577
1756276804.6186619,0,-0.011645138629217138,-0.08228348241720865,0.48197589539010277,0.9937464329088057,-0.11165666553219475,-0.0009033954045570454,0.11155392649339047,0.9931201663282783,-0.03560978399262154,0.004873249935371737,0.0352863185147663,0.999365362197801,2.022200939486752,-0.27921775898681006,6.404976750190011,2.022200939486752,-0.27921775898681006,6.404976750190011,70.29547119140625,0.9999999999964841,0.10000000001019593
1756276804.6533625,0,-0.011404022251043264,-0.08260980894320147,0.48122193944989533,0.9934997370233203,-0.11321820879990213,0.01182834437846864,0.11347205435407609,0.993260619228956,-0.0236100650057911,-0.009075539392206176,0.02479877991058927,0.9996512667424009,1.421069636819483,0.5199972424428635,6.515772831624665,1.421069636819483,0.5199972424428635,6.515772831624665,70.05873107910156,0.9999999999975389,0.10000000000713749
1756276804.6834855,0,-0.011347596618114391,-0.08293006806538951,0.48087628873017024,0.9933734557524407,-0.11341728601279905,0.018592919080778203,0.11384353249932377,0.9932150189997674,-0.023739758662779272,-0.015774267479945,0.025699129689203865,0.9995452602152084,1.4727970834779767,0.9038364373833128,6.537743261796941,1.4727970834779767,0.9038364373833128,6.537743261796941,69.89311218261719,0.9999999999982772,0.10000000000499654
1756276804.7168484,0,-0.01136973376076315,-0.08320701423254055,0.48114299656656606,0.9931451533522346,-0.11403923940293764,0.02564675904213609,0.11482959340698232,0.9928760093875301,-0.03180242853431372,-0.02183732701026022,0.03452943467669982,0.9991650760960145,1.979256387180797,1.2512861368722519,6.595376091865234,1.979256387180797,1.2512861368722519,6.595376091865234,69.8576889038086,0.9999999999987939,0.10000000000349774
1756276804.7488432,0,-0.01155000541407806,-0.08334729437781056,0.48180470671078507,0.99355105123081,-0.11317398730723849,0.006925113366081314,0.11332763696543074,0.9931424291653181,-0.0287221533218419,-0.0036270232951525158,0.029321732360024243,0.9995634450666069,1.6802633963834175,0.2078135826511715,6.507218084852228,1.6802633963834175,0.2078135826511715,6.507218084852228,70.25446319580078,0.9999999999991556,0.1000000000024488
1756276804.7756875,0,-0.011822843920505572,-0.08326714955204585,0.48154307163331017,0.9935856710193492,-0.11305132245178093,0.002629227440232473,0.11307973952158887,0.993154699235671,-0.029269709527643264,0.0006977497822533082,0.02937927633564938,0.9995680923615133,1.6835511989090437,-0.03997812092320007,6.492881314075011,1.6835511989090437,-0.03997812092320007,6.492881314075011,70.34890747070312,0.9999999999994089,0.10000000000171427
1756276804.8130274,0,-0.012164360905092535,-0.08262195632544664,0.4810042300011954,0.9933890493957925,-0.11351731622842998,0.017088459755570114,0.11381938716176948,0.9933405072849497,-0.017882496833419585,-0.014944686234323278,0.019709274547091503,0.9996940536234998,1.1294575246556686,0.8562993242268961,6.536266941156477,1.1294575246556686,0.8562993242268961,6.536266941156477,70.92579650878906,0.9999999999995861,0.10000000000120046
1756276804.8597426,0,-0.01252633765031931,-0.0817735471134757,0.48184371367525736,0.9934955489639514,-0.11338641031906724,0.010493623958042462,0.11369958313618525,0.9928331143606786,-0.03680776852152266,-0.006244916610682511,0.03776147486304553,0.9992672675679382,2.1641298715881834,0.3578096909313239,6.528752546569181,2.1641298715881834,0.3578096909313239,6.528752546569181,70.79349517822266,0.9999999999997102,0.1000000000008403
1756276804.8917239,0,-0.01280480984691239,-0.08018438377820167,0.4806606703627022,0.9935425625769697,-0.11230356057574459,0.01615817533008128,0.11284027941394789,0.9929087400457562,-0.037407289163090045,-0.011842621743927946,0.03898902695322014,0.9991694591446795,2.234629841809948,0.6785481057279529,6.479527624911911,2.234629841809948,0.6785481057279529,6.479527624911911,71.3135757446289,0.999999999999797,0.10000000000058851
1756276804.921063,0,-0.013079832419773627,-0.07818700139482963,0.48002763976599333,0.993538131586691,-0.1125225634784615,0.01485441993018946,0.11307596256938969,0.9926094512280667,-0.044048882184704846,-0.009788144473432896,0.04544392193629004,0.9989189367445266,2.604766820136291,0.5608283231204964,6.49297431081042,2.604766820136291,0.5608283231204964,6.49297431081042,70.77094268798828,0.9999999999998579,0.1000000000004122
1756276804.9563496,0,-0.013238297038519626,-0.07528160280804835,0.4794317196428825,0.9935515316950649,-0.11304975726152436,0.008666386184641918,0.11338137857066982,0.9907317973902164,-0.07480085984376558,-0.00012984531329702023,0.07530111568272164,0.9971608321214447,4.318523924417457,0.007439588462372393,6.510274295007105,4.318523924417457,0.007439588462372393,6.510274295007105,69.77890014648438,0.9999999999999005,0.10000000000028875
1756276804.9823549,0,-0.013403237944746307,-0.07202625782943961,0.47802995777766444,0.9935395933580854,-0.11325271106234755,0.007273229466923147,0.11345582146490094,0.9897548534228308,-0.08667817892454266,0.002617824588206557,0.08694339286558199,0.9962098139606167,4.987804020807292,-0.14999047172440216,6.514589623784473,4.987804020807292,-0.14999047172440216,6.514589623784473,68.81795501708984,0.9999999999999303,0.10000000000020215
1756276805.018027,0,-0.01349622563102834,-0.0684337958276272,0.47667199874615523,0.9935309728529667,-0.11336634977966206,0.0066540754032540445,0.1133291671599925,0.9860492322367558,-0.12191559160389491,0.007259879658737452,0.1218810171558333,0.9925181669896023,7.000859299336688,-0.4159641182303467,6.507435573130019,7.000859299336688,-0.4159641182303467,6.507435573130019,69.46897888183594,0.9999999999999512,0.10000000000014175
1756276805.0491426,0,-0.013504415415987714,-0.06441234559497194,0.474978154290988,0.9934040320948982,-0.11424451491035581,0.009829538671583812,0.11445499703098881,0.9827155082669004,-0.14550011500463922,0.006962949966431358,0.14566544073535212,0.9893094039293979,8.376019786489218,-0.39895086978226485,6.572351147157104,8.376019786489218,-0.39895086978226485,6.572351147157104,69.83586883544922,0.9999999999999658,0.10000000000009912
1756276805.0763946,0,-0.013364660009707917,-0.06004022580008447,0.47243823775478366,0.99304056589419,-0.1176564441302578,0.0052340847499817225,0.11608120922138793,0.9703048415327914,-0.21221137425624426,0.01988937792508482,0.2113420820675497,0.9772097712329253,12.2034644526406,-1.1396525593616362,6.667316327208442,12.2034644526406,-1.1396525593616362,6.667316327208442,71.94139862060547,0.999999999999976,0.10000000000006981
1756276805.105471,0,-0.013190428548031988,-0.055767239425993764,0.4691401892062936,0.9926977160268244,-0.12062827706200582,-0.0002517303676306294,0.11665831386540852,0.960554122926037,-0.25244130948771415,0.030693360865272825,0.25056854491903807,0.9676121753553695,14.518148688689426,-1.758876278134737,6.702455657195746,14.518148688689426,-1.758876278134737,6.702455657195746,72.3851318359375,0.9999999999999831,0.10000000000004894
1756276805.1364408,0,-0.013049245038519794,-0.05192933750090923,0.4653105479843017,0.9925297773592804,-0.12199956297788019,0.0008646897379746901,0.11699639044745604,0.9497691162373724,-0.29025931589519627,0.03459025408121666,0.28819217976011624,0.9569476379863788,16.760080904151575,-1.9822709983704891,6.722828862886969,16.760080904151575,-1.9822709983704891,6.722828862886969,72.40609741210938,0.9999999999999882,0.10000000000003428
1756276805.170053,0,-0.012995310002119936,-0.04908891494081118,0.4626457011656873,0.9924042664993148,-0.12296586280826977,0.0036288314613178857,0.1184700625508289,0.9473409338250228,-0.29750630141013307,0.03314537845853568,0.2956764307200559,0.9547129580159098,17.20785322319096,-1.8994381965927698,6.807571932484859,17.20785322319096,-1.8994381965927698,6.807571932484859,73.01307678222656,0.9999999999999918,0.10000000000002407
1756276805.2010562,0,-0.013015234743869682,-0.04675991550676404,0.4607217130862026,0.992237085612357,-0.12427741816069203,0.0045485460104523895,0.1196187722342999,0.9437609758051252,-0.30823135771124405,0.03401345711119906,0.3063826755589662,0.9513005523243818,17.852045429154163,-1.9492035062748263,6.874098063844896,17.852045429154163,-1.9492035062748263,6.874098063844896,72.99857330322266,0.9999999999999942,0.10000000000001696
1756276805.2497106,0,-0.013006844420715575,-0.04376272969949061,0.45748060471125557,0.9920665341714727,-0.12510039824001837,0.0124049239091375,0.12171742337973253,0.9311577174502793,-0.3437007042160165,0.031446154340421535,0.3424838617993197,0.9389973076554708,20.038611468420207,-1.8020290014627982,6.994706863558453,20.038611468420207,-1.8020290014627982,6.994706863558453,73.24918365478516,0.999999999999996,0.10000000000001164
1756276805.2809236,0,-0.013070002311367308,-0.04003907538621687,0.453832117986989,0.9918651924570557,-0.12709473196975293,0.00709711896927484,0.1202798178676628,0.9175121860674841,-0.3790833072444481,0.041667798188160264,0.3768531776742812,0.9253353322287804,22.1591608808782,-2.388080351026963,6.914286132616615,22.1591608808782,-2.388080351026963,6.914286132616615,72.63995361328125,0.9999999999999971,0.10000000000000853
1756276805.323996,0,-0.013105575052921238,-0.036924587531010175,0.45128057805104577,0.9917137695686459,-0.12801164712673765,0.010808212055982251,0.12205130860204869,0.9125907493649125,-0.3902327539329778,0.040090863254299676,0.3883183518371081,0.9206528011742738,22.869330334097757,-2.2976530363001837,7.016173318384624,22.869330334097757,-2.2976530363001837,7.016173318384624,70.3335952758789,0.999999999999998,0.10000000000000586
1756276805.3507974,0,-0.013031046106661543,-0.03473029013600004,0.44902837794481104,0.9915721619363542,-0.12899382313849284,0.012051608398025,0.12285754711185048,0.9067075182338019,-0.40346932906474925,0.04111776733388575,0.40154958594227774,0.9149137988024127,23.69635106666289,-2.356538871497395,7.063052180603219,23.69635106666289,-2.356538871497395,7.063052180603219,71.20521545410156,0.9999999999999984,0.10000000000000453
1756276805.378614,0,-0.012942687124616471,-0.03213880927734194,0.4468323385369646,0.9913290492562884,-0.1297433258205487,0.020817913095382765,0.12651208737389993,0.899557142672787,-0.4180808998443598,0.03551630398736208,0.4170894585953879,0.9081712259699068,24.667569101974593,-2.0353623790911084,7.272698452387194,24.667569101974593,-2.0353623790911084,7.272698452387194,69.96015167236328,0.9999999999999989,0.1000000000000032
1756276805.420161,0,-0.012844929252900313,-0.028399730989456754,0.44407586163650115,0.99111152217404,-0.13088962552137873,0.02378773937831999,0.12746883011288745,0.8831728126916533,-0.45139503793458596,0.03807424278313963,0.45041501845874066,0.8920070981686765,26.79128995098783,-2.182020830003391,7.328693135318479,26.79128995098783,-2.182020830003391,7.328693135318479,69.86980438232422,0.9999999999999991,0.10000000000000275
1756276805.4440203,0,-0.012880397204119662,-0.0232062800321318,0.4412860057075888,0.9911948859021782,-0.13077904366469012,0.020725344376303342,0.12383833716420209,0.8601908610997279,-0.49470774072063417,0.04686965339932324,0.49291837480323036,0.8688122417252012,29.56829704439886,-2.6864175109683517,7.121543138252575,29.56829704439886,-2.6864175109683517,7.121543138252575,69.54930114746094,0.9999999999999993,0.10000000000000187
1756276805.4869967,0,-0.013069666163907225,-0.01736015314408481,0.43747915059904935,0.9913166458992568,-0.128763952496495,0.026667435207154297,0.12362881564031622,0.8435423075718368,-0.5226397337361114,0.044802048015912053,0.5213983312917883,0.8521364659605402,31.461290974116586,-2.5678277879524245,7.108753320082023,31.461290974116586,-2.5678277879524245,7.108753320082023,68.86900329589844,0.9999999999999996,0.10000000000000142
1756276805.517545,0,-0.013477414867527465,-0.011950790459898181,0.4342892410733558,0.9911525756449078,-0.1283518159144637,0.03379915892333593,0.1265225552232279,0.8367190785848148,-0.5328163159588527,0.040107540590898036,0.5323786198596244,0.8455556695476123,32.195331996165244,-2.298609346457649,7.274574896349148,32.195331996165244,-2.298609346457649,7.274574896349148,69.55500030517578,0.9999999999999996,0.10000000000000142
1756276805.545676,0,-0.014109812601583905,-0.0070747949448182745,0.431606063843802,0.9910812805375823,-0.12838893359459574,0.035695617356024896,0.12719902048056514,0.8315841435829482,-0.5406368664179303,0.0397278813526474,0.540355525438444,0.8404984244907144,32.73691975505683,-2.276839122811819,7.313569559288968,32.73691975505683,-2.276839122811819,7.313569559288968,67.36155700683594,0.9999999999999996,0.10000000000000142
1756276805.5811539,0,-0.014931961912933826,-0.0032466064325412376,0.4290592388307977,0.9909379524113064,-0.12786241946453591,0.04114822182746372,0.12970086034251288,0.8312025923044175,-0.5406292050683433,0.034923649541522044,0.541066957256763,0.8402540606671348,32.77880431236715,-2.0013846998449822,7.4568811844655105,32.77880431236715,-2.0013846998449822,7.4568811844655105,67.12361907958984,0.9999999999999996,0.10000000000000142
1756276805.6106975,0,-0.015860953106041437,-0.00043282572799855767,0.42730217395296205,0.9909087484580548,-0.12764991102422107,0.04248943921494109,0.1301244362608051,0.8291540147583982,-0.5436646492993982,0.0341684550001812,0.544250971543036,0.8382263397539844,32.99521223907058,-1.9580893962178347,7.481176391542398,32.99521223907058,-1.9580893962178347,7.481176391542398,67.46745300292969,0.9999999999999996,0.10000000000000142
1756276805.661189,0,-0.01690038483395099,0.0016038698276836577,0.42598754078465617,0.9908346639566377,-0.12459990883598615,0.052168298994708734,0.1328696616941187,0.8294202349866147,-0.5425935189403196,0.02433766018391747,0.5445520512428655,0.8383738675459533,33.00508042560959,-1.3945829084947112,7.637726554242944,33.00508042560959,-1.3945829084947112,7.637726554242944,67.58671569824219,0.9999999999999996,0.10000000000000142
1756276805.6919134,0,-0.017864245783723275,0.003110795508105899,0.4246344133312951,0.9908804442177132,-0.1232446068665283,0.054467532945993005,0.1328608156107109,0.8263034814269231,-0.5473303940555487,0.022448807143468478,0.549575584847126,0.8351423397228611,33.34740235943039,-1.2863299606250267,7.63687537060783,33.34740235943039,-1.2863299606250267,7.63687537060783,67.22881317138672,0.9999999999999996,0.10000000000000142
1756276805.71503,0,-0.018722951005416297,0.003969537609905901,0.4239371122279428,0.9909127486797757,-0.1221766988041284,0.056256366512751135,0.13286849185104113,0.8240531801479368,-0.5507107409169558,0.020925782592808834,0.5531809925850653,0.8327982355081455,33.59385041098455,-1.1990465445266052,7.637065351995079,33.59385041098455,-1.1990465445266052,7.637065351995079,66.93019104003906,0.9999999999999996,0.10000000000000142
1756276805.7545862,0,-0.019308826126010814,0.004137233162430856,0.4227414664703406,0.9908507292372596,-0.11981300252670182,0.06212629713356465,0.13409409554762297,0.8218397369975333,-0.5537131208767677,0.015284171853796739,0.5569778192328323,0.8303867189288267,33.85153937558513,-0.8757526396642195,7.707144835605243,33.85153937558513,-0.8757526396642195,7.707144835605243,66.84131622314453,0.9999999999999996,0.10000000000000142
1756276805.7881482,0,-0.0196288911945719,0.003624243404844624,0.42264057104437674,0.9909557291869561,-0.11845773458375834,0.06304369840698881,0.13344612045770884,0.8205644335501853,-0.5557572701524016,0.01410233052846775,0.559143787866544,0.8289507517120176,34.00044872317397,-0.8080308050412227,7.6695434247469025,34.00044872317397,-0.8080308050412227,7.6695434247469025,67.04097747802734,0.9999999999999996,0.10000000000000142
1756276805.8207135,0,-0.01966108649463598,0.0024632239486524713,0.4223527587415292,0.9909712092261281,-0.118218013343653,0.06325001032398489,0.13337944986479056,0.8212537628789055,-0.554754161147985,0.01363762584433732,0.5581816534770009,0.8296066880655022,33.93372497353603,-0.7814026262424502,7.665638919587564,33.93372497353603,-0.7814026262424502,7.665638919587564,67.28018951416016,0.9999999999999996,0.10000000000000142
1756276805.8496206,0,-0.01955907191643861,0.0009099524983331467,0.4225153829372934,0.9912396818204128,-0.11765227428280339,0.06001529422282139,0.13115805331426822,0.823399284724767,-0.5520970774832572,0.015538926455176771,0.5551320205778316,0.8316170882646619,33.72442617268898,-0.8903507369170066,7.537432230365592,33.72442617268898,-0.8903507369170066,7.537432230365592,67.10376739501953,0.9999999999999996,0.10000000000000142
1756276805.8857033,0,-0.019453697618415935,-0.001053693119943357,0.42305908044622476,0.9913651915291282,-0.11788608319865977,0.05742759277989774,0.12994683111244484,0.8245021302882728,-0.5507359242267876,0.017574928399536748,0.5534429587032245,0.8327016352533314,33.60941789196559,-1.007021068202774,7.467679866391947,33.60941789196559,-1.007021068202774,7.467679866391947,66.58036804199219,0.9999999999999996,0.10000000000000142
1756276805.91878,0,-0.019416112693778572,-0.003837954326345222,0.4242219020221735,0.9916764377263009,-0.11857309934994867,0.05018229736691506,0.12636803619507608,0.8216252366010642,-0.5558444836538767,0.0246771612361355,0.5575593158497061,0.8297702374889893,33.898899029313675,-1.4140407302104419,7.261988394119025,33.898899029313675,-1.4140407302104419,7.261988394119025,66.70756530761719,0.9999999999999996,0.10000000000000142
1756276805.9482937,0,-0.019490692346190712,-0.00787817537300416,0.4257857317114988,0.9918517509106524,-0.11886875822605876,0.0458292759409179,0.12383319467509651,0.8150633247577486,-0.5659833182448093,0.02992397219677986,0.5670467308367451,0.8231418838422244,34.56221465966854,-1.7147732920412289,7.116582690049659,34.56221465966854,-1.7147732920412289,7.116582690049659,66.54235076904297,0.9999999999999996,0.10000000000000142
1756276805.9783554,0,-0.019778524738901224,-0.01359202164827698,0.4286437665075243,0.9923474598674934,-0.1160973119216238,0.04204679606232822,0.11904817251106267,0.8091957076213099,-0.5753519265536746,0.03277272518894453,0.5759546170765731,0.8168244778114011,35.18821086845388,-1.878075130406718,6.840865361510761,35.18821086845388,-1.878075130406718,6.840865361510761,67.71315002441406,0.9999999999999996,0.10000000000000142
1756276806.009973,0,-0.0199793786498054,-0.020782496340117033,0.4315516292780202,0.9926668398522493,-0.11475951239094542,0.037984198998289344,0.11573336704256801,0.8115140188287091,-0.5727571780409805,0.03490462448930561,0.5729530971731189,0.818844561335661,34.980837518884314,-2.000293979652918,6.649996799490483,34.980837518884314,-2.000293979652918,6.649996799490483,64.12045288085938,0.9999999999999996,0.10000000000000142
1756276806.060677,0,-0.02013141299756914,-0.028839039100945978,0.43523178170360677,0.9930110239948249,-0.11361027443864676,0.03196579056937397,0.11171601220275214,0.8174776145593028,-0.5650220193160137,0.03806098845621661,0.5646441846299373,0.8244563699319262,34.40601432347021,-2.1812608621596103,6.4189161842074345,34.40601432347021,-2.1812608621596103,6.4189161842074345,62.49170684814453,0.9999999999999996,0.10000000000000142
1756276806.0893364,0,-0.020209611395931693,-0.037525824523406484,0.4397877934122354,0.9929553322928804,-0.11624703188429912,0.022942006216249554,0.10979703905306047,0.8299102245527552,-0.546985949909115,0.044545687628730145,0.5456515800040231,0.8368273626936423,33.106278832861754,-2.5531247405280815,6.309904842451403,33.106278832861754,-2.5531247405280815,6.309904842451403,65.14884185791016,0.9999999999999996,0.10000000000000142
1756276806.1237626,0,-0.0200494066951558,-0.0463537661520745,0.44483961803838795,0.9930500283244369,-0.11752925323673247,0.0062061162132257056,0.10326247733361371,0.8447789405699728,-0.5250575228909686,0.05646682229204114,0.522049246913633,0.851044112709293,31.525871838246662,-3.2370323704998722,5.936575569099516,31.525871838246662,-3.2370323704998722,5.936575569099516,66.48530578613281,0.9999999999999996,0.10000000000000142
1756276806.1502383,0,-0.019839211113010506,-0.05526963853742953,0.45252600387850583,0.9928594352028731,-0.11922794572766442,-0.003852127489110145,0.10327824445915879,0.8753031043899244,-0.47241727282858204,0.059697120115341284,0.4686461057161595,0.8813665987811273,28.000768930128412,-3.4224278653701212,5.938607184328053,28.000768930128412,-3.4224278653701212,5.938607184328053,67.92333221435547,0.9999999999999996,0.10000000000000142
1756276806.1870656,0,-0.019701953301570454,-0.064849496198261,0.4653005444056455,0.992832677953799,-0.11886671264745019,-0.012408795730305039,0.10807222543293016,0.9372704609381998,-0.3314279365754624,0.05102614699408379,0.3277114396494015,0.943398931865971,19.155853189333996,-2.9248530293598405,6.212324193577876,19.155853189333996,-2.9248530293598405,6.212324193577876,70.38895416259766,0.9999999999999996,0.10000000000000142
1756276806.217937,0,-0.019124482895201765,-0.07291958280044672,0.46885618125454065,0.9936254692459444,-0.11199120531252667,-0.012899488300858228,0.1115657233222794,0.99330450267,-0.029987570009603583,0.016171463921150746,0.028357272579565444,0.9994670323960141,1.6251824461534028,-0.9265970209185694,6.406421785596011,1.6251824461534028,-0.9265970209185694,6.406421785596011,69.93736267089844,0.9999999999999996,0.10000000000000142
1756276806.2523901,0,-0.018681328245183183,-0.07865253500050598,0.4701546827990907,0.9935631767486577,-0.11201544310474255,-0.01687466489043677,0.11206042387138718,0.9936998692572606,0.0017410456249341592,0.01657332829824453,-0.0036208209222838945,0.999856096868428,-0.2074867083385753,-0.9496252404434304,6.434991207300194,-0.2074867083385753,-0.9496252404434304,6.434991207300194,69.59822845458984,0.9999999999999996,0.10000000000000142
1756276806.282922,0,-0.01850740808674137,-0.08332662254763658,0.4713331170322729,0.9936660345329472,-0.11073971336668381,-0.019092608492082778,0.11123157164510433,0.9934282811643589,0.02697753977270427,0.015979652215466253,-0.02893036581677696,0.999453693098775,-1.65803093345775,-0.9156055993918213,6.387134060031954,-1.65803093345775,-0.9156055993918213,6.387134060031954,70.85633087158203,0.9999999999999996,0.10000000000000142
1756276806.315309,0,-0.018787404073311843,-0.08707371130282661,0.4749708145599713,0.9938654151959023,-0.11059623934248244,-9.121828977069497e-05,0.1105940400172066,0.9938397292300615,0.007179896697799914,-0.0007034132132376417,-0.007145939211811801,0.9999742200490134,-0.4094357434391888,0.040302611695811126,6.349562072617742,-0.4094357434391888,0.040302611695811126,6.349562072617742,70.63231658935547,0.9999999999999996,0.10000000000000142
1756276806.349552,0,-0.019286322343603602,-0.090217805094418,0.4785706462494283,0.9940793801247967,-0.10852665336574249,-0.005305800592856677,0.10855186475996706,0.9940795845238717,0.004719352707874319,0.004762212493475321,-0.005267365762833115,0.9999747877772156,-0.30180264524209477,-0.2728557083612179,6.231914595046875,-0.30180264524209477,-0.2728557083612179,6.231914595046875,69.95787811279297,0.9999999999999996,0.10000000000000142
1756276806.377453,0,-0.019922492689688594,-0.0922254006017382,0.4808668266414937,0.9941212041168687,-0.10803101602680837,0.0072340238762931865,0.1078766208089009,0.9939804885304644,0.01911604309452347,-0.00925560414451257,-0.018223281728452206,0.999791101078103,-1.0442196634304224,0.5303146261820206,6.193192799568139,-1.0442196634304224,0.5303146261820206,6.193192799568139,69.01427459716797,0.9999999999999996,0.10000000000000142
1756276806.4120774,0,-0.02081565955612079,-0.09386997403305383,0.48386426495695944,0.994554969801349,-0.10417018876841405,0.002997301351178416,0.10407122025303495,0.9942894979638127,0.02361303356015514,-0.005439959419065703,-0.023172527070255133,0.9997166802803168,-1.3278265020071007,0.3116882527544454,5.973746947483405,-1.3278265020071007,0.3116882527544454,5.973746947483405,68.51697540283203,0.9999999999999996,0.10000000000000142
1756276806.4564679,0,-0.021712101917529494,-0.09508487498107122,0.4859908891120961,0.9948358333562283,-0.10148157997876864,0.0017758365442650382,0.10136869391802122,0.9943048675366419,0.03289708628885162,-0.005104171213202726,-0.03254718602205741,0.9994571667251538,-1.865170095450492,0.29244873827796575,5.818067453282725,-1.865170095450492,0.29244873827796575,5.818067453282725,67.24508666992188,0.9999999999999996,0.10000000000000142
1756276806.4909778,0,-0.022267924152134244,-0.09606685918373978,0.4881375533599652,0.9950949385683505,-0.09888936178409383,-0.0026376811000458278,0.09891862304960959,0.9943902656105676,0.03745805217725646,-0.0010813184638136333,-0.037535233912677594,0.9992947197726507,-2.1511170618166378,0.06195499635957923,5.6769067253385606,-2.1511170618166378,0.06195499635957923,5.6769067253385606,67.51226806640625,0.9999999999999996,0.10000000000000142
1756276806.5226026,0,-0.022302089940371337,-0.09681877898093995,0.489976265013444,0.9954377591509639,-0.09423065534685963,-0.014975020848395863,0.09475667322124869,0.994716259484721,0.039506151378818216,0.011173206189363764,-0.04074489795822238,0.9991071077486257,-2.3353029666642238,-0.6401908790466635,5.437655490810427,-2.3353029666642238,-0.6401908790466635,5.437655490810427,66.79940032958984,0.9999999999999996,0.10000000000000142
1756276806.5603049,0,-0.02195131252824569,-0.09750367981978666,0.49159957338747273,0.9956503320528508,-0.08999223404400714,-0.02412082284700033,0.09112683875369515,0.9945322306565719,0.05100530799849913,0.019398854136411632,-0.052981506179348645,0.9984070534912911,-3.0376108160227693,-1.1115421919413075,5.229423393778778,-3.0376108160227693,-1.1115421919413075,5.229423393778778,65.92955780029297,0.9999999999999996,0.10000000000000142
1756276806.5863013,0,-0.021135860274251128,-0.09825882862831638,0.4938054602737418,0.9955384979123295,-0.0862436606558411,-0.038277018838232243,0.08810703151401766,0.9948551575799215,0.050003664209912466,0.03376759056033084,-0.05315304726269156,0.9980152821447376,-3.048621357326079,-1.93510829357301,5.057607124513818,-3.048621357326079,-1.93510829357301,5.057607124513818,65.1583023071289,0.9999999999999996,0.10000000000000142
1756276806.6191826,0,-0.019880081953217107,-0.09883374708538722,0.4959907664884455,0.9950892252149318,-0.08432369482129302,-0.051835782552513116,0.08660279256917722,0.9952965053071403,0.04341454644025973,0.04793109825954383,-0.04769047090435202,0.9977114957764871,-2.736647315095744,-2.747302260782648,4.973929232995745,-2.736647315095744,-2.747302260782648,4.973929232995745,63.834651947021484,0.9999999999999996,0.10000000000000142
1756276806.650748,0,-0.018009608129373928,-0.09921114736145373,0.49858638568326624,0.9942940094325006,-0.0797236575659459,-0.07087708537284848,0.08251838709290205,0.9958870019639812,0.037413835820167766,0.06760280022475565,-0.043049015592697304,0.9967831477599687,-2.4729502141735686,-3.8763115151358485,4.744215548595504,-2.4729502141735686,-3.8763115151358485,4.744215548595504,63.194091796875,0.9999999999999996,0.10000000000000142
1756276806.6828084,0,-0.01541171372443526,-0.0995635772255339,0.501731429162507,0.9923933436230934,-0.07333939175851384,-0.0988776271411696,0.07506655406656593,0.9970822418888938,0.01385696108058989,0.09757286504529965,-0.021173958682988027,0.9950031153119787,-1.219087025496424,-5.599422296383677,4.325726081053366,-1.219087025496424,-5.599422296383677,4.325726081053366,61.515357971191406,0.9999999999999996,0.10000000000000142
1756276806.715814,0,-0.01200783603350027,-0.09982303338115324,0.5050822335255751,0.9877923868228733,-0.06748482068131556,-0.1403994284617326,0.06641818960657986,0.9977163732685517,-0.01227446948883225,0.14090714894622947,0.002799551653131338,0.9900188573387815,0.16201920349620566,-8.100342436026002,3.84672177598581,0.16201920349620566,-8.100342436026002,3.84672177598581,59.210601806640625,0.9999999999999996,0.10000000000000142
1756276806.7456868,0,-0.007830285263154874,-0.09968736198925195,0.5064893643689329,0.9770775671664705,-0.05498501910420367,-0.20566009679605432,0.05402836590289406,0.9984865976236063,-0.01026888717912047,0.20591348527455666,-0.0010779796588398366,0.978569606385739,-0.06311626629946356,-11.882978828754696,3.164997489735407,-0.06311626629946356,-11.882978828754696,3.164997489735407,58.24925994873047,0.9999999999999996,0.10000000000000142
1756276806.782938,0,-0.0032368818049510976,-0.0995341321072805,0.5083984940162274,0.9647318763307491,-0.052095843302762734,-0.2580279634108018,0.05023244215580608,0.9986420229229427,-0.01381346471516498,0.25839719144451956,0.0003649149866761514,0.9660386939924491,0.02164311611240668,-14.974978388396385,2.9806314269346132,0.02164311611240668,-14.974978388396385,2.9806314269346132,58.39744186401367,0.9999999999999996,0.10000000000000142
1756276806.8099391,0,0.0013846162329154397,-0.09926116312533896,0.509292696766553,0.9544468916663013,-0.05238819012338819,-0.2937458229901005,0.05245999040126348,0.9985938004504122,-0.007640098762455302,0.2937330086926477,-0.008117834538622887,0.9558530328281479,-0.4865878538204827,-17.081578574060465,3.1460259893851963,-0.4865878538204827,-17.081578574060465,3.1460259893851963,56.85706329345703,0.9999999999999996,0.10000000000000142
1756276806.8584213,0,0.005652655334666651,-0.09898517809025353,0.5092686871401033,0.9444226210697365,-0.0508332970531101,-0.3247797541757786,0.055354242049687696,0.9984557667025368,0.004689331034746174,0.32403984430756894,-0.022406647432382756,0.9457780508406649,-1.3571537438215235,-18.907414399472362,3.354367048534261,-1.3571537438215235,-18.907414399472362,3.354367048534261,55.2821044921875,0.9999999999999996,0.10000000000000142
1756276806.891051,0,0.009501182873290338,-0.09896690683242275,0.5111359520312558,0.9358379380048565,-0.05273982895613441,-0.3484621417492809,0.05698342799324302,0.9983732550599115,0.001931971846428536,0.34779339085864924,-0.021664579911786497,0.9373208646201623,-1.3240588886043385,-20.352408298754323,3.4844535846233144,-1.3240588886043385,-20.352408298754323,3.4844535846233144,53.838069915771484,0.9999999999999996,0.10000000000000142
1756276806.9236853,0,0.013249607952008732,-0.09908900974039597,0.5125577072239396,0.9263492940294383,-0.051765893629459436,-0.37309151385136663,0.05851735418767248,0.9982633318653953,0.006785242211903429,0.37209233358137805,-0.028117832593270844,0.9277697358613404,-1.735926595499803,-21.844714913448577,3.6145635235091214,-1.735926595499803,-21.844714913448577,3.6145635235091214,52.29424285888672,0.9999999999999996,0.10000000000000142
1756276806.955782,0,0.016770807736157266,-0.09973504755906856,0.5153249170333655,0.9152092532108057,-0.05098495579763826,-0.3997406122970638,0.0628086323934646,0.9978887708519069,0.01652503266358575,0.39805414020479835,-0.040231023973829244,0.916479332105114,-2.513519839174118,-23.456589616944814,3.9259173139616514,-2.513519839174118,-23.456589616944814,3.9259173139616514,50.761566162109375,0.9999999999999996,0.10000000000000142
1756276806.9896472,0,0.020214408288180902,-0.09994791007903195,0.51674675862593,0.90167884677257,-0.04961153999109061,-0.4295508728690955,0.06526286693455732,0.9976305631880796,0.021771945078862924,0.42745293949436314,-0.047665023788383554,0.9027801670533537,-3.0222986164366272,-25.306025550531672,4.139808262376599,-3.0222986164366272,-25.306025550531672,4.139808262376599,48.93953323364258,0.9999999999999996,0.10000000000000142
1756276807.020316,0,0.02372159915925129,-0.10038043121808618,0.5195268327754314,0.8874853285295967,-0.045280087649394674,-0.4586060458685389,0.061328869786086815,0.997914113707109,0.020154190505106657,0.45673686229105104,-0.04601233885185646,0.8884111116470277,-2.9647979118977585,-27.17674280471529,3.9530884461987985,-2.9647979118977585,-27.17674280471529,3.9530884461987985,45.633636474609375,0.9999999999999996,0.10000000000000142
1756276807.052925,0,0.02732097876397737,-0.10037484917460594,0.5212107534856619,0.8685334263651927,-0.04115514428220293,-0.4939189623667524,0.06076404704660754,0.9978706468731607,0.023704486821204365,0.49189167290456953,-0.05060065422551408,0.8691847651213717,-3.3317833326848847,-29.4649917531953,4.001987370730827,-3.3317833326848847,-29.4649917531953,4.001987370730827,43.8456916809082,0.9999999999999996,0.10000000000000142
1756276807.0845091,0,0.030999021516414486,-0.10018390177778787,0.5234667440894137,0.8484651233151287,-0.0392625328893596,-0.5277929404879865,0.05905281338147941,0.9980404788167964,0.0206873844376743,0.525946479928876,-0.048720182206678134,0.8491211009603827,-3.283870293746399,-31.731981694732497,3.9813416072907497,-3.283870293746399,-31.731981694732497,3.9813416072907497,42.58987045288086,0.9999999999999996,0.10000000000000142
1756276807.1167212,0,0.03442425985682586,-0.0996476578317955,0.5248036069369499,0.8303521558171272,-0.038104593900754075,-0.5559346519632565,0.060790181907595914,0.997899199127979,0.02239960185761422,0.5539132162293023,-0.05239492631349772,0.8309241364788443,-3.608077719750629,-33.63589239708791,4.187160947620721,-3.608077719750629,-33.63589239708791,4.187160947620721,40.10689163208008,0.9999999999999996,0.10000000000000142
1756276807.1477387,0,0.037618460618649215,-0.09911159071704363,0.5265858092860131,0.8169302797608075,-0.04053846597369587,-0.5753099606181253,0.06311767729953584,0.9978191475195982,0.01931599481190454,0.573272253665081,-0.05209204948705099,0.8177073691474215,-3.6451020609025746,-34.97872663639741,4.418010186147103,-3.6451020609025746,-34.97872663639741,4.418010186147103,38.90159606933594,0.9999999999999996,0.10000000000000142
1756276807.179066,0,0.04036588684984225,-0.09861090596372984,0.5281254129339841,0.8051453575717545,-0.04541555435816373,-0.5913360978352267,0.06650014342350673,0.9976893062453202,0.013920457190223758,0.5893374959268289,-0.050531926799524375,0.8063050541008796,-3.5860925057267177,-36.11000898635604,4.721568308377432,-3.5860925057267177,-36.11000898635604,4.721568308377432,36.961116790771484,0.9999999999999996,0.10000000000000142
1756276807.214279,0,0.04254614085668125,-0.09818430428612615,0.5289228544852357,0.7967192431324733,-0.04705489433463933,-0.6025149662386611,0.06975980189601869,0.997460659634168,0.014345818958790911,0.6003099346686237,-0.05346091470715875,0.7979786419051744,-3.8328272885951193,-36.892098307768265,5.003989475348206,-3.8328272885951193,-36.892098307768265,5.003989475348206,35.313995361328125,0.9999999999999996,0.10000000000000142
1756276807.259139,0,0.04433903610649524,-0.0979324407035682,0.5302134962218519,0.7903030379074045,-0.04897800930246671,-0.6107554853450726,0.06893811503916575,0.9975784613123043,0.00920596657726553,0.6088256273919277,-0.04937983526240711,0.7917657401657912,-3.568727863105991,-37.50463653511066,4.98529055468949,-3.568727863105991,-37.50463653511066,4.98529055468949,35.354183197021484,0.9999999999999996,0.10000000000000142
1756276807.2865689,0,0.045662332495352925,-0.09769399148627762,0.5306593865459355,0.7863992686742833,-0.05238702275477199,-0.6154931275615061,0.07180184952658157,0.9973954138482772,0.006847104423547926,0.6135313232697378,-0.04957810284103087,0.788112509154352,-3.59958482276369,-37.84528096907299,5.216901833387775,-3.59958482276369,-37.84528096907299,5.216901833387775,34.60026550292969,0.9999999999999996,0.10000000000000142
1756276807.3230755,0,0.0464728001987567,-0.0974396655542679,0.53065940683541,0.784928802554587,-0.05378159586985414,-0.6172473692660944,0.07321075233551988,0.9972971996136216,0.006203336626020323,0.6152454474944855,-0.05005832187079637,0.7867446877791995,-3.6406594559766376,-37.969757105631324,5.328593517340315,-3.6406594559766376,-37.969757105631324,5.328593517340315,34.79385757446289,0.9999999999999996,0.10000000000000142
1756276807.3542461,0,0.04687211710654953,-0.09747224846077207,0.5315989998089244,0.7858047504101356,-0.05696207735712593,-0.6158459352598059,0.07410679488034781,0.9972476146742406,0.0023190470239296476,0.6140187922086965,-0.04746068657002279,0.7878631899288581,-3.4473179149986795,-37.88065853443807,5.3874523302096975,-3.4473179149986795,-37.88065853443807,5.3874523302096975,34.01560974121094,0.9999999999999996,0.10000000000000142
1756276807.3857653,0,0.04669060900556361,-0.09733398700434989,0.5308373192300346,0.7890357875580224,-0.05939756990342204,-0.6114690954106022,0.07760796086283431,0.9969784951000467,0.0032991997149266414,0.6094255740969564,-0.05005805627083705,0.7912614363400892,-3.61991378288999,-37.54797981257109,5.617428365927394,-3.61991378288999,-37.54797981257109,5.617428365927394,34.28797149658203,0.9999999999999996,0.10000000000000142
1756276807.419474,0,0.04647640039741835,-0.0974369168552863,0.5310472459931611,0.7943190158473366,-0.061228365933996234,-0.6044074687397332,0.08041807929115423,0.9967500817559294,0.004712434898147235,0.6021546591918396,-0.05234846439581864,0.79666141157267,-3.7594897185136813,-37.02437010508937,5.781015060281105,-3.7594897185136813,-37.02437010508937,5.781015060281105,34.75390625,0.9999999999999996,0.10000000000000142
1756276807.4525497,0,0.045482620328071446,-0.09745153855765554,0.5295348675754377,0.7987253797715814,-0.059925197431086874,-0.5987042161381428,0.08096765195012735,0.9966825136981897,0.008258706069412227,0.5962231185105337,-0.055072112735060116,0.800927621793924,-3.933489991890147,-36.59987464475493,5.788361665044691,-3.933489991890147,-36.59987464475493,5.788361665044691,35.20108413696289,0.9999999999999996,0.10000000000000142
1756276807.4785876,0,0.04429346130621801,-0.09772017287083762,0.5295849241181507,0.8062377246277533,-0.061884193461263504,-0.5883460529201431,0.0798889113738879,0.9967930226386996,0.004629455507931198,0.5861727503275447,-0.05073476735389395,0.8085959993439173,-3.590275461501211,-35.88588271950199,5.658882192813854,-3.590275461501211,-35.88588271950199,5.658882192813854,35.984649658203125,0.9999999999999996,0.10000000000000142
1756276807.505991,0,0.04274337284832504,-0.0979742677495582,0.5291995377845226,0.8163846235574568,-0.06267904354789813,-0.5740971032141425,0.07762118527547118,0.996981749066395,0.0015308902450237513,0.5722683793600517,-0.04581189287108774,0.8187857915573449,-3.202417838086714,-34.908558704599685,5.4313088946548005,-3.202417838086714,-34.908558704599685,5.4313088946548005,37.41756057739258,0.9999999999999996,0.10000000000000142
1756276807.5489843,0,0.040858809321537876,-0.09812485626901747,0.5283808247058961,0.8276639885753228,-0.06352574882729135,-0.5576170740315605,0.07700909767417971,0.997030131355423,0.0007183625798546506,0.5559153900468988,-0.04353615055697248,0.8300979958436744,-3.002241088505434,-33.77378774236848,5.315719188203545,-3.002241088505434,-33.77378774236848,5.315719188203545,39.3013916015625,0.9999999999999996,0.10000000000000142
1756276807.5792153,0,0.03866362345787142,-0.09824892979724771,0.5274790184879266,0.8388686302378655,-0.0623908826399903,-0.5407465200685534,0.07459953865537744,0.9972133473839474,0.0006697997510986473,0.5391978579661201,-0.04090131492635264,0.841185325836134,-2.7837248499297846,-32.62905024314229,5.081873818414934,-2.7837248499297846,-32.62905024314229,5.081873818414934,39.7788200378418,0.9999999999999996,0.10000000000000142
1756276807.6102767,0,0.036194998205971066,-0.09838323567244707,0.5268367258346719,0.8521356879766673,-0.06525545940759284,-0.5192364531637166,0.07281760892027732,0.9973281951241473,-0.005836697828916774,0.5182300310746821,-0.0328358984636715,0.8546106942136973,-2.200339221818924,-31.21360019755456,4.884234610599179,-2.200339221818924,-31.21360019755456,4.884234610599179,41.269168853759766,0.9999999999999996,0.10000000000000142
1756276807.6609354,0,0.033369278388784666,-0.09843542223128812,0.5255590679586188,0.8653906447939804,-0.06691562953932194,-0.4966098372227603,0.07283912311911069,0.9973158477918216,-0.007453984606826525,0.495775648904118,-0.02972201653044413,0.8679418803624266,-1.9612844460607708,-29.720910517120007,4.8111921654769185,-1.9612844460607708,-29.720910517120007,4.8111921654769185,43.011016845703125,0.9999999999999996,0.10000000000000142
1756276807.6879349,0,0.030241214852036555,-0.09857122760406521,0.5243726960153623,0.8815816454017625,-0.06725909811973863,-0.46721517121219497,0.07238679819960356,0.997352135615139,-0.006990638764198568,0.4664482328588363,-0.027657391490178866,0.8841160075232366,-1.7917730056416883,-27.803989523023933,4.69403457896811,-1.7917730056416883,-27.803989523023933,4.69403457896811,45.35065460205078,0.9999999999999996,0.10000000000000142
1756276807.71947,0,0.02684057477989971,-0.09875097597429612,0.5229429945968775,0.8965902200074015,-0.07183708401815864,-0.4369958932837325,0.07176460795406947,0.9972817606037091,-0.01670122786999046,0.43700780134029416,-0.016386681388696978,0.8993084333201747,-1.0438952419159144,-25.913122370363922,4.576295453544674,-1.0438952419159144,-25.913122370363922,4.576295453544674,47.244956970214844,0.9999999999999996,0.10000000000000142
1756276807.7477305,0,0.023299150662011197,-0.09877691511676279,0.5216892665851395,0.9144710106646029,-0.07614024451574539,-0.39742349429688073,0.07626191081246697,0.9969669479340343,-0.015525001975132945,0.39740016559293434,-0.01611111083007792,0.9175039730129397,-1.0059943295224856,-23.415750561146936,4.76712571128618,-1.0059943295224856,-23.415750561146936,4.76712571128618,49.90276336669922,0.9999999999999996,0.10000000000000142
1756276807.7864327,0,0.01938047723411796,-0.0983531262620755,0.5195277099321867,0.9299307585995563,-0.08577597917203532,-0.3575909193583243,0.08310993302759556,0.9962784265345289,-0.022848103948289972,0.3582199369697359,-0.008472202721951844,0.9335987888479915,-0.5199322669688842,-20.990916435640386,5.107079779680983,-0.5199322669688842,-20.990916435640386,5.107079779680983,53.42093276977539,0.9999999999999996,0.10000000000000142
1756276807.8127549,0,0.015242013319378798,-0.09770960766813361,0.5173234152830397,0.9468269579991595,-0.0928188102935957,-0.3080639220384944,0.0882164103819503,0.9956830040823386,-0.02886555596022514,0.30941327790736683,0.00015439317035351174,0.9509276521467696,0.009302576225646002,-18.02387545995042,5.322913806492207,0.009302576225646002,-18.02387545995042,5.322913806492207,55.438926696777344,0.9999999999999996,0.10000000000000142
1756276807.8499594,0,0.010834309973959066,-0.09706534520561955,0.5158929118885033,0.9617423579687396,-0.10233345425936971,-0.25412497128002454,0.09401640503485671,0.9945669134557868,-0.04469418578911526,0.25731799873512456,0.01909237539898253,0.9661381519889248,1.1321053461144677,-14.910980992770916,5.583285145792122,1.1321053461144677,-14.910980992770916,5.583285145792122,57.70603942871094,0.9999999999999996,0.10000000000000142
1756276807.8852026,0,0.006086805797652493,-0.096497052569194,0.5143281449501786,0.973443252529272,-0.10851579104475037,-0.20157518993954887,0.09956316562988152,0.9935613894443077,-0.054064234529438614,0.20614414897102928,0.03255900028301594,0.9779798062054147,1.9067924842843773,-11.89648463977229,5.839869148263246,1.9067924842843773,-11.89648463977229,5.839869148263246,59.596038818359375,0.9999999999999996,0.10000000000000142
1756276807.9158082,0,0.0013068886496873625,-0.09617542889232261,0.5137032759286836,0.9851712220502924,-0.1137536594194521,-0.12844363827227004,0.10711429992395145,0.992583285376605,-0.05748868012737173,0.13403055620169685,0.042878042861921685,0.9900491318336656,2.4798735049873564,-7.702565398000193,6.205199366637725,2.4798735049873564,-7.702565398000193,6.205199366637725,60.78181838989258,0.9999999999999996,0.10000000000000142
1756276807.947701,0,-0.0033372383931037177,-0.09528739733040817,0.5100688161060047,0.9905381600839948,-0.11513465996063166,-0.07468710392807962,0.11244636235233543,0.9928816550921183,-0.039266201436645484,0.07867635611250261,0.03049637777319895,0.9964336415093445,1.753020373719841,-4.512486702285221,6.476518322820817,1.753020373719841,-4.512486702285221,6.476518322820817,61.87361526489258,0.9999999999999996,0.10000000000000142
1756276807.979815,0,-0.007523922062771289,-0.09460000961160508,0.5067048507508981,0.9920735755834483,-0.11258419113338008,-0.05581057727630012,0.111670337821275,0.9935590181254996,-0.019240923896101558,0.05761732621315959,0.012856026148689682,0.9982559623221444,0.7378421453683672,-3.303058899199655,6.422326128483129,0.7378421453683672,-3.303058899199655,6.422326128483129,64.1642837524414,0.9999999999999996,0.10000000000000142
1756276808.009124,0,-0.011382418727155518,-0.09404500452174029,0.5035138157252441,0.993446360115192,-0.11407381157300739,-0.007176007739836691,0.11413662406073072,0.9934238015929775,0.009054362295395298,0.006095951270770529,-0.009814068563183325,0.999933259491023,-0.5623241839889978,-0.3492744431645922,6.553951673113195,-0.5623241839889978,-0.3492744431645922,6.553951673113195,65.19063568115234,0.9999999999999996,0.10000000000000142
1756276808.058901,0,-0.014865359770835383,-0.09364777698225792,0.5021611155071868,0.9936676554860161,-0.1119015340778943,0.01013099757859854,0.11169431253318471,0.9935586456513464,0.019120622353913513,-0.01220536720721644,-0.01786796917602983,0.9997658549324744,-1.023889980960583,0.6993333925116334,6.4134742222682615,-1.023889980960583,0.6993333925116334,6.4134742222682615,67.16712188720703,0.9999999999999996,0.10000000000000142
1756276808.0933573,0,-0.018027234345115568,-0.09335226669987015,0.5019012074604867,0.993566485160491,-0.1094480604998036,0.029099168693606823,0.10910972680479336,0.9939450159846412,0.012975851258189132,-0.03034315544584954,-0.009717368580158274,0.9994923039550963,-0.5570294678894016,1.7388016349577415,6.2668949827659315,-0.5570294678894016,1.7388016349577415,6.2668949827659315,69.02439880371094,0.9999999999999996,0.10000000000000142
1756276808.1244516,0,-0.020919019573710503,-0.09273991115798132,0.5000925575646814,0.9931428230848857,-0.10578101253980027,0.04977660435423623,0.1044899535094706,0.9941353999941491,0.027868550268399087,-0.05243264794545672,-0.022476295614007453,0.9983714907612795,-1.2896796329986104,3.005547643385136,6.006073313382673,-1.2896796329986104,3.005547643385136,6.006073313382673,69.00750732421875,0.9999999999999996,0.10000000000000142
1756276808.1560512,0,-0.023640785208114416,-0.09224972348936632,0.5000522083447122,0.9935293935874209,-0.09854497713509647,0.05646442737914015,0.09751686725971748,0.9950187929258655,0.0206896670878146,-0.05822202914414365,-0.0150495583256545,0.9981902153981179,-0.8637740945418017,3.337764086999528,5.605738110550762,-0.8637740945418017,3.337764086999528,5.605738110550762,69.65245819091797,0.9999999999999996,0.10000000000000142
1756276808.1837957,0,-0.02588978176743288,-0.0914929325145725,0.4992525745080922,0.9940048419697957,-0.0910674221087368,0.06050701423033661,0.08988542781191639,0.9957094678279222,0.021983301501475486,-0.062249369536323484,-0.016412809275232993,0.9979256664120956,-0.9422544735042504,3.5689336142213404,5.167063910600846,-0.9422544735042504,3.5689336142213404,5.167063910600846,68.53562927246094,0.9999999999999996,0.10000000000000142
1756276808.2183475,0,-0.02766020756000693,-0.09097003559588845,0.4987955451497609,0.9946024933151174,-0.08428307994830489,0.060516466567203754,0.0830933290332726,0.9963006864124905,0.021918962661767766,-0.06213999486256933,-0.016772140245875478,0.9979265084915083,-0.9628789024832213,3.5626547513788998,4.7756433274220775,-0.9628789024832213,3.5626547513788998,4.7756433274220775,69.66986846923828,0.9999999999999996,0.10000000000000142
1756276808.2515388,0,-0.02870242560431942,-0.09071994642632858,0.4984198049064237,0.9950774073437583,-0.07744751289744245,0.06182908813838875,0.07627300673104281,0.9968628651896438,0.021138979400632963,-0.06327228333346652,-0.016319030360121396,0.9978628700427103,-0.9369305640106756,3.627658029739934,4.3831694272793795,-0.9369305640106756,3.627658029739934,4.3831694272793795,69.15867614746094,0.9999999999999996,0.10000000000000142
1756276808.2825985,0,-0.029053851820799854,-0.0905722119808414,0.4984900862573058,0.9960445074642408,-0.07138625544948901,0.052908805346728066,0.0702463774084891,0.9972621278123774,0.023101837418549175,-0.05441310146740205,-0.019293806364459234,0.9983320907517041,-1.1071627257601215,3.1191815621382726,4.034124829280651,-1.1071627257601215,3.1191815621382726,4.034124829280651,69.1028823852539,0.9999999999999996,0.10000000000000142
1756276808.3171678,0,-0.028788141871958366,-0.0906168741503258,0.4991017700428129,0.9965818877305659,-0.07032849394546514,0.04334101967817557,0.06949793528211212,0.9973738384729665,0.020382917387436264,-0.0446606990418276,-0.017301134906772812,0.9988523878391806,-0.9923216952533855,2.559720973785878,3.9891375425235296,-0.9923216952533855,2.559720973785878,3.9891375425235296,69.45246124267578,0.9999999999999996,0.10000000000000142
1756276808.3472812,0,-0.02800796176257623,-0.09089130046997881,0.500503279365714,0.9971477422453953,-0.07053993630509947,0.026842084885183054,0.0702739424288748,0.9974700379542695,0.010728298980340664,-0.027530948955930556,-0.008811399978487943,0.9995821157263695,-0.5050540083756941,1.577606515951708,4.031252276120982,-0.5050540083756941,1.577606515951708,4.031252276120982,69.27452087402344,0.9999999999999996,0.10000000000000142
1756276808.3785226,0,-0.026839135136661987,-0.09126555480136977,0.5009733081956073,0.9968550609745831,-0.07237755055691886,0.03227193184085806,0.07201569731007001,0.9973284049519872,0.012238954892891212,-0.03307153988408629,-0.009876378450955795,0.9994041877030478,-0.5661937274200641,1.8952052372527823,4.132034651769852,-0.5661937274200641,1.8952052372527823,4.132034651769852,69.42111206054688,0.9999999999999996,0.10000000000000142
1756276808.4102325,0,-0.025334292342869658,-0.0918277946847991,0.5012995566792633,0.9958781984538783,-0.07977745366491606,0.043152887863971666,0.07877673940138646,0.9965932322115703,0.02441628225961259,-0.04495374482225473,-0.020916199387967026,0.9987700803636532,-1.199710348019137,2.5765281405120626,4.5228379294336944,-1.199710348019137,2.5765281405120626,4.5228379294336944,69.52188873291016,0.9999999999999996,0.10000000000000142
1756276808.4576547,0,-0.023689039544440002,-0.09258709982713745,0.5022884274094696,0.995884392018946,-0.08568502510389625,0.02953564297588864,0.08480088004982866,0.9959464399849416,0.029991655907874573,-0.03198575426387618,-0.027363573492262195,0.9991136804037389,-1.568815918569717,1.8329613614508584,4.8670711577478185,-1.568815918569717,1.8329613614508584,4.8670711577478185,69.68517303466797,0.9999999999999996,0.10000000000000142
1756276808.4904366,0,-0.022331329870611257,-0.09315968786742532,0.502887789632812,0.9948961496072866,-0.0939763457493416,0.036743678860390774,0.09290291506910969,0.9952258767801867,0.029908235634539395,-0.039378926702706256,-0.02634199359785716,0.9988770692657998,-1.5106316544592346,2.256829835917852,5.334781757095694,-1.5106316544592346,2.256829835917852,5.334781757095694,69.48943328857422,0.9999999999999996,0.10000000000000142
1756276808.523625,0,-0.0212296934630287,-0.09348772856747468,0.5030331310370637,0.9942000782295782,-0.10175670054319563,0.03481060675805366,0.10040765928788598,0.9942000893687288,0.038529005379569506,-0.038529292812472665,-0.03481028861950859,0.9986509587446443,-1.9963686066274287,2.2081124219163466,5.766942411336469,-1.9963686066274287,2.2081124219163466,5.766942411336469,69.22977447509766,0.9999999999999996,0.10000000000000142
1756276808.5544932,0,-0.020610612160329188,-0.09379962798118786,0.5033044934824585,0.9933055832962455,-0.10783084261073794,0.041430997747635964,0.10599414513085642,0.9933823754700601,0.044234571360411326,-0.0459266740629593,-0.03954700351883363,0.9981616978837627,-2.2688627588052395,2.632330522487418,6.090897841614986,-2.2688627588052395,2.632330522487418,6.090897841614986,69.29087829589844,0.9999999999999996,0.10000000000000142
1756276808.584908,0,-0.020572603534533187,-0.09403877642871988,0.5037143763565074,0.9930860628656772,-0.10976822950809872,0.04160537864995291,0.10789317074991428,0.9931472582840878,0.04491755857489954,-0.046250788614665084,-0.040118065175891206,0.9981239429044194,-2.301677287860376,2.6509206732882107,6.200541724431948,-2.301677287860376,2.6509206732882107,6.200541724431948,69.29812622070312,0.9999999999999996,0.10000000000000142
1756276808.6199923,0,-0.021040527007426608,-0.09418980294945137,0.5047999386808333,0.9924035057003231,-0.11107736562542557,0.052887623499498,0.1091543241153268,0.9932994915651536,0.037966479733227754,-0.05675046608297867,-0.031905154789201896,0.9978784724089611,-1.8312933204494752,3.2533100648389004,6.276724538840254,-1.8312933204494752,3.2533100648389004,6.276724538840254,69.10216522216797,0.9999999999999996,0.10000000000000142
1756276808.6505961,0,-0.021815272353109212,-0.09370921668246655,0.5045100860847486,0.9928221928211449,-0.10850577832422514,0.05030496508364459,0.10643265350159226,0.9934234812653719,0.04221228659051019,-0.05455441054967574,-0.036555204018627704,0.9978414369772053,-2.098051469035895,3.127290020007043,6.118861070569564,-2.098051469035895,3.127290020007043,6.118861070569564,69.1633071899414,0.9999999999999996,0.10000000000000142
1756276808.683007,0,-0.02282850203774752,-0.09321095301302315,0.5045094000021595,0.9930811811125041,-0.10522927941570026,0.052120691417582854,0.10323905341194696,0.993871311676399,0.03951599267687999,-0.05595949937945807,-0.033861697835261585,0.9978586672715299,-1.9435499603974429,3.20791887389567,5.9350536800036755,-1.9435499603974429,3.20791887389567,5.9350536800036755,69.04430389404297,0.9999999999999996,0.10000000000000142
1756276808.7147934,0,-0.0239652805481814,-0.09287438258679892,0.5045738908093084,0.9936524776768078,-0.09969085338813297,0.05211993243939604,0.09796799239955291,0.994586765384449,0.0346329119090645,-0.055290379560485575,-0.029306993582516594,0.9980401164558526,-1.6819811437882304,3.169521682508838,5.630811542559038,-1.6819811437882304,3.169521682508838,5.630811542559038,69.26982879638672,0.9999999999999996,0.10000000000000142
1756276808.74772,0,-0.025127865037637025,-0.0925856759916249,0.5042703000229983,0.993317193147998,-0.09551278750934455,0.06479399060697795,0.09355039820602801,0.9950780611706769,0.03267988941690601,-0.06759642588240847,-0.026399992405347628,0.9973634059904753,-1.5162527660787015,3.8759454548702688,5.380234304482379,-1.5162527660787015,3.8759454548702688,5.380234304482379,68.87451171875,0.9999999999999996,0.10000000000000142
1756276808.7738378,0,-0.02641190675420101,-0.09242629508099524,0.5043990951112589,0.9932283050230167,-0.09363339472254584,0.06877733270371793,0.091893468890347,0.9953737638687602,0.02804747006481157,-0.07108533235770098,-0.02153735346948643,0.9972376937967826,-1.2372252458435442,4.076327489025008,5.285956489969233,-1.2372252458435442,4.076327489025008,5.285956489969233,68.58055114746094,0.9999999999999996,0.10000000000000142
1756276808.8096666,0,-0.028011036558698847,-0.0924221616960168,0.5045979907278406,0.9934986517227815,-0.08802521011739955,0.07219412309047675,0.08609255274979077,0.9958513419951827,0.02946484358380207,-0.07448826341135717,-0.023057906023338258,0.9969552806338804,-1.3249192179465228,4.271819711041579,4.952647076944615,-1.3249192179465228,4.271819711041579,4.952647076944615,69.23328399658203,0.9999999999999996,0.10000000000000142
1756276808.858738,0,-0.030450543832490833,-0.09264675083890757,0.5059703040796852,0.9913112948384264,-0.08867189027827999,0.09715561023553668,0.08743565460261193,0.9960265128856214,0.016917208195247585,-0.09826964449908002,-0.00827535518182175,0.9951254169533804,-0.4764545138037983,5.639537606701639,5.040559092890273,-0.4764545138037983,5.639537606701639,5.040559092890273,67.86603546142578,0.9999999999999996,0.10000000000000142
1756276808.8906531,0,-0.03381050628945495,-0.0927829992971094,0.50699942449925,0.9877507725379404,-0.09034722663041381,0.12722338617917195,0.09004227213840271,0.9959045316904112,0.00815800138859193,-0.12743939963314294,0.0033974105867668296,0.9918405401184451,0.19625788492825436,7.321649949480045,5.208624173310739,0.19625788492825436,7.321649949480045,5.208624173310739,65.60958862304688,0.9999999999999996,0.10000000000000142
1756276808.9207935,0,-0.03812348454740246,-0.09262235775290083,0.5070883698025257,0.9783164216462477,-0.09363453541551602,0.18474185479961405,0.09433661122840864,0.9955277739912751,0.005005496370646145,-0.18438433479886865,0.012530961235952492,0.9827743342656451,0.7305159100183791,10.625239899992161,5.507859986985817,0.7305159100183791,10.625239899992161,5.507859986985817,61.4158935546875,0.9999999999999996,0.10000000000000142
1756276808.9568927,0,-0.042775063786705675,-0.09234934384843545,0.5073425336457875,0.9713557088093373,-0.09141314685566622,0.21934384774926993,0.09438099232901546,0.9955314250312101,-0.003067582487381792,-0.21808327595324872,0.023681603773202428,0.9756427965153169,1.3904572189992392,12.596479471037554,5.549677245591426,1.3904572189992392,12.596479471037554,5.549677245591426,60.55708312988281,0.9999999999999996,0.10000000000000142
1756276808.9849453,0,-0.047948520275433185,-0.09215380334221311,0.508038272483611,0.9593326045795876,-0.0930712993988737,0.2664933151483357,0.09776603170389363,0.995199815353038,-0.004373850266494053,-0.26480701810076374,0.03024997106586476,0.9638268425475066,1.7976537336911167,15.355486100796204,5.818950308365742,1.7976537336911167,15.355486100796204,5.818950308365742,62.21012496948242,0.9999999999999996,0.10000000000000142
1756276809.0195286,0,-0.05339540803238029,-0.09217382034081517,0.5093171548360981,0.9443009117055815,-0.09294667663858668,0.3156844998631546,0.10095801816629636,0.9948492393300792,-0.009081275917912524,-0.31321441014094775,0.04044633860073728,0.9488207559775728,2.4409271447531244,18.253052968438944,6.1024813617500016,2.4409271447531244,18.253052968438944,6.1024813617500016,65.62078857421875,0.9999999999999996,0.10000000000000142
1756276809.0502696,0,-0.059254377235436875,-0.09238516568354042,0.5113772707875115,0.9281620978022604,-0.08843199194958987,0.3615175002723035,0.10178246581661346,0.9946435701192592,-0.01801383003985136,-0.35798805825836877,0.05351589689281511,0.9321912888051253,3.2856702121912638,20.97668709871168,6.258062930597037,3.2856702121912638,20.97668709871168,6.258062930597037,70.39704895019531,0.9999999999999996,0.10000000000000142
1756276809.081695,0,-0.06546436382408041,-0.0925848568141544,0.5127555124158185,0.9061006494051292,-0.08736618729239666,0.4139429459063085,0.10073015431534779,0.9948581632114846,-0.010520033416143347,-0.41089542362894405,0.05122874592902326,0.9102420372798271,3.2212286803332857,24.261096333108437,6.343458772549106,3.2212286803332857,24.261096333108437,6.343458772549106,67.94517517089844,0.9999999999999996,0.10000000000000142
1756276809.1134574,0,-0.07192034003525004,-0.09278097544319286,0.5157677489471517,0.8878861603786249,-0.08044142039275222,0.4529760966025689,0.0991543781652092,0.9949151103423085,-0.017672931370403863,-0.44925112743183404,0.06060611435943426,0.8913474762422774,3.8897715940018305,26.695647209927863,6.372084534192297,3.8897715940018305,26.695647209927863,6.372084534192297,68.5331039428711,0.9999999999999996,0.10000000000000142
1756276809.1471412,0,-0.07806430238464435,-0.09253246850218165,0.5172033319849502,0.8687888827124413,-0.07237260553315339,0.48986537257047497,0.09318262241615738,0.995482870815086,-0.01818935934557287,-0.48633617607054025,0.06144965323008017,0.8716083202694817,4.032762997433385,29.100052172898486,6.12189961591742,4.032762997433385,29.100052172898486,6.12189961591742,66.09332275390625,0.9999999999999996,0.10000000000000142
1756276809.1823921,0,-0.08401881784466074,-0.09188891811907739,0.5188293900412925,0.8496355477706251,-0.06431840576731598,0.5234334519727039,0.08762149281332873,0.9959561300537496,-0.019845931712120034,-0.5200402964787187,0.06272582951152762,0.8518354068424351,4.211436353876066,31.33495454432423,5.888002915640889,4.211436353876066,31.33495454432423,5.888002915640889,64.09940338134766,0.9999999999999996,0.10000000000000142
1756276809.2114503,0,-0.08932650999251145,-0.0908545098506227,0.5198491684879201,0.833371123151158,-0.0562067568667215,0.5498484987524321,0.08520143276289752,0.995989061413347,-0.027322251007351757,-0.5461073950725512,0.06961745490525001,0.8348174189723092,4.7670044301780745,33.100371663242285,5.837471183365212,4.7670044301780745,33.100371663242285,5.837471183365212,61.95933532714844,0.9999999999999996,0.10000000000000142
1756276809.2584858,0,-0.09393977867817434,-0.08997204301957729,0.5218294598856564,0.8224424933997669,-0.0451051789841837,0.5670571998301221,0.08287070874900382,0.9957169076740904,-0.040991284480793796,-0.56277952226588,0.08070540626719094,0.8226577944184541,5.6029734880166355,34.248239019246874,5.7538003073334405,5.6029734880166355,34.248239019246874,5.7538003073334405,59.281768798828125,0.9999999999999996,0.10000000000000142
1756276809.2893288,0,-0.09743546869980188,-0.0889473204158051,0.5219496511067666,0.8121756467445495,-0.03572449567362157,0.5823181941549976,0.07895391812465083,0.9956715041079871,-0.04903605530733249,-0.5780458438980752,0.08580219295684248,0.8114807367004829,6.0357622942402385,35.31321476262134,5.552439687229861,6.0357622942402385,35.31321476262134,5.552439687229861,55.90730285644531,0.9999999999999996,0.10000000000000142
1756276809.3222847,0,-0.10033091521811131,-0.0884606557894061,0.5226496119741457,0.804695984245646,-0.028303017271766207,0.5930120674592088,0.07277498843744762,0.9960325506018939,-0.05121483378295644,-0.5892097877639683,0.08436881743156413,0.8035631454019895,5.993718263159621,36.10095237641587,5.167649937895772,5.993718263159621,36.10095237641587,5.167649937895772,53.27635955810547,0.9999999999999996,0.10000000000000142
1756276809.3545165,0,-0.10247900164284324,-0.088154756271455,0.5233010959825504,0.8004952879945783,-0.02516350861758221,0.5988105641457317,0.07442470431108852,0.9955585248761984,-0.057655762370592015,-0.5947001406479433,0.0907194652782962,0.7988126947745238,6.479199934978224,36.49125875781642,5.311709072908311,6.479199934978224,36.49125875781642,5.311709072908311,49.002471923828125,0.9999999999999996,0.10000000000000142
1756276809.387926,0,-0.1038504194269863,-0.08798108116934186,0.5237146687216648,0.7982730141870829,-0.017747078802644867,0.6020342482073943,0.07059072678169162,0.9954335975922349,-0.06425653334107603,-0.5981447518060342,0.09379229167982282,0.7958805575639756,6.72114698720658,36.73714051446817,5.053480935986247,6.72114698720658,36.73714051446817,5.053480935986247,48.65314483642578,0.9999999999999996,0.10000000000000142
1756276809.4144535,0,-0.1048973770438911,-0.08798820765260758,0.5241809805026679,0.8006785763640485,-0.016712906967743135,0.5988609989741595,0.06880045623350473,0.9955624289715002,-0.06420239280921614,-0.595130502136886,0.09260739042352316,0.7982753639348035,6.617265390408226,36.521935859355835,4.911229918022223,6.617265390408226,36.521935859355835,4.911229918022223,47.33942413330078,0.9999999999999996,0.10000000000000142
1756276809.453119,0,-0.10494944835679472,-0.08790057225916094,0.5234381088879569,0.8016806851218247,-0.0126119088757633,0.5976194599049729,0.0656538341378975,0.9955864351955267,-0.06706134592786675,-0.5941360561063396,0.09299779464682487,0.7989704356390364,6.639183613607811,36.45106797521419,4.681803724718944,6.639183613607811,36.45106797521419,4.681803724718944,47.87388229370117,0.9999999999999996,0.10000000000000142
1756276809.4787917,0,-0.10465050029091913,-0.087983840477717,0.5227748318957898,0.804418096084033,-0.014454818549845705,0.5938876871204097,0.06549254433786228,0.9957680223682728,-0.06447303517698122,-0.5904424216879169,0.09075849188627008,0.8019604995396207,6.456736184878805,36.18841007354311,4.654529896931881,6.456736184878805,36.18841007354311,4.654529896931881,48.05595779418945,0.9999999999999996,0.10000000000000142
1756276809.5143592,0,-0.10422201092620485,-0.08827607522419384,0.5229944017080395,0.8123838834421423,-0.013367129418433488,0.5829697640311844,0.06350749052381799,0.9958186533258621,-0.06566588410760124,-0.5796544009759876,0.09036885270587755,0.8098359376378602,6.367242336702154,35.42623871579861,4.4699630289118755,6.367242336702154,35.42623871579861,4.4699630289118755,50.172340393066406,0.9999999999999996,0.10000000000000142
1756276809.5466397,0,-0.10339547683110067,-0.08815584750387138,0.5211439045816786,0.8151498772025588,-0.015049002665607047,0.5790545787880658,0.06328994928055282,0.9959913962217033,-0.06321013346296867,-0.5757821289487186,0.08817406745246488,0.8128347149403559,6.191079709987533,35.15442358065014,4.439657818602409,6.191079709987533,35.15442358065014,4.439657818602409,50.49412155151367,0.9999999999999996,0.10000000000000142
1756276809.5779228,0,-0.10266142420127974,-0.08810403053603771,0.5199300716914159,0.818933329203001,-0.019448356894869734,0.5735590324758024,0.06291092748251231,0.996444703560193,-0.05603720148373233,-0.570430028595777,0.08197386266931742,0.817245292623514,5.727899913417137,34.78021840080426,4.39286680633667,5.727899913417137,34.78021840080426,4.39286680633667,51.93156433105469,0.9999999999999996,0.10000000000000142
1756276809.6114542,0,-0.10199167662382702,-0.08819309787462984,0.5196838160793664,0.824939982620628,-0.021286247929465263,0.5648193699962522,0.06205681813226621,0.9966604024132265,-0.053075357604101744,-0.561803325370344,0.07883487750094989,0.8235059718619128,5.468306328474266,34.1806016725723,4.302021447427519,5.468306328474266,34.1806016725723,4.302021447427519,52.43778610229492,0.9999999999999996,0.10000000000000142
1756276809.6600456,0,-0.10155077172545428,-0.08818178712666176,0.5197230289284018,0.8270067072674744,-0.015474241468242889,0.5619790511981675,0.059875125520729766,0.9963600094310802,-0.06067702160104879,-0.5589945218680473,0.08382887007159168,0.8249229328028366,5.802492343824096,33.98629071599862,4.140978132518394,5.802492343824096,33.98629071599862,4.140978132518394,54.242584228515625,0.9999999999999996,0.10000000000000142
1756276809.690175,0,-0.10097588856995016,-0.08813098529184298,0.51936027150509,0.8297929547266114,-0.01747852906726169,0.5577975917012592,0.06705430191720008,0.9953909261009262,-0.06856110289615994,-0.5540283141505286,0.09429424827414315,0.8271403882424901,6.503658752942754,33.64381352503636,4.619945830114947,6.503658752942754,33.64381352503636,4.619945830114947,55.810890197753906,0.9999999999999996,0.10000000000000142
1756276809.7226386,0,-0.09998632174567358,-0.08805984520519133,0.5183786416683624,0.8361348376900799,-0.020934278973487763,0.5481243373221487,0.062053582747996994,0.9964665488675776,-0.05660185382191439,-0.5450026477634048,0.08133986078055494,0.8344794431135365,5.567248594215706,33.02484457071901,4.244413921648148,5.567248594215706,33.02484457071901,4.244413921648148,56.8251838684082,0.9999999999999996,0.10000000000000142
1756276809.7544167,0,-0.09912262636616354,-0.08821521112517089,0.5184869664010096,0.8400680578072026,-0.018147340458513572,0.542177399276581,0.06295572838638264,0.9959486112551115,-0.06421012383069954,-0.5388155848853802,0.08807404710410754,0.8378070945697041,6.001148069816281,32.603046923032174,4.285804526901105,6.001148069816281,32.603046923032174,4.285804526901105,58.819557189941406,0.9999999999999996,0.10000000000000142
1756276809.7863343,0,-0.097816344437511,-0.08886863616415393,0.5193969233097032,0.8461363868855196,-0.023252079298563433,0.5324589708105321,0.06600573816304373,0.9959284135246049,-0.061399003769731064,-0.5288633635617705,0.08709727861797442,0.8442260400742644,5.890263248893486,31.92868900762606,4.460518332920005,5.890263248893486,31.92868900762606,4.460518332920005,60.117950439453125,0.9999999999999996,0.10000000000000142
1756276809.8172436,0,-0.09619992329882168,-0.0898124761970902,0.5197853529521858,0.855007632188719,-0.02201206167301789,0.5181480657494956,0.06041791609235503,0.9965235697449746,-0.05736244727858984,-0.5150840944099299,0.08035075658408641,0.853365180683081,5.378970411941802,31.003076138867627,4.042007187059975,5.378970411941802,31.003076138867627,4.042007187059975,61.55040740966797,0.9999999999999996,0.10000000000000142
1756276809.8526123,0,-0.09383282247183668,-0.09033794307832475,0.5184158461334839,0.8614116506848912,-0.02631550983949016,0.5072252576579942,0.05755936786959026,0.9972812209085693,-0.046011798416987944,-0.5046354002988535,0.06883066442364222,0.8605843668114218,4.572857170452841,30.30715241455913,3.8228107206939685,4.572857170452841,30.30715241455913,3.8228107206939685,63.264915466308594,0.9999999999999996,0.10000000000000142
1756276809.8824992,0,-0.09145342089751819,-0.0913092793903677,0.5187528628826885,0.8701932661481795,-0.030020724780970898,0.4917951155044031,0.06042450240809699,0.9971099749382898,-0.04604972733141048,-0.4889913691049136,0.06978863777283936,0.8694923731573001,4.588931323066802,29.274308730303748,3.9721299405994546,4.588931323066802,29.274308730303748,3.9721299405994546,65.44019317626953,0.9999999999999996,0.10000000000000142
1756276809.915303,0,-0.08846618781403436,-0.09202126846590243,0.5177567714465933,0.8808625997069675,-0.03217581334213443,0.4722772464064455,0.05659872103660579,0.997689011388879,-0.037592836164644185,-0.46997623898927354,0.05984441151564135,0.8806480461545599,3.8875562397497294,28.032754167513872,3.6764145630981493,3.8875562397497294,28.032754167513872,3.6764145630981493,66.17570495605469,0.9999999999999996,0.10000000000000142
1756276809.946211,0,-0.08518421933764685,-0.09257915519047785,0.5166650164186404,0.8919560635644207,-0.03391522690717852,0.45084824282068164,0.053874362624179106,0.9980505603619508,-0.03150606311543806,-0.4489008061058703,0.05239118575705376,0.8920444102915895,3.3612110076618484,26.673182657138227,3.456479766189765,3.3612110076618484,26.673182657138227,3.456479766189765,67.61699676513672,0.9999999999999996,0.10000000000000142
1756276809.9771013,0,-0.08191790419985755,-0.09325773563905453,0.5165426761651726,0.9049457107975694,-0.03735753753040921,0.42388403472971903,0.057809809325421735,0.9976966231753046,-0.03548906944896791,-0.4215818858239048,0.05662033640185604,0.9050209119412107,3.5798992441103197,24.934498901302405,3.6552064544179177,3.5798992441103197,24.934498901302405,3.6552064544179177,68.55979919433594,0.9999999999999996,0.10000000000000142
1756276810.0110595,0,-0.07831576138395004,-0.09373045819546541,0.5158619442201103,0.9180011456637354,-0.037973689240528186,0.39475548822724804,0.054253565284860306,0.998071714585615,-0.03015631273897762,-0.3928491405284611,0.04910042229546925,0.9182911854724819,3.060652881657576,23.131897813988985,3.3822275726353515,3.060652881657576,23.131897813988985,3.3822275726353515,69.38529968261719,0.9999999999999996,0.10000000000000142
1756276810.0614705,0,-0.07439916390894094,-0.09393154540293788,0.5146665826866605,0.9289103524860052,-0.04146503245853561,0.3679758254662093,0.05543928981371454,0.9980837882820855,-0.027481570432417175,-0.3661311816675501,0.045928233709707625,0.9294291555352834,2.8290000648275484,21.477214144794868,3.415479137194441,2.8290000648275484,21.477214144794868,3.415479137194441,69.54571533203125,0.9999999999999996,0.10000000000000142
1756276810.091417,0,-0.07017428031870533,-0.09395820481767767,0.513037678455622,0.939718705942862,-0.04474353607835696,0.3390085097461087,0.05765705815603661,0.9979405840181755,-0.028111464107277245,-0.33705254389466355,0.0459631020348725,0.9403632148832002,2.798277865148703,19.697400511000097,3.5110188196413956,2.798277865148703,19.697400511000097,3.5110188196413956,68.41896057128906,0.9999999999999996,0.10000000000000142
1756276810.1213422,0,-0.06578306054777219,-0.09415839362773673,0.5119015597709147,0.949320112912617,-0.04917357014508916,0.3104404664646046,0.0582611404979243,0.9980997537787789,-0.02006292637232752,-0.3088639874240058,0.037132755162071,0.9503810792343339,2.237490377564386,17.99078243690752,3.51191964205647,2.237490377564386,17.99078243690752,3.51191964205647,68.32057189941406,0.9999999999999996,0.10000000000000142
1756276810.1544156,0,-0.061192952109534,-0.094597426956395,0.5113163466924511,0.9588759870567047,-0.0537057247175422,0.2786979307038237,0.06250037080100362,0.9977853782560973,-0.022760548940540658,-0.27685834843068535,0.03924326784177476,0.9601090671550456,2.340591089054948,16.07279025833004,3.7293133247222765,2.340591089054948,16.07279025833004,3.7293133247222765,65.28623962402344,0.9999999999999996,0.10000000000000142
1756276810.185572,0,-0.05653095924035802,-0.09468616154376318,0.5095773053065028,0.9672849265954958,-0.05951093621081932,0.24661370451063477,0.06586573095557918,0.9976734054164701,-0.017592089426516397,-0.24499301268981966,0.033259954840845485,0.9689541780379249,1.965941389249543,14.181420800776827,3.895451845181459,1.965941389249543,14.181420800776827,3.895451845181459,63.19893264770508,0.9999999999999996,0.10000000000000142
1756276810.218894,0,-0.05192807525804061,-0.0945615897697669,0.5084555587310463,0.9744799134758637,-0.06340752111270037,0.21533319413972132,0.06615615795220292,0.9977937139896708,-0.0055737857604046225,-0.21450468758765076,0.01967715906939191,0.9765247300575046,1.1543646375290983,12.38647004541246,3.883775719025397,1.1543646375290983,12.38647004541246,3.883775719025397,59.80913543701172,0.9999999999999996,0.10000000000000142
1756276810.250983,0,-0.04770968695719311,-0.09442278285188227,0.5085862637185542,0.9829142252508726,-0.06594984656523101,0.17184366016091257,0.0680482207475343,0.9976618728158794,-0.006342490252792367,-0.17102358156865846,0.01792777921367867,0.9851038164984917,1.042603519873577,9.8473375743014,3.960329979781312,1.042603519873577,9.8473375743014,3.960329979781312,60.84280776977539,0.9999999999999996,0.10000000000000142
1756276810.286481,0,-0.04389156030261494,-0.09399248380041914,0.508483380437606,0.9890023576354489,-0.06824797028954432,0.13121185595395649,0.06943374708123382,0.9975765144813306,-0.004478004191487574,-0.13058825122415724,0.01353928752324892,0.9913442370516808,0.7824686688987864,7.5035864159550005,4.015909362316201,0.7824686688987864,7.5035864159550005,4.015909362316201,63.14429473876953,0.9999999999999996,0.10000000000000142
1756276810.3119898,0,-0.040361064948024696,-0.09311957775696056,0.5071041183414431,0.993080974071259,-0.06302636728796351,0.09908509456100117,0.06457709381727711,0.997834194918936,-0.012518722162985888,-0.0980814859787229,0.018830732247105034,0.9950002138850239,1.0842135342509567,5.628704584455238,3.7205354428540987,1.0842135342509567,5.628704584455238,3.7205354428540987,65.65006256103516,0.9999999999999996,0.10000000000000142
1756276810.3425457,0,-0.0372697882872499,-0.09260300633839348,0.5059034624601698,0.9956762472606455,-0.059889304211203864,0.07100761847897359,0.06008144690818695,0.9981933146220106,-0.00057129794541444,-0.07084511541649362,0.004835068254079214,0.9974756095948422,0.2777279286406087,4.062529283923284,3.453174942736666,0.2777279286406087,4.062529283923284,3.453174942736666,67.88812255859375,0.9999999999999996,0.10000000000000142
1756276810.3770113,0,-0.03440439022206496,-0.09243086021004997,0.5053781980948531,0.9971370964216626,-0.05541281346393284,0.0514493055714863,0.05515154659076932,0.9984569345488752,0.006485118341970864,-0.05172927457854974,-0.0036290433001751367,0.9986545509816207,-0.20820808287238762,2.965192549923403,3.1657978381870713,-0.20820808287238762,2.965192549923403,3.1657978381870713,68.48030090332031,0.9999999999999996,0.10000000000000142
1756276810.41136,0,-0.03167042396271706,-0.09254003133024613,0.5055374196741292,0.9984691219607851,-0.05170031304292194,0.019659352027050957,0.05138626475651947,0.9985481341997023,0.01615783032049197,-0.020466174171850725,-0.0151228739846893,0.9996761647639753,-0.8666914301272114,1.172707280077452,2.9461309850456847,-0.8666914301272114,1.172707280077452,2.9461309850456847,68.87989044189453,0.9999999999999996,0.10000000000000142
1756276810.4599133,0,-0.029049345463277573,-0.09267973430197589,0.5060680284108233,0.9986661727238064,-0.05131959321371288,0.005672284333870941,0.051248549392456766,0.9986134582536088,0.012031092217106434,-0.006281850233343199,-0.01172434847429241,0.9999115350922296,-0.6717843316259666,0.3599258731413278,2.937670456266967,-0.6717843316259666,0.3599258731413278,2.937670456266967,69.2955551147461,0.9999999999999996,0.10000000000000142
1756276810.4902892,0,-0.026446605013443675,-0.09289822591808919,0.5066223008255324,0.9985158606475296,-0.05387698423393539,-0.00795905805860075,0.053990929524470654,0.9984306725177392,0.014871842685356792,0.007145317656167947,-0.01527948774110678,0.9998577307247075,-0.8755065801990738,-0.4094000287207207,3.0950363688306637,-0.8755065801990738,-0.4094000287207207,3.0950363688306637,68.34052276611328,0.9999999999999996,0.10000000000000142
1756276810.5236592,0,-0.023797081696196914,-0.09324659468477152,0.5077858321126525,0.9980988041203003,-0.05715931686064246,-0.023056229302544397,0.05758815501747072,0.9981711255103927,0.018385010171315896,0.02196318773107806,-0.019677822372923228,0.9995651062794005,-1.127801029480805,-1.258499154952252,3.3021821678614196,-1.127801029480805,-1.258499154952252,3.3021821678614196,66.22581481933594,0.9999999999999996,0.10000000000000142
1756276810.5543818,0,-0.021222633696742474,-0.09325245097047381,0.5073933704268377,0.9974015260893836,-0.060422259573307324,-0.039234503980874615,0.06117286808059552,0.9979608729827261,0.01822021422348594,0.038053593330505134,-0.020572956608410003,0.9990639006044734,-1.1796813156112513,-2.18083684549226,3.5096820842754557,-1.1796813156112513,-2.18083684549226,3.5096820842754557,64.87146759033203,0.9999999999999996,0.10000000000000142
