Time,ID,Tx,Ty,Tz,R00,R01,R02,R10,R11,R12,R20,R21,R22,BetaX,BetaY,BetaZ,AlphaX,AlphaY,AlphaZ,DecisionMargin,Confidence,RScale
1756296067.5990276,0,-0.03194957197469573,-0.029662071573637594,-0.6821561983481534,-0.9957601199004605,-0.06972579588936668,-0.06000080835634826,-0.03915437914790694,0.9114978663547605,-0.4094368989530147,0.08323892244234547,-0.40535164119356126,-0.910363294939072,-24.001669663657623,4.774763642255188,2.2517727927447027,-24.001669663657623,4.774763642255188,2.2517727927447027,117.23403478561505,0.6499999999999999,1.1150000000000002
1756296067.6446536,0,-0.0317407766991792,-0.02975768414090848,-0.6776568166784877,-0.995649841856258,-0.06767748669653058,-0.06404022334478346,-0.03537471855123488,0.9104264551353649,-0.4121556733530121,0.0861975736261163,-0.40809732611730604,-0.9088600281214243,-24.181086193061617,4.944893557822933,2.0348216768017835,-24.181086193061617,4.944893557822933,2.0348216768017835,112.54807378680668,0.7549999999999999,0.8105000000000002
1756296067.674503,0,-0.03203535079297519,-0.028549521830721295,-0.6746684869494235,-0.995399365340221,-0.06670322550493324,-0.06878068905967344,-0.03278638844791248,0.91165948769917,-0.40963646226944883,0.09002864106953992,-0.40549680417399714,-0.9096522333242781,-24.025938152794993,5.1652547921427425,1.886521983504366,-24.025938152794993,5.1652547921427425,1.886521983504366,112.78511891426297,0.8284999999999998,0.5973500000000005
1756296067.7061737,0,-0.031454779730007765,-0.02825331189836404,-0.6771473715356678,-0.9954186477363444,-0.06488801044751052,-0.07022294382117089,-0.030809893148892015,0.912965365739092,-0.40687220529920687,0.09051224349722756,-0.4028446190047099,-0.9107819424626561,-23.86010994026975,5.193076759532697,1.7728354360614844,-23.86010994026975,5.193076759532697,1.7728354360614844,114.93890476632369,0.8799499999999998,0.4481450000000007
1756296067.7409985,0,-0.03247620563023702,-0.02742690252468749,-0.6764357196766391,-0.9949509608414849,-0.06340665916529961,-0.0777957652710099,-0.027027662059690438,0.9157918066982343,-0.4007429004586001,0.09665449293330194,-0.39661689620826773,-0.9128816717614211,-23.48335232698085,5.54655355351523,1.5560467647780172,-23.48335232698085,5.54655355351523,1.5560467647780172,109.91416020151092,0.9159649999999997,0.34370150000000077
1756296067.7710714,0,-0.03202806551472861,-0.02674362417762461,-0.6771229400842329,-0.9947815363400794,-0.061395504807202225,-0.08148795583606278,-0.02455438908600591,0.9192725600734317,-0.3928549888605869,0.0990291721336917,-0.38880400240417745,-0.9159828987382941,-22.999593467940485,5.683268644707113,1.4139559299868267,-22.999593467940485,5.683268644707113,1.4139559299868267,112.32046040964178,0.9411754999999997,0.27059105000000105
1756296067.81901,0,-0.03313471807048177,-0.026192285360318403,-0.6788031210151604,-0.9940986118844166,-0.05957484637978502,-0.0906575288009828,-0.020258812587420537,0.9229578302635022,-0.38436756375614756,0.10657171464335075,-0.3802626476977635,-0.9187180135405328,-22.484943691681877,6.117727327916232,1.1674735252675816,-22.484943691681877,6.117727327916232,1.1674735252675816,113.90323408389466,0.9588228499999998,0.21941373500000072
1756296067.8504353,0,-0.03264087936902566,-0.026504329182015864,-0.6712870896504165,-0.9937748633001556,-0.059052027456658024,-0.09446893206772047,-0.018349311831661833,0.9231410725385173,-0.38402325834217493,0.10988550326618118,-0.37989922117016045,-0.918477957234818,-22.470878830594444,6.308715378863445,1.0578036445371595,-22.470878830594444,6.308715378863445,1.0578036445371595,109.85049006732251,0.9711759949999998,0.18358961450000066
1756296067.8827999,0,-0.03274969364753803,-0.026188743380329324,-0.6690054969562774,-0.9933551163267784,-0.058349183729955734,-0.09920174204851882,-0.01612832994148831,0.9240226498718958,-0.38199740770981566,0.11395389348640743,-0.37785912094558277,-0.9188237017390879,-22.354535153186703,6.543290915378025,0.9301850194941608,-22.354535153186703,6.543290915378025,0.9301850194941608,109.154937644802,0.9798231964999999,0.15851273015000045
1756296067.9146743,0,-0.0334410183937086,-0.025172558976312667,-0.6656123976731974,-0.9925887561066997,-0.05834839088066199,-0.10659749777641325,-0.01391616760168081,0.9259941647506031,-0.3772812573228565,0.12072241519219568,-0.37300170526348936,-0.9199433821386469,-22.070664190404784,6.9337970336890695,0.8032384304254094,-22.070664190404784,6.9337970336890695,0.8032384304254094,107.25838033799079,0.9858762375499999,0.14095891110500025
1756296067.9491386,0,-0.034703082925059435,-0.02454758320534232,-0.6588018777042853,-0.9911643603360919,-0.06133829388265027,-0.11760452586151482,-0.012868504932018097,0.926935089468308,-0.3750009886562896,0.13201368254980506,-0.3701742206258367,-0.919534357163284,-21.928090528363413,7.585970861329469,0.743841916546927,-21.928090528363413,7.585970861329469,0.743841916546927,102.95485938888308,0.9901133662849999,0.1286712377735002
1756296067.9789627,0,-0.03340075638653157,-0.024343421120459147,-0.6501043553682669,-0.9908353734292537,-0.06277828972644099,-0.11959995443282775,-0.012954707091054136,0.9255179215788956,-0.3784821691975282,0.13445236452177564,-0.37346413907536613,-0.9178491697981752,-22.140942318784198,7.726953984285561,0.7490727230296841,-22.140942318784198,7.726953984285561,0.7490727230296841,101.54834079089679,0.9930793563995,0.12006986644145012
1756296068.0114,0,-0.03255109277199597,-0.023644715151307918,-0.646010744507438,-0.9907184064547744,-0.06274032547567499,-0.12058478623325063,-0.012333764012853597,0.9249399332823042,-0.3799131454490646,0.1353695585314055,-0.3748996817535769,-0.9171288411363364,-22.233534772012604,7.779990203681294,0.7132562736861416,-22.233534772012604,7.779990203681294,0.7132562736861416,104.43588416059193,0.99515554947965,0.11404890650901489
1756296068.0424085,0,-0.03243901697350113,-0.02295264727011575,-0.6445681029011808,-0.9904444728173335,-0.06191720539527604,-0.12323151358980348,-0.010745500753167849,0.9254815529041928,-0.37864023749148484,0.1374928379195018,-0.3736979460875904,-0.9173034201455691,-22.16536752122937,7.902793441665131,0.6215872820052653,-22.16536752122937,7.902793441665131,0.6215872820052653,104.27903213044364,0.996608884635755,0.10983423455631058
1756296068.0733666,0,-0.03327962898448799,-0.022873313202723393,-0.6424618761574626,-0.9896633253562948,-0.061330899354264945,-0.12963419004690813,-0.007943212550886508,0.9259942370873824,-0.3774540743657806,0.14319011075871235,-0.37252274248071593,-0.9169097003061719,-22.110959611921032,8.232486526774421,0.45985616618236236,-22.110959611921032,8.232486526774421,0.45985616618236236,101.84056654614771,0.9976262192450285,0.10688396418941748
1756296068.1059756,0,-0.03163199244135307,-0.024290284274199582,-0.6473950140462625,-0.9903971516861144,-0.059150976742906355,-0.12495856866334565,-0.007191166883133093,0.9246669657867218,-0.38070893015745844,0.13806436560854812,-0.3761544421286791,-0.9162128937184694,-22.32077498942229,7.935854871750592,0.41601116380704184,-22.32077498942229,7.935854871750592,0.41601116380704184,105.6671486113377,0.9983383534715198,0.10481877493259262
1756296068.1386385,0,-0.03176368509177946,-0.023883568608898703,-0.6421159069948094,-0.9906028286532064,-0.05874524544073734,-0.12351126265395412,-0.00677980412086418,0.9230393741873343,-0.38464574345225416,0.13660186719203082,-0.38019377932570403,-0.9147636962853788,-22.56873116746152,7.851258317686258,0.39213303825297885,-22.56873116746152,7.851258317686258,0.39213303825297885,103.01830707287229,0.9988368474300637,0.10337314245281526
1756296068.1755822,0,-0.03292349988617062,-0.02323925861924346,-0.6447152631515649,-0.9899973769070608,-0.058972452201177625,-0.12816958921101013,-0.005706944975868409,0.924446724148896,-0.3812685208477326,0.14097029650313458,-0.3767233787432834,-0.915536384537536,-22.366103997017802,8.103997003239721,0.3302839449520718,-22.366103997017802,8.103997003239721,0.3302839449520718,103.76399348157383,0.9991857932010446,0.10236119971697066
1756296068.2180958,0,-0.03267947031509928,-0.02418122281582037,-0.6448725194033963,-0.9902572496194183,-0.05671444519048943,-0.12717724357336924,-0.003461294548630877,0.9230440980662992,-0.38467858331991917,0.13920703651839134,-0.380490558005987,-0.9142474152285366,-22.596051995694893,8.001963477376984,0.20026792202170896,-22.596051995694893,8.001963477376984,0.20026792202170896,103.49857993923793,0.9994300552407311,0.10165283980187967
1756296068.2506332,0,-0.03267009079887403,-0.024908429995656785,-0.646599742661674,-0.9908466917666495,-0.05377305740612707,-0.12381959341026644,-0.001303256370334148,0.9210044764242954,-0.38954981187165605,0.13498568419621215,-0.385822773697467,-0.9126443186469052,-22.91633822375408,7.757792076129092,0.07536084765058604,-22.91633822375408,7.757792076129092,0.07536084765058604,103.00729350392548,0.9996010386685117,0.10115698786131633
1756296068.2825546,0,-0.033561999733102664,-0.02461088193511207,-0.6537320403647866,-0.9911757549948517,-0.05021680089380604,-0.12267394025781353,0.0010445119510529288,0.9224747104273741,-0.386056106824794,0.1325501101665701,-0.38277758754912034,-0.9142821155228322,-22.71733663864572,7.616978390104333,-0.06037890252193279,-22.71733663864572,7.616978390104333,-0.06037890252193279,105.0187117619427,0.9997207270679582,0.10080989150292119
1756296068.3147187,0,-0.033478281557721874,-0.024870366075371683,-0.6588545255834797,-0.9920120098254609,-0.046935122162884604,-0.11708657766629359,0.0015503232924382153,0.9235952670620974,-0.3833658554933945,0.12613393222974864,-0.38048505485504736,-0.9161448325304317,-22.55365087305327,7.246243643042895,-0.08954217120543717,-22.55365087305327,7.246243643042895,-0.08954217120543717,104.77465274095779,0.9998045089475707,0.10056692405204526
1756296068.3467438,0,-0.033666428694816,-0.026040823944193332,-0.6627729058898992,-0.9928059606861327,-0.04561246067589448,-0.11070604255041955,0.0005758334860288261,0.9227672789713129,-0.38535725927465725,0.11973300648476881,-0.3826487322479575,-0.9161025897066056,-22.669904065540095,6.876693881294664,-0.033231896320700116,-22.669904065540095,6.876693881294664,-0.033231896320700116,106.52582790658066,0.9998631562632994,0.10039684683643202
1756296068.3783991,0,-0.0351325810010212,-0.025589494461119133,-0.6665220416717179,-0.9926593593014876,-0.04445925269467933,-0.11247564732416833,0.0017817869960358515,0.9245061211436263,-0.3811630323143462,0.1209306480023191,-0.378565459092344,-0.9176404369664308,-22.41821664193438,6.9458159498326895,-0.10284370390300523,-22.41821664193438,6.9458159498326895,-0.10284370390300523,105.77061254251376,0.9999042093843096,0.1002777927855023
1756296068.412866,0,-0.035571297119999665,-0.025484109477007553,-0.6679043483977081,-0.9926544397317271,-0.0418914236852405,-0.11350009648680756,0.004134794030356645,0.9258453954051519,-0.37787988473244305,0.12091346806380784,-0.37557344478637145,-0.9188713298455234,-22.231476549876987,6.9448243354018055,-0.23865795334339168,-22.231476549876987,6.9448243354018055,-0.23865795334339168,105.70701315109527,0.9999329465690165,0.10019445494985213
1756296068.4430149,0,-0.03649328881924677,-0.0242643450732666,-0.6735024685161944,-0.9922285117764656,-0.039283008882321786,-0.1180653447503185,0.006901589659568927,0.9300214094403784,-0.36744053402245025,0.12423746809248433,-0.3653998128019279,-0.9225226438013786,-21.60790609311786,7.136722669064601,-0.3985226969239477,-21.60790609311786,7.136722669064601,-0.3985226969239477,108.43261166476776,0.9999530625983115,0.10013611846489656
1756296068.474897,0,-0.038529468081898145,-0.023532345688225115,-0.6771477249322071,-0.9909091063284626,-0.03850567316537094,-0.1289048336153824,0.010153919817494476,0.9340258298027037,-0.3570611252624832,0.13414932317260375,-0.3551240098831005,-0.925143716779658,-20.999709045650235,7.709432257652244,-0.5870935951082288,-20.999709045650235,7.709432257652244,-0.5870935951082288,107.4413600361122,0.999967143818818,0.10009528292542802
1756296068.5067055,0,-0.03922139498549875,-0.0228300343888752,-0.6864187219436207,-0.9899992740935764,-0.038720724042032396,-0.13565449798606946,0.010053486363012945,0.9397849096289164,-0.3416185753815479,0.14071376871557548,-0.3395659422901985,-0.929997100065602,-20.058442715528003,8.089151060489643,-0.5818211725382127,-20.058442715528003,8.089151060489643,-0.5818211725382127,112.78162550596221,0.9999770006731725,0.10006669804779955
1756296068.539424,0,-0.042126454322679904,-0.020370105476104086,-0.6876147802349855,-0.987349917889312,-0.04051018373871606,-0.15329404638610203,0.011067178032147386,0.9468448967794311,-0.3215000140173462,0.15816971016719253,-0.31912954494406265,-0.9344188976735338,-18.856435838089453,9.100675593540291,-0.6421999196372496,-18.856435838089453,9.100675593540291,-0.6421999196372496,114.87846862778963,0.9999839004712208,0.10004668863345989
1756296068.5709107,0,-0.043027757999577074,-0.01748851598687688,-0.6897398496592866,-0.9848462879868985,-0.04041972389293143,-0.16865359456248336,0.011281424675703687,0.9554717195249988,-0.29486695753378184,0.1730621810093521,-0.2923012814004788,-0.940536784180143,-17.264269639974913,9.965908700472308,-0.6562950573468811,-17.264269639974913,9.965908700472308,-0.6562950573468811,116.38128144595552,0.9999887303298545,0.1000326820434223
1756296068.623893,0,-0.04544105698573011,-0.01570920124105439,-0.6925935103050344,-0.9806786691030952,-0.04151448227349503,-0.19116980861983918,0.01035427854462173,0.9648381425970468,-0.26264071943569844,0.1953513165607098,-0.259545576636252,-0.9457663330688787,-15.345823650045986,11.265247253549934,-0.6049223214585027,-15.345823650045986,11.265247253549934,-0.6049223214585027,114.29523006137671,0.999992111230898,0.10002287743039595
1756296068.650736,0,-0.04771054722208049,-0.011609650091791993,-0.6873720569558596,-0.9745234894987808,-0.04247461788820185,-0.22022687222582837,0.008183181758115662,0.9745170718808481,-0.22416402956114914,0.2241361281708813,-0.22025526883148414,-0.9493421999471724,-13.062002285732717,12.952084602681635,-0.4811077036135316,-13.062002285732717,12.952084602681635,-0.4811077036135316,116.77344334564971,0.9999944778616285,0.10001601420127715
1756296068.6825602,0,-0.04811133763421157,-0.011151756402466318,-0.6904674548934611,-0.9707739595759076,-0.040939961479887106,-0.23647798832732747,0.00671080822175818,0.9803268991394486,-0.19726666184797775,0.23990182254898573,-0.19308829684281487,-0.9514010853262761,-11.472445243795647,13.880745924665765,-0.3960704341556891,-11.472445243795647,13.880745924665765,-0.3960704341556891,112.26908839460272,0.9999961345031398,0.10001120994089474
1756296068.714817,0,-0.04924687846625323,-0.0090218903247995,-0.6860980906554778,-0.9659585664796834,-0.03958327029133839,-0.255650567293637,0.004680557980430999,0.9853886890038451,-0.1702563477826176,0.2586544803816616,-0.16565716494111166,-0.9516593736637949,-9.87464186714206,14.990238744482564,-0.2776248677226647,-9.87464186714206,14.990238744482564,-0.2776248677226647,112.67827252834344,0.9999972941521977,0.10000784695862652
1756296068.746291,0,-0.04987446289854297,-0.008108287532557996,-0.6876413693308814,-0.9622385055964017,-0.03860515498933159,-0.2694563050957495,0.0006723888931588103,0.9895520081479826,-0.14417479344001718,0.27220691806194114,-0.13891171721113002,-0.9521590878527996,-8.30039644042131,15.795633634245636,-0.04003689238683705,-8.30039644042131,15.795633634245636,-0.04003689238683705,114.415542196472,0.9999981059065384,0.10000549287103899
1756296068.7774804,0,-0.04993902102734402,-0.006926582330419642,-0.6836095359812974,-0.9586774866907817,-0.03553140227130139,-0.2822675963777659,-0.00026349744277864157,0.9922807068714459,-0.12401181129151194,0.2844950036140249,-0.11881295477909333,-0.9512865365889067,-7.119212731276463,16.52866489688066,0.015748039578596718,-7.119212731276463,16.52866489688066,0.015748039578596718,115.06357941697202,0.9999986741345768,0.10000384500972759
1756296068.8105187,0,-0.05080748011097708,-0.006374551502573318,-0.6842428471845264,-0.9548189682362542,-0.0313458740972612,-0.29553032682507197,-0.0006329355984683316,0.9946341980009183,-0.1034524603844612,0.2971873774048679,-0.09859131982151863,-0.9497154386273121,-5.926727357624401,17.28874855400361,0.03798053284495495,-5.926727357624401,17.28874855400361,0.03798053284495495,113.85093575711144,0.9999990718942038,0.10000269150680907
1756296068.8444512,0,-0.05174270327866752,-0.00539654645891988,-0.6866616583904236,-0.9508798607153611,-0.02894683747596912,-0.30820378175174196,-0.005116650167431151,0.996952048435516,-0.07784878297887922,0.30951786762156347,-0.07244786898431409,-0.9481297357970754,-4.369556646774214,18.03017736562845,0.3083035433974146,-4.369556646774214,18.03017736562845,0.3083035433974146,116.02718773204646,0.9999993503259426,0.10000188405476651
1756296068.874513,0,-0.05252794975855418,-0.004261274485441163,-0.6865327260593301,-0.9468929184890241,-0.024226890776866464,-0.3206350864746776,-0.005902183001268699,0.9982991151143187,-0.05800035342812716,0.32149489132979664,-0.05302767697395305,-0.9454253541785244,-3.210282027602858,18.75335368878203,0.3571320365305155,-3.210282027602858,18.75335368878203,0.3571320365305155,118.0808300030025,0.9999995452281598,0.1000013188383364
1756296068.906976,0,-0.0531004355529153,-0.0040452089595330604,-0.6849426431721103,-0.9426956331781235,-0.02120678325701076,-0.3329793019555228,-0.007231075537259696,0.9990422140456456,-0.04315513991807728,0.3335755607556877,-0.03827436346517798,-0.9419460803930679,-2.3268357123090198,19.48594179107147,0.4394864784697745,-2.3268357123090198,19.48594179107147,0.4394864784697745,115.85113703671057,0.9999996816597119,0.10000092318683551
1756296068.9390664,0,-0.05417474670403563,-0.0028170299591446808,-0.6794221427523096,-0.9372354932346679,-0.019431009911915466,-0.34815523272668475,-0.011234290452184402,0.9996104990059206,-0.02554683924031835,0.3485160268039404,-0.020032127469087106,-0.9370887326874963,-1.2246242372135896,20.39657551984769,0.6867501373517086,-1.2246242372135896,20.39657551984769,0.6867501373517086,116.55519948290748,0.9999997771617983,0.10000064623078497
1756296068.9710448,0,-0.05379633392654958,-0.0029504726534146206,-0.6848205687648506,-0.9337398483106217,-0.01746341648893378,-0.35752611759337466,-0.014024876463889922,0.9998271143207255,-0.012208370458988642,0.3576775063056526,-0.0063851823486346685,-0.9338233403215753,-0.3917639266721835,20.95763206641558,0.8605242777441617,-0.3917639266721835,20.95763206641558,0.8605242777441617,117.79337343120396,0.9999998440132587,0.10000045236154964
1756296069.0177307,0,-0.05370077500433542,-0.001568455917496733,-0.6822148345490331,-0.9306805574672715,-0.015476068350825298,-0.36550539156188827,-0.018295331681408466,0.9998235892670154,0.004251021511333763,0.3653751233883828,0.01064338543994129,-0.9307995152315568,0.655129788068507,21.430670256788456,1.1261762007609377,0.655129788068507,21.430670256788456,1.1261762007609377,117.01776150950205,0.9999998908092811,0.10000031665308473
1756296069.0523765,0,-0.05331480405913384,-0.001094715371564485,-0.6858475379431227,-0.9291109766632757,-0.014290830130203224,-0.36952478295508606,-0.021920959131227536,0.9996242365382455,0.01645774213240685,0.36915073424629785,0.02339140653144704,-0.9290751194095661,1.4422362269505697,21.663250401867746,1.3515559526546213,1.4422362269505697,21.663250401867746,1.3515559526546213,117.48726149861494,0.9999999235664967,0.10000022165715983
1756296069.0808353,0,-0.05117075142753391,-0.0008078151442646681,-0.692163339839721,-0.9304619607624316,-0.013167658090633815,-0.3661518159924094,-0.02528866148148069,0.9992787727279895,0.028326983173615018,0.3655147372878502,0.03561666963166769,-0.9301238786687192,2.192921125685217,21.439263943883297,1.5568363103756155,2.192921125685217,21.439263943883297,1.5568363103756155,118.24631828563679,0.9999999464965477,0.10000015516001204
1756296069.107879,0,-0.04912988160310347,-0.0012243947291107004,-0.6957213329138943,-0.9341233105310202,-0.015293607306554872,-0.3566226945920865,-0.027356102233247387,0.9992106526913759,0.028804777705770095,0.3559006664691313,0.03666302120158136,-0.9338043362949225,2.2483917826215816,20.848654241426978,1.6774459373884838,2.2483917826215816,20.848654241426978,1.6774459373884838,119.66996123826597,0.9999999625475833,0.10000010861200836
1756296069.1457498,0,-0.04717283195569882,-0.0012190499830407099,-0.6910102824758375,-0.9372174964918378,-0.0213217818446373,-0.3480930132716566,-0.031167575060589408,0.999256163154614,0.02270908766027429,0.34734989064978056,0.03213256940378706,-0.937184907821875,1.963689007875189,20.325307997399445,1.904694100370648,1.963689007875189,20.325307997399445,1.904694100370648,120.88686145048436,0.9999999737833083,0.10000007602840588
1756296069.177033,0,-0.04507192923299746,-0.0014870281063534174,-0.6926194637911998,-0.9416818003608499,-0.028945424402855358,-0.33525743731539714,-0.034756795478863775,0.9993313952572417,0.011345819549749147,0.3347048730406973,0.02233662596171635,-0.9420582376389782,1.3582542974785667,19.55459243106527,2.113786343413466,1.3582542974785667,19.55459243106527,2.113786343413466,120.65636993596095,0.9999999816483158,0.10000005321988414
1756296069.2107108,0,-0.04375007609629213,-0.0015912950236082063,-0.6932050759709509,-0.9448082470443916,-0.032442777887418485,-0.32601356180357277,-0.0343800949082285,0.9994088134109796,0.00018097115627924935,0.3258149557509684,0.011379360237106239,-0.9453650748623988,0.6896360426675585,19.014956140004024,2.0839843455077016,0.6896360426675585,19.014956140004024,2.0839843455077016,120.09324356168887,0.999999987153821,0.10000003725391915
1756296069.2416637,0,-0.04172456501776535,-0.0009324490432166156,-0.6911589916393608,-0.949860202917801,-0.0361762201562206,-0.3105750730631207,-0.034193979452716614,0.9993452378304076,-0.011826554649324465,0.31079956029914413,-0.0006137759321794868,-0.9504752793192276,-0.0369991375447114,18.10742230430623,2.0616981804089676,-0.0369991375447114,18.10742230430623,2.0616981804089676,120.70746303918614,0.9999999910076747,0.10000002607774361
1756296069.2759933,0,-0.04126987060457308,-0.0009748660212852661,-0.6871845462002589,-0.953633001988146,-0.038712589891225335,-0.29847182932898464,-0.03251559383547886,0.9991406975035666,-0.025702193478627476,0.2992103502163702,-0.014805471150910037,-0.9540723056180789,-0.8890551816853076,17.410181110322426,1.9528317845116874,-0.8890551816853076,17.410181110322426,1.9528317845116874,120.16380149732827,0.9999999937053723,0.10000001825442029
1756296069.305541,0,-0.03891699674164952,-0.0012885790011775997,-0.6906966626659171,-0.9597851878692295,-0.040163162589610855,-0.27784764443419097,-0.03069766645003536,0.9987932790682722,-0.03833587044232906,0.27905204966341046,-0.02826492630185242,-0.9598599103618198,-1.68669732049446,16.203636225770936,1.8319175683964204,-1.68669732049446,16.203636225770936,1.8319175683964204,121.28678476481933,0.9999999955937606,0.10000001277809423
1756296069.3383563,0,-0.03813301815551324,-0.0012304222105950736,-0.6940930508491274,-0.9649309997219564,-0.038068698353662014,-0.25972858907183033,-0.027186274713023373,0.9986004903138379,-0.04536482351107111,0.26109207617776115,-0.03671287172941521,-0.9646155155327771,-2.179601916791114,15.134871942955014,1.6138426953344833,-2.179601916791114,15.134871942955014,1.6138426953344833,120.49401361908271,0.9999999969156323,0.10000000894466643
1756296069.3701046,0,-0.039065566925937045,-0.0006211342995210349,-0.687184453243202,-0.9666495447482734,-0.03474863422292364,-0.2537344873240479,-0.02218739674312493,0.9983900790943124,-0.05220123937049725,0.25513991664127966,-0.04483059653511475,-0.9658642971714954,-2.6574766279417474,14.781876024477887,1.3148726173932062,-2.6574766279417474,14.781876024477887,1.3148726173932062,120.4763858695544,0.9999999978409426,0.10000000626126626
1756296069.4180048,0,-0.04011003805813612,-0.0002523597564336379,-0.683280777415061,-0.966003053137106,-0.0321803465817769,-0.2565200316226131,-0.018715962871749734,0.9983241865539785,-0.05475884654665815,0.25785231056473584,-0.04809619356262915,-0.9649864984035854,-2.8533357003136928,14.942663927591962,1.1099463204920426,-2.8533357003136928,14.942663927591962,1.1099463204920426,119.19021512319074,0.9999999984886598,0.10000000438288659
1756296069.4506643,0,-0.04074519383079138,8.063666167832324e-06,-0.6795955274702499,-0.9641324385703616,-0.027373185610182076,-0.26400634387438254,-0.01342237275236709,0.998423399701339,-0.05450279661188826,0.26508202656171304,-0.049004322649852695,-0.9629798001804422,-2.913166997290432,15.371826884870096,0.7976037324881133,-2.913166997290432,15.371826884870096,0.7976037324881133,116.75929963132253,0.9999999989420618,0.1000000030680206
1756296069.4850824,0,-0.037804469060331775,-0.0008295983606068109,-0.6892133690835375,-0.9675003300223008,-0.020938145970733568,-0.2520013996985873,-0.006647133988863519,0.9983275019320983,-0.05742834226886753,0.2527823708577657,-0.05388685302858533,-0.9660213662513901,-3.1927790805100926,14.642219852346969,0.39363989794003373,-3.1927790805100926,14.642219852346969,0.39363989794003373,120.5671043786851,0.9999999992594433,0.10000000214761462
1756296069.515088,0,-0.038891854496036465,0.00026571127722253645,-0.6841791998168285,-0.9665512458928369,-0.013891703627011247,-0.25609707072386395,2.9382595057893257e-05,0.9985260341572053,-0.05427483990714919,0.2564735623795708,-0.052466938929413905,-0.965126174196778,-3.111694750994502,14.860918199899286,-0.0017417583336509779,-3.111694750994502,14.860918199899286,-0.0017417583336509779,117.34221955760736,0.9999999994816102,0.10000000150333044
1756296069.5456326,0,-0.03781054264305842,-0.0009155201407020194,-0.6914831126475782,-0.9679824216726111,-0.007293751391057134,-0.25091200155327986,0.007180956771916639,0.9983640440260232,-0.05672450489730824,0.25091525500189804,-0.05671011185538549,-0.9663464689337268,-3.3585549144094387,14.531678861041426,-0.42503971069726276,-3.3585549144094387,14.531678861041426,-0.42503971069726276,119.98510937650336,0.9999999996371272,0.1000000010523312
1756296069.5776627,0,-0.038527704304849676,-0.0003466746282292239,-0.68835434623285,-0.9668032012050495,-1.3038121299950925e-05,-0.255522151622274,0.014176508539704714,0.9984570301038423,-0.053689716350888136,0.2551285886475537,-0.055529801604386614,-0.9653112681350432,-3.292327384712962,14.781204763286276,-0.8400839998238041,-3.292327384712962,14.781204763286276,-0.8400839998238041,118.81859477534547,0.999999999745989,0.10000000073663218
1756296069.6089542,0,-0.03672958875153174,-0.0008487906167490493,-0.6935415534319032,-0.968918466234122,0.007959270598241273,-0.24725221091440394,0.022353539202353494,0.998210400692307,-0.05546454033734522,0.24636827124377395,-0.05926757934358482,-0.9673624082850781,-3.505969213175348,14.262708727418888,-1.3216140888770838,-3.505969213175348,14.262708727418888,-1.3216140888770838,120.63477093964535,0.9999999998221922,0.10000000051564273
1756296069.6420164,0,-0.03747647270429646,0.0008148593171221786,-0.6842575474803941,-0.9672597822578315,0.01798115526445998,-0.2531505316642415,0.030950229684444643,0.9983991483951014,-0.047341564891928374,0.25189401920056154,-0.05362665884885918,-0.9662678637684767,-3.176585420047445,14.58961883340295,-1.832716224751067,-3.176585420047445,14.58961883340295,-1.832716224751067,115.97182735141078,0.9999999998755345,0.10000000036095003
1756296069.6737716,0,-0.036402572273278734,0.00022602851632817257,-0.6899246408288684,-0.9679494785910631,0.029643350388835275,-0.24938941170990897,0.042110358075596606,0.9981079067470627,-0.04480317211696054,0.24758942755706426,-0.05386908451720425,-0.9673663200128707,-3.1873000938268774,14.3349126504935,-2.491065290427798,-3.1873000938268774,14.3349126504935,-2.491065290427798,118.6780466205987,0.9999999999128741,0.10000000025266509
1756296069.706458,0,-0.035237369247077654,8.290558803397382e-05,-0.6923654044377461,-0.9690758407896389,0.04126282379179755,-0.24328870539049263,0.053219026757575644,0.9976662817245625,-0.04277529077472785,0.2409559088066348,-0.054400088994533226,-0.9690102581131719,-3.2132035427035532,13.942965730430158,-3.143371894685913,-3.2132035427035532,13.942965730430158,-3.143371894685913,118.08791471409143,0.9999999999390119,0.10000000017686572
1756296069.738675,0,-0.03542880133657382,-0.0003655632877659111,-0.6936514167027097,-0.9692832049124371,0.05247508809879055,-0.24028406897607404,0.06470050684763236,0.9969661490557704,-0.04327056794828108,0.23728445606135692,-0.05748793582945471,-0.9697377089428536,-3.392634566901762,13.72632199593668,-3.8188785232345595,-3.392634566901762,13.72632199593668,-3.8188785232345595,117.83548742936443,0.9999999999573084,0.10000000012380594
1756296069.7701688,0,-0.03579521305350471,-7.708995494176918e-05,-0.6942434827361751,-0.9685954759062202,0.0634873514131397,-0.24040000055022398,0.07565316545282837,0.9962614085062041,-0.041710963525212315,0.23685312455395252,-0.058588071582696126,-0.9697773121996879,-3.4572619064306878,13.700883337507161,-4.466079819883674,-3.4572619064306878,13.700883337507161,-4.466079819883674,117.85952482379952,0.9999999999701159,0.1000000000866641
1756296069.819221,0,-0.034928950233955654,-0.00037932980617069766,-0.6959556764254038,-0.9688093150887591,0.07549411017549613,-0.2360278592159407,0.0866185451792399,0.9955501870197125,-0.03710866146936038,0.23217609400685904,-0.05639560668904688,-0.9710374848160563,-3.3238722842993695,13.425221427695469,-5.1090717423790295,-3.3238722842993695,13.425221427695469,-5.1090717423790295,117.3271879191191,0.9999999999790812,0.10000000006066445
1756296069.8512304,0,-0.035058294675629854,-0.0007064449934093724,-0.697374204862245,-0.9682900267695977,0.08517468879168695,-0.23486101517231783,0.09523227352589057,0.9949470789031405,-0.03179818015544996,0.23096588089504128,-0.05315620915140363,-0.9715087129259472,-3.1318222590837763,13.35394385240381,-5.617031550275414,-3.1318222590837763,13.35394385240381,-5.617031550275414,118.66019245904715,0.9999999999853568,0.10000000004246523
1756296069.881134,0,-0.0348727928158227,-0.0008934497757860639,-0.6968161614238519,-0.9676138864931234,0.09425471880181517,-0.23417816860088364,0.1043415960412457,0.9940571608322413,-0.031035340077231174,0.22986125815639014,-0.054464749900597575,-0.971698200583405,-3.208134401283246,13.288903575466902,-6.154646164693304,-3.208134401283246,13.288903575466902,-6.154646164693304,116.84929569537951,0.9999999999897498,0.10000000002972564
1756296069.9169433,0,-0.03446043013275141,-0.0008647995590678557,-0.6923755383485004,-0.9667141800689819,0.10187268258443918,-0.23470332463901364,0.11264790082196827,0.9930890257765951,-0.03293383249027561,0.22972623814871498,-0.05827643970888781,-0.9715089871333648,-3.4328018103270495,13.28095478404875,-6.646506533870138,-3.4328018103270495,13.28095478404875,-6.646506533870138,115.08493268305962,0.9999999999928249,0.10000000002080789
1756296069.9471025,0,-0.0347903280829103,-0.0011551342376147358,-0.6932808342987503,-0.9665020210761509,0.10493520693517101,-0.2342273374335047,0.11610835603374721,0.9926408772944829,-0.03439387130260464,0.22889450171390452,-0.060437497214166414,-0.9715732684752248,-3.5595435201668124,13.231995185959846,-6.850260255606514,-3.5595435201668124,13.231995185959846,-6.850260255606514,116.70755318666664,0.9999999999949774,0.10000000001456577
1756296069.9784973,0,-0.034605674814512724,-0.0014905379715082002,-0.6922127889370576,-0.9659207174560379,0.10882707479241413,-0.23484853710708847,0.12082434416964649,0.9919739548254146,-0.037271313419323715,0.22890750412598537,-0.06437655427368687,-0.9713171540823621,-3.7918801084418874,13.23276048829734,-7.129937153809408,-3.7918801084418874,13.23276048829734,-7.129937153809408,115.49038705881053,0.9999999999964841,0.10000000001019593
1756296070.0103683,0,-0.03363799481136958,-0.0016205533714738092,-0.6916641786710994,-0.9665750534229498,0.11161100283254013,-0.23081518612763935,0.12442092910305477,0.9913545056483464,-0.04166145138921484,0.2241697983706875,-0.06898715951130335,-0.9721052789286806,-4.059290238586101,12.954064134236589,-7.334978160459286,-4.059290238586101,12.954064134236589,-7.334978160459286,116.32126958105287,0.9999999999975389,0.10000000000713749
1756296070.0428445,0,-0.0344639071597585,-0.0012234880830429198,-0.6899105885801368,-0.9654886949088799,0.1140963567590282,-0.2341230475144741,0.12730200496062438,0.990972720361474,-0.042038875251190606,0.2272130707863289,-0.0703923921577933,-0.9712976534462288,-4.145122775345044,13.133048896690923,-7.511258334020255,-4.145122775345044,13.133048896690923,-7.511258334020255,118.16129081973665,0.9999999999982772,0.10000000000499654
1756296070.0748448,0,-0.03432410837963671,-0.0026233603832347494,-0.6924523468464412,-0.965916413280409,0.11418200857190662,-0.23231003308939435,0.12917093148815473,0.9903450130714155,-0.05031526153226718,0.22432198513296214,-0.07860804032071436,-0.9713394993425031,-4.626719073690566,12.963011663775433,-7.616910167704077,-4.626719073690566,12.963011663775433,-7.616910167704077,118.08703591855374,0.9999999999987939,0.10000000000349774
1756296070.1062193,0,-0.034926498277243624,-0.0021806600696945466,-0.6850151544646187,-0.9645373104419299,0.11471664356238209,-0.2377138373238489,0.13085440845098226,0.9899728986085652,-0.05320511074604708,0.22922674484970426,-0.08242421798438256,-0.9698769755671446,-4.857564086435872,13.25155126956694,-7.725890679329893,-4.857564086435872,13.25155126956694,-7.725890679329893,114.40402376039616,0.9999999999991556,0.1000000000024488
1756296070.1396263,0,-0.03562485358217784,-0.004251166525506157,-0.682296048595858,-0.9639842090055877,0.11245438351788553,-0.24101546924519973,0.13160204527860828,0.9891805722563456,-0.06482821260142553,0.2311176031079386,-0.09421150194228305,-0.9683536783817266,-5.556839863655256,13.362878635811715,-7.773898304671775,-5.556839863655256,13.362878635811715,-7.773898304671775,111.98634676096587,0.9999999999994089,0.10000000000171427
1756296070.1704865,0,-0.03846154247398576,-0.00532985854543613,-0.6762511110136854,-0.9614440062762469,0.10919206411036823,-0.25239357347364716,0.13074210898210642,0.9889279044909273,-0.07020043203638315,0.24193371764677843,-0.10049225270885848,-0.9650748071580296,-5.944726785220865,14.000698090711067,-7.7438752458132,-5.944726785220865,14.000698090711067,-7.7438752458132,106.41896045960894,0.9999999999995861,0.10000000000120046
1756296070.2187355,0,-0.043953320065780614,-0.0039204864856603495,-0.6603101047052965,-0.9531266642526843,0.10247111431960684,-0.28469146917434773,0.12325908218043197,0.990790964472773,-0.056039837429723516,0.27632727073270935,-0.08850387250968395,-0.9569797824406749,-5.283826314446628,16.04112645380076,-7.368639041682798,-5.283826314446628,16.04112645380076,-7.368639041682798,103.0986964600648,0.9999999999997102,0.1000000000008403
1756296070.250367,0,-0.046339632287524836,-0.004138128277853187,-0.6553351294101804,-0.9450335990521161,0.09953397353788426,-0.3114554298360586,0.11948942114044006,0.9917873525793233,-0.045608392859429484,0.3043579716355838,-0.08031709267308705,-0.9491656281842575,-4.836767925195204,17.71954212107083,-7.20620107687472,-4.836767925195204,17.71954212107083,-7.20620107687472,97.17371822246973,0.999999999999797,0.10000000000058851
1756296070.2809114,0,-0.05222609757723698,-0.0021518337372361755,-0.6294854067446553,-0.9303497116446625,0.09513218206126584,-0.35411761037677225,0.10975641085032167,0.9937282267112025,-0.02139489926744936,0.349861321554625,-0.058771416297985254,-0.934956136033333,-3.596884627370571,20.478833158527408,-6.728272269359536,-3.596884627370571,20.478833158527408,-6.728272269359536,94.08134954290257,0.9999999999998579,0.1000000000004122
1756296070.3141418,0,-0.05492449352391128,-0.002232729873305738,-0.6260693047984138,-0.9145825323610164,0.0968955828102025,-0.39261945638490875,0.10547693075930176,0.9944217089767218,-0.00028599547797923675,0.3904015990972726,-0.04167386168435977,-0.919700973509654,-2.594434812653418,22.979490374855907,-6.578740740116274,-2.594434812653418,22.979490374855907,-6.578740740116274,93.0410358908404,0.9999999999999005,0.10000000000028875
1756296070.3477917,0,-0.0603556844316544,-0.0036587306273579943,-0.6202317522632537,-0.894861651050288,0.09326934774731088,-0.4364899245691057,0.09923359061959439,0.9950218679089626,0.00917479567629109,0.4351727472766363,-0.03510428967733338,-0.8996623638198693,-2.2345136303396202,25.79628656366727,-6.327827875108767,-2.2345136303396202,25.79628656366727,-6.327827875108767,90.00298798763278,0.9999999999999303,0.10000000000020215
1756296070.3776965,0,-0.062359620207646856,-0.004359059968069597,-0.6153185026592679,-0.8758786492119258,0.09102807451136581,-0.47386757802728574,0.09361388969021071,0.995442428712571,0.018188204306289552,0.4733635299764458,-0.028429927357830214,-0.8804082619550245,-1.8495385449400032,28.252853005882855,-6.100612159186028,-1.8495385449400032,28.252853005882855,-6.100612159186028,87.8327465201532,0.9999999999999512,0.10000000000014175
1756296070.4109917,0,-0.06475134984507061,-0.004661656057860352,-0.6079591833790617,-0.8576689479626407,0.08980948626646255,-0.5062985600188998,0.08726483567257119,0.9957685398147562,0.028807352711209554,0.506743351368024,-0.01947488874789689,-0.8618769660180976,-1.2944296334071623,30.447148441923535,-5.80965368368004,-1.2944296334071623,30.447148441923535,-5.80965368368004,85.48667348852551,0.9999999999999658,0.10000000000009912
1756296070.441567,0,-0.06700502537245953,-0.006174846382853828,-0.6050575868778915,-0.8394646134800351,0.08597879602880237,-0.5365694823117069,0.08139061854747279,0.9961591942514038,0.0322866368774182,0.5372845893260623,-0.016568232912174966,-0.8432382603575889,-1.1256221790192171,32.498979688939045,-5.5378254089000905,-1.1256221790192171,32.498979688939045,-5.5378254089000905,85.75629076749631,0.999999999999976,0.10000000000006981
1756296070.4737885,0,-0.06787614812921336,-0.006452265495798842,-0.6025078398049446,-0.8234857828603988,0.08370905064067607,-0.5611274011021322,0.07597238546311652,0.99641754695371,0.037151968585731984,0.5622271445544408,-0.01203606927482153,-0.8268952599710389,-0.8339233613880594,34.209959987173434,-5.27102000102974,-0.8339233613880594,34.209959987173434,-5.27102000102974,86.09685969079354,0.9999999999999831,0.10000000000004894
1756296070.5059109,0,-0.07009217339972684,-0.0057795545290356045,-0.5976581630679002,-0.806072240121428,0.07880257685414656,-0.5865472679902021,0.0642687785437905,0.9968898059609355,0.04560963577642574,0.5883171490022306,-0.0009320151905017129,-0.8086297444056658,-0.06603827472409307,36.037678715207996,-4.558594569335241,-0.06603827472409307,36.037678715207996,-4.558594569335241,88.47707865092171,0.9999999999999882,0.10000000000003428
1756296070.5378575,0,-0.07080746247943491,-0.008033198004143732,-0.6002172992785707,-0.7935074746141692,0.07181727790400302,-0.604308006173924,0.05624279932369575,0.9974167239285151,0.04468362509849914,0.6059559680832253,0.0014688165875736611,-0.7954968304915827,0.10579161661488001,37.29766403486034,-4.0542716861627355,0.10579161661488001,37.29766403486034,-4.0542716861627355,86.83380703742831,0.9999999999999918,0.10000000000002407
1756296070.5750222,0,-0.07174674946187959,-0.0077929785684926044,-0.6022538090402746,-0.784206268155952,0.0653635699097461,-0.6170479176802797,0.04731516789872969,0.9978400909285173,0.045567837588404936,0.6186936268231882,0.006538858036535585,-0.7856051422081883,0.4768811924966201,38.22079881744265,-3.4527612350161405,0.4768811924966201,38.22079881744265,-3.4527612350161405,91.73147079174205,0.9999999999999942,0.10000000000001696
1756296070.616837,0,-0.07347175318018898,-0.008544040645029814,-0.6000353666541904,-0.7739478244953045,0.05460033980049615,-0.6308910903259419,0.036308455737906045,0.9984631076230531,0.04187026101715011,0.6322076090976081,0.009498716196735136,-0.7747408040046039,0.702440195004641,39.21318438293777,-2.685965456970081,0.702440195004641,39.21318438293777,-2.685965456970081,88.08394605053861,0.999999999999996,0.10000000000001164
1756296070.6495593,0,-0.07356271452130746,-0.008256458948972058,-0.59750002614413,-0.7663659395791486,0.04404729911733493,-0.6408924107004523,0.027139499598094325,0.998975804593799,0.03620482561396249,0.6418307364208529,0.010352645876316954,-0.7667764527610544,0.7735329828692556,39.92846875561594,-2.0281815276996156,0.7735329828692556,39.92846875561594,-2.0281815276996156,85.87465407823458,0.9999999999999971,0.10000000000000853
1756296070.6817496,0,-0.07237509950183736,-0.007804654394187523,-0.5989628426473929,-0.764039743165367,0.03853348155147887,-0.6440174234159523,0.021046466255698407,0.9991721503310268,0.03481465583658361,0.6448258037035645,0.013045489733768316,-0.764218226736093,0.9779653090027409,40.152616086513326,-1.5778875832449444,0.9779653090027409,40.152616086513326,-1.5778875832449444,84.8631041467968,0.999999999999998,0.10000000000000586
1756296070.7142801,0,-0.0702889047021699,-0.007041114151863838,-0.6030894939848714,-0.7657680711978601,0.03589982498700237,-0.6421140581702068,0.017537622288865982,0.9992351324694158,0.034951135078599586,0.6428776656085994,0.015503309476755066,-0.765811957635101,1.1597532202474667,40.00673600445912,-1.3119587434382254,1.1597532202474667,40.00673600445912,-1.3119587434382254,84.11811006270835,0.9999999999999984,0.10000000000000453
1756296070.7461562,0,-0.06693976637990265,-0.006369931382284902,-0.6071428022523792,-0.771441874203985,0.0350389092181618,-0.6353343289681775,0.015752162400966205,0.9992283191673417,0.03598104436648343,0.6361047901913147,0.017749394773081094,-0.771398505884509,1.3181072915978689,39.501972935476694,-1.1697667073290745,1.3181072915978689,39.501972935476694,-1.1697667073290745,85.99644472527781,0.9999999999999989,0.1000000000000032
1756296070.7788136,0,-0.063925619355247,-0.0072192128510424934,-0.6093386976708898,-0.7809365981485822,0.02861090665764731,-0.6239546824027746,0.01649613227460174,0.9995466453459624,0.025186929102451475,0.6243924305211417,0.009376555756804685,-0.7810545262080241,0.6878025113321371,38.63760735157236,-1.2101087589680333,0.6878025113321371,38.63760735157236,-1.2101087589680333,86.0700763334176,0.9999999999999991,0.10000000000000275
1756296070.8123133,0,-0.05872263256666218,-0.007116843334611141,-0.6149734577949905,-0.7924263698780218,0.022014103927119673,-0.6095701990338984,0.016620944100285938,0.9997567387742425,0.014498534157159185,0.6097410864778228,0.001357388587367561,-0.7925994984587532,0.09812340448485202,37.57078418563363,-1.2015883978716317,0.09812340448485202,37.57078418563363,-1.2015883978716317,90.94573685958584,0.9999999999999993,0.10000000000000187
1756296070.8428812,0,-0.05443070750108788,-0.007297063406169833,-0.6168884341179423,-0.8013781086608396,0.014506980260572906,-0.5979821690342404,0.013874380212919254,0.9998877063483851,0.005663591358224945,0.5979971810409166,-0.003757953842845019,-0.8014893943465704,-0.2686415048156334,36.72659056831654,-0.9918713880826715,-0.2686415048156334,36.72659056831654,-0.9918713880826715,92.21528091145127,0.9999999999999996,0.10000000000000142
1756296070.8739238,0,-0.04976352775475861,-0.007705682885476303,-0.6203546537484302,-0.8123038559610439,0.004597423902507673,-0.5832163486085421,0.0064963915526547915,0.9999782190530625,-0.0011654682579017828,0.5831982874525735,-0.004735516120364523,-0.8123160298796642,-0.3340104146090255,35.67580899965367,-0.45821262571081434,-0.3340104146090255,35.67580899965367,-0.45821262571081434,96.10442125869449,0.9999999999999996,0.10000000000000142
1756296070.906292,0,-0.04509733085537103,-0.00680253448653944,-0.6177673671756719,-0.8234447062690157,-0.008480583758879634,-0.5673331432382945,-0.005498882073351233,0.9999606155627808,-0.006966320352100957,0.5673698776049695,-0.0026166815651405733,-0.8234589090926815,-0.1820665290437944,34.56702221135463,0.38260984523870434,-0.1820665290437944,34.56702221135463,0.38260984523870434,95.2262237063487,0.9999999999999996,0.10000000000000142
1756296070.9367218,0,-0.03989172397893791,-0.005779630662752995,-0.6167463550357132,-0.8325989577345178,-0.013903727275917458,-0.5537017806971832,-0.009628481592530344,0.9998971465867971,-0.01062960910870351,0.553792621765239,-0.0035188940618377774,-0.8326471938720293,-0.2421392631491983,33.62759377432115,0.6625600028658596,-0.2421392631491983,33.62759377432115,0.6625600028658596,94.89766234508885,0.9999999999999996,0.10000000000000142
1756296070.9702425,0,-0.03494897554261048,-0.006065300602678326,-0.6270727070827963,-0.8435588726860143,-0.018998753939059226,-0.5367005456131606,-0.013855713504482156,0.9998113107039245,-0.01361477843310697,0.5368579397903908,-0.004048498149186364,-0.8436629434476505,-0.27494401481959585,32.470000258313675,0.9410161518513007,-0.27494401481959585,32.470000258313675,0.9410161518513007,96.17785004629356,0.9999999999999996,0.10000000000000142
1756296071.0214062,0,-0.03092720944742515,-0.006232299284478851,-0.6348914560767651,-0.8562076364184936,-0.024185248999126746,-0.5160654581247488,-0.012900037992655676,0.999593036505305,-0.025443081375734145,0.5164707855807962,-0.015127296551414211,-0.8561711817975428,-1.0122275684595365,31.095815105543277,0.8631805912602317,-1.0122275684595365,31.095815105543277,0.8631805912602317,97.77323643124471,0.9999999999999996,0.10000000000000142
1756296071.0502918,0,-0.028619903202402694,-0.00578947764468673,-0.6370727297801305,-0.8679997454367563,-0.02860338528607151,-0.4957401418807067,-0.009438526299518598,0.99910959669961,-0.041120894980975015,0.4964749300246891,-0.031013870008749764,-0.8674968494029593,-2.0475087300270616,29.767056000110447,0.6230029578465235,-2.0475087300270616,29.767056000110447,0.6230029578465235,97.12869704160516,0.9999999999999996,0.10000000000000142
1756296071.0821686,0,-0.029011144336803525,-0.002669633226247137,-0.6388279755607829,-0.872450865813226,-0.030374155546514743,-0.487757006527419,-0.009661479793990383,0.9989436035614649,-0.04492585794200411,0.48860632676004395,-0.034483149195961585,-0.8718226711158563,-2.265035814804179,29.249020571578242,0.6344648291185138,-2.265035814804179,29.249020571578242,0.6344648291185138,99.33959411127287,0.9999999999999996,0.10000000000000142
1756296071.1150846,0,-0.030182253443593807,0.0010919603637449507,-0.6472651002143156,-0.8744015986367265,-0.029795223590608884,-0.4842871967672928,-0.014194076957934267,0.9992563728352623,-0.03585009801140707,0.48499522933823713,-0.02447337327180046,-0.8741742855517142,-1.6036331109000628,29.012159848636784,0.9299951909887625,-1.6036331109000628,29.012159848636784,0.9299951909887625,104.75011625309536,0.9999999999999996,0.10000000000000142
1756296071.1458926,0,-0.03330596512684539,0.0036596638172979984,-0.651676377685638,-0.8726069539749653,-0.031114446052020614,-0.48743101575649533,-0.02221453668082604,0.9994643807609093,-0.0240305212234018,0.4879176346829341,-0.010141145748288439,-0.8728307619053782,-0.6656716656357844,29.203805397684366,1.4583018537008456,-0.6656716656357844,29.203805397684366,1.4583018537008456,106.06738207547679,0.9999999999999996,0.10000000000000142
1756296071.1790156,0,-0.03530568412441282,0.007012566531936048,-0.6515832319069402,-0.868947661607238,-0.028198137170835982,-0.4941000166438045,-0.02649263417968902,0.9995943307766051,-0.010455343776877632,0.49419439669176174,0.004004864462904963,-0.8693421992167985,0.2639469339364666,29.616641964059948,1.7463031895429708,0.2639469339364666,29.616641964059948,1.7463031895429708,107.0089939330738,0.9999999999999996,0.10000000000000142
1756296071.2107172,0,-0.03796202219900445,0.009804707318449835,-0.6542136155077644,-0.8630728052578222,-0.024511243607619713,-0.5044844217230119,-0.03274776796706405,0.9994357648439255,0.007465630851683519,0.5040167819800935,0.02296412174776551,-0.8633885177570902,1.5235749514440613,30.266105888774728,2.172944420338723,1.5235749514440613,30.266105888774728,2.172944420338723,104.17512948586432,0.9999999999999996,0.10000000000000142
1756296071.2449706,0,-0.03962255409597238,0.012762364392422832,-0.6586871334944716,-0.8584146196751641,-0.020723837419244953,-0.5125376701185624,-0.03739281027109693,0.9990533281348444,0.022231178167628853,0.5115917498044444,0.038248792207229404,-0.8583769052267862,2.551379983920839,30.76991367595686,2.4942453260379693,2.551379983920839,30.76991367595686,2.4942453260379693,109.789729289404,0.9999999999999996,0.10000000000000142
1756296071.2751594,0,-0.040004482295139386,0.016373422961814682,-0.6487547896829517,-0.8538463704184693,-0.013501284042225248,-0.5203499697822775,-0.03837077165924442,0.9985763552117359,0.03705329532334822,0.5191089091948626,0.05160405159729503,-0.8531488511703358,3.4614082177473335,31.272497850647728,2.5730684131932833,3.4614082177473335,31.272497850647728,2.5730684131932833,105.9911750857733,0.9999999999999996,0.10000000000000142
1756296071.3062956,0,-0.04279153679035314,0.016984779836529646,-0.6552564460067081,-0.8493833710906209,-0.010452013914668734,-0.5276728572893058,-0.03989312006015127,0.9982151007569575,0.044442677604340876,0.5262664989210303,0.058799387972194035,-0.8482842708004767,3.9651527444425483,31.753542530461488,2.6890436271116585,3.9651527444425483,31.753542530461488,2.6890436271116585,103.64152233793806,0.9999999999999996,0.10000000000000142
1756296071.3389566,0,-0.04297816500690679,0.01839821162014007,-0.6585900413116762,-0.8481661280353349,-0.005352962547018197,-0.5297032801913902,-0.03938919723064224,0.9978180628165639,0.05298683476605523,0.5282638643661649,0.06580622545754994,-0.8465263317203763,4.445049580389281,31.888226019784216,2.658930052680347,4.445049580389281,31.888226019784216,2.658930052680347,100.18777906770019,0.9999999999999996,0.10000000000000142
1756296071.3707995,0,-0.043382291535313255,0.019915309407774077,-0.6694030901744288,-0.8478905636949446,-0.0005058280708817621,-0.5301710442253819,-0.03903129897388585,0.9973454553079871,0.06147032191972854,0.5287325880797212,0.07281337043748648,-0.8456595434263444,4.921170492506263,31.919860844698295,2.6356597791154854,4.921170492506263,31.919860844698295,2.6356597791154854,106.49587990375463,0.9999999999999996,0.10000000000000142
1756296071.4188833,0,-0.04438683921744748,0.021044773413478695,-0.6756980579571077,-0.8455030806816043,0.0023910210565243582,-0.5339651894798237,-0.03944384906438078,0.9969782898886758,0.06692138867087298,0.5325117119171213,0.07764388262418977,-0.8428539043998894,5.263244851789409,32.17531869071609,2.6709881702010705,5.263244851789409,32.17531869071609,2.6709881702010705,107.54745937594357,0.9999999999999996,0.10000000000000142
1756296071.4521873,0,-0.043988275990116045,0.02235831830260148,-0.6812258481315556,-0.8463805018707158,0.004664835248831354,-0.532558245983645,-0.037157263583187675,0.9970077125815078,0.06778612554202461,0.5312808897523841,0.07716126207554454,-0.8436745556307979,5.2256517084061045,32.092040303866696,2.5137491040783573,5.2256517084061045,32.092040303866696,2.5137491040783573,107.91248818832457,0.9999999999999996,0.10000000000000142
1756296071.481706,0,-0.04312651514096929,0.023229588050314866,-0.6848668487847421,-0.8478700392424484,0.010230298697025353,-0.5301054022961651,-0.031192577703531198,0.9971196374179493,0.06913357919062746,0.5292857636959627,0.075151644453513,-0.845108756719935,5.081684073987418,31.95720945169413,2.1069236157964326,5.081684073987418,31.95720945169413,2.1069236157964326,112.94884357197849,0.9999999999999996,0.10000000000000142
1756296071.5147634,0,-0.041337301408295654,0.022503857922047735,-0.6998727474482562,-0.8565259397018697,0.009258496988584396,-0.516020924819277,-0.02730462498008864,0.9976259292216575,0.0632215374640778,0.515381191034875,0.06824064461988505,-0.8542396867093783,4.5673545758741625,31.02293772885026,1.8258759952966557,4.5673545758741625,31.02293772885026,1.8258759952966557,110.38524704579704,0.9999999999999996,0.10000000000000142
1756296071.5467885,0,-0.038420142358560054,0.02381018929887507,-0.7028743612439042,-0.8668921859587007,0.01776395218787913,-0.49817906411892915,-0.013507296649577531,0.9981608855871558,0.05909652630303614,0.4983126436896476,0.05795936927306814,-0.8650579290732514,3.8331206781990943,29.888428053234307,0.8926697958038403,3.8331206781990943,29.888428053234307,0.8926697958038403,113.59724163945116,0.9999999999999996,0.10000000000000142
1756296071.5791552,0,-0.033880811499800594,0.014489675971584686,-0.7632149557858364,-0.9027424176548162,0.009478348092329697,-0.43007707249303423,-0.000384418677996835,0.9997390621588531,0.022839873380059047,0.43018133338049197,0.0207838521736889,-0.9025032143431981,1.3192380316477568,25.479068562939386,0.024398506210786763,1.3192380316477568,25.479068562939386,0.024398506210786763,119.81826974719283,0.9999999999999996,0.10000000000000142
1756296071.6121497,0,-0.0376693976102955,0.018429277663781243,-0.7747979200336704,-0.9049227491939994,0.010546517293345933,-0.4254451656373069,-0.005881251568516908,0.999287509870023,0.03728114131510486,0.4255352263575392,0.03623870293967703,-0.9042159739454331,2.2950425514959534,25.184546196885524,0.3723700714583913,2.2950425514959534,25.184546196885524,0.3723700714583913,124.39678265304921,0.9999999999999996,0.10000000000000142
1756296071.6433902,0,-0.037932337484154824,0.02141875754268798,-0.7702028731130541,-0.8921081267121057,0.020791714519273596,-0.4513433226066019,-0.008230051924174819,0.998027115092898,0.0622426203230015,0.4517470049701974,0.059241726398687605,-0.8901769831633258,3.8074485716271624,26.85582533666363,0.5285613363660104,3.8074485716271624,26.85582533666363,0.5285613363660104,147.69595999954626,0.9999999999999996,0.10000000000000142
1756296071.6739151,0,-0.031872695254666836,0.01159059547276536,-0.8355595209974136,-0.9103307655132217,0.008735294511543697,-0.4137893086945438,-0.003076116158028374,0.9996068341123171,0.027869601815114557,0.41387007003345166,0.02664341993339658,-0.9099459837291216,1.6771539309975196,24.448179546714325,0.19360853109728282,1.6771539309975196,24.448179546714325,0.19360853109728282,132.08830406101183,0.9999999999999996,0.10000000000000142
1756296071.7069154,0,-0.030480737240401817,0.014838151179758962,-0.821508823281386,-0.917936460413809,0.014912844473161789,-0.39644704780422707,0.011694150422114975,0.9998761242206023,0.010534849761245304,0.39655504219322796,0.005034211289402736,-0.9179971433658284,0.31420159720994434,23.362993409485956,-0.7298862707369835,0.31420159720994434,23.362993409485956,-0.7298862707369835,138.0445675492235,0.9999999999999996,0.10000000000000142
1756296071.7399824,0,-0.023583035020766828,0.015490676973854447,-0.8068846520901899,-0.9393422223996624,0.013306131854279249,-0.34272311867211375,0.026923625546927503,0.999024375020237,-0.03500594953481089,0.3419229556562005,-0.04210991534664287,-0.938784025974466,-2.5683268386416955,19.994074297952544,-1.6417742701002567,-2.5683268386416955,19.994074297952544,-1.6417742701002567,128.44139625903546,0.9999999999999996,0.10000000000000142
1756296071.7705252,0,-0.021910314411906422,0.013371600447782371,-0.7952693844361395,-0.9554257835532846,0.009712590652340775,-0.2950715806451247,0.038013088705507556,0.9951864598032721,-0.09032671427267482,0.29277393533007595,-0.09751705392930145,-0.9511960087091883,-5.853539163393094,17.0241006841223,-2.278399271691711,-5.853539163393094,17.0241006841223,-2.278399271691711,126.34655621937505,0.9999999999999996,0.10000000000000142
1756296071.8190455,0,-0.024857612990670217,0.01689809831193328,-0.8063823961471116,-0.963765597023435,-0.002365522096488529,-0.2667400950349857,0.030201434548620745,0.9925632603106737,-0.11792390611174376,0.26503536998911587,-0.1217069372988122,-0.9565268809960731,-7.251258405269539,15.369054498219173,-1.7948852399723307,-7.251258405269539,15.369054498219173,-1.7948852399723307,137.1127025467991,0.9999999999999996,0.10000000000000142
1756296071.8489573,0,-0.02504759472661689,0.017053360743682786,-0.8072893117062585,-0.9700892920647367,-0.01345914500683601,-0.24237495092732483,0.022073496730251226,0.9894343766277668,-0.1432912247463968,0.24174268585303207,-0.14435534546011022,-0.9595426035740439,-8.555521956977344,13.989417941868865,-1.3034882574325763,-8.555521956977344,13.989417941868865,-1.3034882574325763,134.81517160489557,0.9999999999999996,0.10000000000000142
1756296071.8834798,0,-0.023080754313706302,0.01769295049097874,-0.8065215320780558,-0.9768527917796163,-0.023318438403845922,-0.21263789319586443,0.013106680482222164,0.9856485813432142,-0.16830059127301403,0.21351074473924433,-0.1671918793677349,-0.9625279410772335,-9.854003220426677,12.328170629692991,-0.7687058102534365,-9.854003220426677,12.328170629692991,-0.7687058102534365,128.25877003186363,0.9999999999999996,0.10000000000000142
1756296071.9150617,0,-0.0221020991890525,0.01514593472649613,-0.804872274462621,-0.9818617235801768,-0.030678066091242413,-0.18710000542241156,0.007449917520312878,0.9798180441263287,-0.1997525948101719,0.18945198467449637,-0.19752330663837506,-0.961817284538772,-11.605177172272647,10.920804386338641,-0.4347258176212847,-11.605177172272647,10.920804386338641,-0.4347258176212847,129.7185055875307,0.9999999999999996,0.10000000000000142
1756296071.9476218,0,-0.021843536966317023,0.018568840172685216,-0.8037656465743921,-0.9852382954440975,-0.034736882171372205,-0.16762711656358434,0.0011437979151900507,0.9778385226554334,-0.20935738663197112,0.17118467488866665,-0.20645864629036886,-0.9633642273072058,-12.096090790359682,9.856705693774456,-0.06651666304219361,-12.096090790359682,9.856705693774456,-0.06651666304219361,129.96160415274306,0.9999999999999996,0.10000000000000142
1756296071.9766283,0,-0.020602673579235783,0.016952314414570444,-0.805793572387709,-0.9879112735196035,-0.037491380003101496,-0.15041845657477815,-0.0024308148733095843,0.9739413102919469,-0.2267871584677083,0.15500131222646818,-0.22367995111826355,-0.9622587347880011,-13.08617917560602,8.916872357804188,0.14097941351431587,-13.08617917560602,8.916872357804188,0.14097941351431587,130.4880026932742,0.9999999999999996,0.10000000000000142
1756296072.0109515,0,-0.02055554114580092,0.017088771681146704,-0.8008969004668247,-0.9898428386009432,-0.04055112274224361,-0.1362599035474879,-0.006380725940534307,0.9701629658950341,-0.2423697710982589,0.14202267849501715,-0.23903854511374129,-0.9605676096678499,-13.974285216415524,8.16490688186999,0.36933499810405124,-13.974285216415524,8.16490688186999,0.36933499810405124,132.8014359713452,0.9999999999999996,0.10000000000000142
1756296072.043383,0,-0.02126160747638772,0.01768801915203072,-0.8068317964231431,-0.9901992292486553,-0.04374038061603395,-0.1326358379131894,-0.009108382412201521,0.9678946119372657,-0.25119127682434206,0.13936471492168478,-0.24752131077217296,-0.9588069028477127,-14.475183471378585,8.011086715803527,0.5270223776045952,-14.475183471378585,8.011086715803527,0.5270223776045952,132.99837563706373,0.9999999999999996,0.10000000000000142
1756296072.074271,0,-0.020445369280314627,0.018074032056004427,-0.8026362980334417,-0.9909240628386393,-0.045595688319533416,-0.12645368675539861,-0.011449524438628303,0.9659260942348029,-0.2585646705689472,0.13393434987893796,-0.2547701192898549,-0.9576814586487197,-14.897250272208453,7.6970030297849865,0.6619884019557674,-14.897250272208453,7.6970030297849865,0.6619884019557674,131.089571013831,0.9999999999999996,0.10000000000000142
1756296072.1078448,0,-0.020803150236567057,0.019062258374285122,-0.7943598925597202,-0.9907541117617221,-0.048168458376345924,-0.12683094908139675,-0.013209180004755603,0.9646571157067986,-0.26317706336199326,0.13502521094537712,-0.2590684248106799,-0.9563742696639584,-15.156880737063545,7.760077717408785,0.76384787874008,-15.156880737063545,7.760077717408785,0.76384787874008,129.24060424673223,0.9999999999999996,0.10000000000000142
1756296072.1382666,0,-0.021101969392679845,0.019786936415277612,-0.7878438954717593,-0.9903281262944812,-0.05104129426773148,-0.12901545856810084,-0.014914068703261923,0.9636479073078443,-0.26675884483167,0.13794119335708563,-0.2622546415617605,-0.9550888598211875,-15.35423033360064,7.928729444365968,0.8627934300851337,-15.35423033360064,7.928729444365968,0.8627934300851337,125.19200937452663,0.9999999999999996,0.10000000000000142
1756296072.1711497,0,-0.020423972237144643,0.02020075173469405,-0.7903520650940601,-0.9904688731523195,-0.05197654428336847,-0.12755332281337584,-0.01615023440019675,0.9635035093219115,-0.26720807894444304,0.13678662670448793,-0.2626012687873385,-0.9551596685298678,-15.372479023689777,7.861944566752449,0.9341618898294257,-15.372479023689777,7.861944566752449,0.9341618898294257,126.24141603082752,0.9999999999999996,0.10000000000000142
1756296072.2178898,0,-0.018738432013983262,0.021383621076833954,-0.7898953196761046,-0.9914183292038218,-0.050614935254720675,-0.12053142680588795,-0.017094521448240873,0.9642825869897683,-0.2643234188731224,0.129605068786519,-0.25999465524791254,-0.9568726693700479,-15.20100956060989,7.4467713561032065,0.9878240659967616,-15.20100956060989,7.4467713561032065,0.9878240659967616,123.50730220247547,0.9999999999999996,0.10000000000000142
1756296072.2502458,0,-0.01822863151842621,0.02198640868088421,-0.7881596646295801,-0.9921304266494376,-0.0499562443016492,-0.11481110648225244,-0.018402602464706874,0.9651792716318649,-0.2609412152855676,0.12384894322896393,-0.2567748961005668,-0.9585030474618285,-14.996920143840896,7.114288571376018,1.0626330258252779,-14.996920143840896,7.114288571376018,1.0626330258252779,121.94216875124572,0.9999999999999996,0.10000000000000142
1756296072.2810032,0,-0.01829290154288024,0.0215938272542522,-0.7820373661850225,-0.9921976074373878,-0.05004551830851714,-0.11418999033521038,-0.018746911890637947,0.9653733615644063,-0.26019766731545196,0.12325770195037802,-0.25602679328357386,-0.9587793385502433,-14.951070955955487,7.080151379518717,1.0824367352870468,-14.951070955955487,7.080151379518717,1.0824367352870468,120.97671691737635,0.9999999999999996,0.10000000000000142
1756296072.3171723,0,-0.017530718424387127,0.021563336948733604,-0.7790115437864066,-0.9924379111733439,-0.04943047375036324,-0.11235488743576982,-0.018889821964937915,0.9659318607512026,-0.25810620878206747,0.12128547766333284,-0.25403202288399374,-0.9595611310684917,-14.828184495639448,6.966296945845028,1.0904222720168661,-14.828184495639448,6.966296945845028,1.0904222720168661,120.00590335081505,0.9999999999999996,0.10000000000000142
1756296072.3460186,0,-0.018470671673736727,0.021960751420460126,-0.7791823827007754,-0.9920374152154258,-0.049511664747983505,-0.11580311682584507,-0.018828973226682217,0.9674563866628046,-0.25233630272431795,0.12452805539285483,-0.2481465997333694,-0.9606851869685725,-14.483033516884888,7.15350240119391,1.0873492910158689,-14.483033516884888,7.15350240119391,1.0873492910158689,120.12373689749559,0.9999999999999996,0.10000000000000142
1756296072.377918,0,-0.017614660880941258,0.022166492813420608,-0.7860485236785906,-0.9925741545201313,-0.04883122359790532,-0.11140942231507243,-0.020158745060512955,0.9692554385194451,-0.24522952493136715,0.11995904624592522,-0.2411626142303366,-0.9630422735899801,-14.058753765011943,6.889739028658757,1.1634921588843383,-14.058753765011943,6.889739028658757,1.1634921588843383,119.04175167481762,0.9999999999999996,0.10000000000000142
1756296072.4117448,0,-0.023166951101686928,0.024148001086915484,-0.772000933292461,-0.9887360622966246,-0.05372543699179652,-0.13969458305247895,-0.020984383750835656,0.9738947312644166,-0.22602811341514062,0.14819127758664846,-0.22055074208773479,-0.9640522368688258,-12.88606831832459,8.522122969894472,1.2158311986096066,-12.88606831832459,8.522122969894472,1.2158311986096066,121.18881073287893,0.9999999999999996,0.10000000000000142
1756296072.442913,0,-0.02182552990754643,0.024174024653418398,-0.7721483183132986,-0.9873644553551232,-0.05319169224471226,-0.14927181976992554,-0.020076438659257494,0.9763795212218848,-0.2151277926007809,0.15718895925618437,-0.20941268923985323,-0.9651103339376751,-12.242442122459153,9.043770845659449,1.1648552950647684,-12.242442122459153,9.043770845659449,1.1648552950647684,123.23855100183803,0.9999999999999996,0.10000000000000142
1756296072.474549,0,-0.022592331900979975,0.024547593207867136,-0.7762039068086592,-0.98568376397148,-0.05282898253545275,-0.16011438426101748,-0.01840698668996077,0.9776852871704548,-0.2092669636885419,0.16759683852630258,-0.20332382510344119,-0.9646609362160853,-11.902154265595641,9.64812346087034,1.0698361073320655,-11.902154265595641,9.64812346087034,1.0698361073320655,118.82961662201741,0.9999999999999996,0.10000000000000142
1756296072.5060494,0,-0.023816040667856055,0.025743111839407674,-0.7754760122419689,-0.9836986955086375,-0.05327086764754212,-0.17175299448534476,-0.017536735494761285,0.9789801361975226,-0.2032002850363825,0.17896742542371108,-0.19687586848255006,-0.9639556800218825,-11.543192158568786,10.309621040523746,1.0213234099166755,-11.543192158568786,10.309621040523746,1.0213234099166755,121.4755800467307,0.9999999999999996,0.10000000000000142
1756296072.541355,0,-0.024586603377906392,0.02639258526762355,-0.7693469912503954,-0.9816794781611451,-0.05561031653969718,-0.18224405299382634,-0.018455841718780657,0.9797162725816351,-0.19953798421653612,0.1896438347632562,-0.19251887682277286,-0.9627936944139097,-11.30765150570764,10.931999538356404,1.0770493867127868,-11.30765150570764,10.931999538356404,1.0770493867127868,118.42654302741477,0.9999999999999996,0.10000000000000142
1756296072.5705745,0,-0.025145465037176438,0.02735799502402835,-0.7705484780594521,-0.9800664607366434,-0.057384391541848254,-0.190201903635377,-0.020157418494542157,0.9811582556971177,-0.19215138760109252,0.19764465846256832,-0.1844871510018008,-0.9627570202789764,-10.847735119549412,11.39925875679505,1.1782590675872484,-10.847735119549412,11.39925875679505,1.1782590675872484,113.28285370043159,0.9999999999999996,0.10000000000000142
1756296072.6175284,0,-0.026854251173004513,0.027329858533956267,-0.752264449465105,-0.975905462532219,-0.062355218994452594,-0.20909412919527315,-0.022240208755044382,0.9817316815708248,-0.18896634227992234,0.21705736871690806,-0.17976298858295212,-0.9594641038733118,-10.61177883349751,12.536256654340178,1.3055051091864414,-10.61177883349751,12.536256654340178,1.3055051091864414,107.0621321681501,0.9999999999999996,0.10000000000000142
1756296072.6506937,0,-0.021499005285739933,0.02736839830158623,-0.7712065305848023,-0.9794875000519626,-0.05674084347289052,-0.19335127081025802,-0.022934741322546203,0.9846926907304453,-0.17278397628976921,0.20019549166358538,-0.16480528360468477,-0.965795518530478,-9.683792487738572,11.548391082552486,1.3413380053414414,-9.683792487738572,11.548391082552486,1.3413380053414414,107.48382164401056,0.9999999999999996,0.10000000000000142
1756296072.6814244,0,-0.021576044455552744,0.025107153114114312,-0.7797499619324253,-0.9826421434513607,-0.05137222312805567,-0.17825631154098562,-0.021949727295097452,0.9863392603121347,-0.16325768906419758,0.18420810890128184,-0.1565112080900043,-0.9703461312115492,-9.16256386791008,10.614966931514354,1.2796292496984734,-9.16256386791008,10.614966931514354,1.2796292496984734,108.79339943595885,0.9999999999999996,0.10000000000000142
1756296072.7152917,0,-0.022586924593479944,0.02301382028751314,-0.7727986453019836,-0.9846825468449424,-0.04627532756940655,-0.1681037655655047,-0.01732158942452413,0.9853302061426462,-0.16977734655335713,0.17349422030363507,-0.16426496559289394,-0.9710390190924355,-9.601491969134798,9.991042936477262,1.0077883687527276,-9.601491969134798,9.991042936477262,1.0077883687527276,104.62513340746284,0.9999999999999996,0.10000000000000142
1756296072.752602,0,-0.022627681290438125,0.022266543655470348,-0.7732383633839341,-0.986986070280433,-0.04189590250526487,-0.1552521511144307,-0.015946310467204006,0.9862049719856705,-0.1647588189239854,0.16001316275504407,-0.16013896023145777,-0.9740386548598139,-9.336316759827554,9.207660235251929,0.9256227922998335,-9.336316759827554,9.207660235251929,0.9256227922998335,110.53335420221872,0.9999999999999996,0.10000000000000142
1756296072.7777133,0,-0.02519429026680098,0.020297460145277623,-0.7645874297994879,-0.9865141132111056,-0.037955943150732134,-0.1592144805438398,-0.012030863674310764,0.9869245816798385,-0.16073309676394126,0.16323346089131513,-0.1566499807073552,-0.9740716712798033,-9.136067931831974,9.394627969393522,0.6987062152379053,-9.136067931831974,9.394627969393522,0.6987062152379053,112.6425448013588,0.9999999999999996,0.10000000000000142
1756296072.8108344,0,-0.024460840182557356,0.01649135123269923,-0.7553512132478646,-0.9875353760764535,-0.03279480152803382,-0.15394278804242453,-0.007134689672900655,0.9863744455861364,-0.1643610333926917,0.15723541967638646,-0.16121400090370247,-0.9743136398058952,-9.3952734695674,9.046466350668275,0.41394010182742136,-9.3952734695674,9.046466350668275,0.41394010182742136,110.14703095395669,0.9999999999999996,0.10000000000000142
1756296072.8429868,0,-0.028364148154061415,0.014698149729326548,-0.7371123736334932,-0.9850222887509257,-0.033589244874809805,-0.16912378097898725,-0.005722953356148171,0.9866708292091968,-0.1626281728130756,0.17233205873769322,-0.15922448748975862,-0.9720849881131033,-9.302265400453166,9.923437646152292,0.33288321285391476,-9.302265400453166,9.923437646152292,0.33288321285391476,110.29271987969712,0.9999999999999996,0.10000000000000142
1756296072.8738425,0,-0.027995662203908093,0.011971311731495017,-0.7272257559939306,-0.9845216469131628,-0.030105729789490526,-0.17265796185880294,-0.0015133323089457432,0.986559811974695,-0.16339353482245594,0.17525648799606924,-0.1606031831262899,-0.9713350508372418,-9.388500238162067,10.093584464945405,0.08807067501854249,-9.388500238162067,10.093584464945405,0.08807067501854249,107.6088864269456,0.9999999999999996,0.10000000000000142
1756296072.9057853,0,-0.027254189802747797,0.009172186827214551,-0.7259204543564411,-0.9861537843201066,-0.027693332234991576,-0.16350471865012192,-0.0008540347635989255,0.9867927914151203,-0.16198536179475523,0.16583119216768513,-0.15960283882461976,-0.9731530966622709,-9.313927490632608,9.545523505379522,0.04961961922828095,-9.313927490632608,9.545523505379522,0.04961961922828095,108.52268622640892,0.9999999999999996,0.10000000000000142
1756296072.9388676,0,-0.030609707046873172,0.005152527366550526,-0.7102997259571293,-0.9848184451066023,-0.026575742764271777,-0.1715411323104214,0.002573051521675751,0.9858677121772744,-0.16750592076763746,0.17356845791698744,-0.16540430460805575,-0.9708323266318674,-9.668854571967586,9.99536196520693,-0.14969729490798045,-9.668854571967586,9.99536196520693,-0.14969729490798045,102.50848534007929,0.9999999999999996,0.10000000000000142
1756296072.9722922,0,-0.03196779429705683,0.0017488637305029683,-0.7011827270922263,-0.9845825486066224,-0.023081872402602958,-0.1733909805776492,0.007583290299140334,0.9846911089862549,-0.17414337079446704,0.1747561120176566,-0.1727733979807373,-0.9693346451368912,-10.106221605077735,10.064465651355608,-0.44128543448277924,-10.106221605077735,10.064465651355608,-0.44128543448277924,102.02845385934069,0.9999999999999996,0.10000000000000142
1756296073.018442,0,-0.033738117320300395,0.0002816236470912104,-0.6867679453161779,-0.9845600360347727,-0.01797765619610781,-0.1741216222095977,0.012715816852037945,0.9847389398962111,-0.17357283270682683,0.17458477437907566,-0.17310697308248796,-0.9693060055654387,-10.125623414218893,10.054495455488441,-0.7399468871750798,-10.125623414218893,10.054495455488441,-0.7399468871750798,110.10553780765578,0.9999999999999996,0.10000000000000142
1756296073.0508275,0,-0.03741266509420438,-0.0013857546034687154,-0.6793274320758622,-0.983521706698842,-0.01578878194082616,-0.18009932486553687,0.014526844540946219,0.9860564776138416,-0.16577573327681813,0.18020550280133046,-0.1656603070159192,-0.9695785885834687,-9.69582028571358,10.381729987478112,-0.8462104672860846,-9.69582028571358,10.381729987478112,-0.8462104672860846,109.93588806886667,0.9999999999999996,0.10000000000000142
1756296073.0820916,0,-0.04180108484870507,-0.0026539769507000037,-0.6697060029266788,-0.9814250187365933,-0.015319579075751882,-0.19123347796559986,0.015782564964919598,0.9869805143974525,-0.1600636587201116,0.19119582432941856,-0.1601086340478928,-0.968405587583174,-9.387913754574896,11.022579362375076,-0.9213097348608699,-9.387913754574896,11.022579362375076,-0.9213097348608699,109.95634220879236,0.9999999999999996,0.10000000000000142
1756296073.115396,0,-0.044453360333051056,-0.004818839523918654,-0.6549189922652255,-0.9796216883839242,-0.015687421158203464,-0.200237989565504,0.01731204666798291,0.9866400835196567,-0.1619927116647235,0.200104074641161,-0.16215810312694773,-0.966262443077591,-9.526601849811982,11.543045098667557,-1.012435698859349,-9.526601849811982,11.543045098667557,-1.012435698859349,106.91160835804004,0.9999999999999996,0.10000000000000142
1756296073.1462634,0,-0.047424932909907694,-0.0068899997919194605,-0.6534859534802175,-0.9777396097533199,-0.017160419507689425,-0.20911904629121267,0.016086465633432138,0.987585845211384,-0.15625435661619394,0.2092044003907438,-0.1561400600116332,-0.9653257483962153,-9.187935168918273,12.07573215970306,-0.9425857642492019,-9.187935168918273,12.07573215970306,-0.9425857642492019,106.65917023033336,0.9999999999999996,0.10000000000000142
1756296073.1796532,0,-0.05011325518356422,-0.007587004014532543,-0.6469778521371654,-0.9758429400229381,-0.018868044383596867,-0.21765696246278687,0.016118899373764903,0.9873305360305163,-0.1578562437937506,0.21787780403328566,-0.15755129172060825,-0.9631754009456436,-9.289877165127251,12.584416725750835,-0.9463212639027461,-9.289877165127251,12.584416725750835,-0.9463212639027461,108.19442140169312,0.9999999999999996,0.10000000000000142
1756296073.2122676,0,-0.05148344644285022,-0.008970796403281085,-0.6455626853113883,-0.9750649873504218,-0.02123133977022592,-0.2209015632694423,0.015487616090848607,0.9864755584799858,-0.16317507857949007,0.22137841853067944,-0.16252754453679993,-0.9615489551113319,-9.59384266522622,12.790007047728391,-0.9099910610118798,-9.59384266522622,12.790007047728391,-0.9099910610118798,111.0202594500016,0.9999999999999996,0.10000000000000142
1756296073.2430885,0,-0.05653800798823482,-0.004883815184032621,-0.6345982841297942,-0.9679903903019027,-0.02620482292339567,-0.24961552743914725,0.012009873633379155,0.9885594116577674,-0.15035309294510382,0.250699755122498,-0.14853820006450272,-0.9566012941153264,-8.826232136811853,14.518923941698526,-0.7108332620985323,-8.826232136811853,14.518923941698526,-0.7108332620985323,105.24507001016605,0.9999999999999996,0.10000000000000142
1756296073.2742276,0,-0.057521732140325056,-0.001903512359122046,-0.6293020634178748,-0.9614335207153699,-0.02946458021607573,-0.27345461004989274,0.008365758981564867,0.9906521945512925,-0.1361552184360578,0.27491016591154066,-0.13319184638482448,-0.9521997336352761,-7.962757637844135,15.956660711014168,-0.4985374186102547,-7.962757637844135,15.956660711014168,-0.4985374186102547,103.7102279476129,0.9999999999999996,0.10000000000000142
1756296073.3073604,0,-0.056876992655792186,0.001615476321314036,-0.6268769813716251,-0.956953581756305,-0.03236018919471814,-0.2884313792205376,0.004289246357892693,0.992079802282518,-0.12553592421598503,0.2902093119275479,-0.12136920556039857,-0.949235519358698,-7.286301217161338,16.870487635522053,-0.25680876539766473,-7.286301217161338,16.870487635522053,-0.25680876539766473,106.25255737207026,0.9999999999999996,0.10000000000000142
1756296073.3373506,0,-0.05448537957476444,0.004597606018065782,-0.6239221698619987,-0.9552170344170123,-0.02976247731166933,-0.29440552322237556,0.00457375974207916,0.9933249989045179,-0.11525852364645948,0.29587074522735446,-0.11144344527881438,-0.9487048332453027,-6.699776074951785,17.209758404985394,-0.2743409273568602,-6.699776074951785,17.209758404985394,-0.2743409273568602,107.35747083560672,0.9999999999999996,0.10000000000000142
1756296073.370588,0,-0.054106757150941126,0.0072899052421442545,-0.6333658917108297,-0.9540584568538917,-0.026994466474188586,-0.29840201018985246,0.0011640545863483547,0.9955916639936069,-0.09378637194902502,0.29961826693726623,-0.08982503752414898,-0.9498212235738335,-5.402421258569035,17.43467680107363,-0.06990701811383815,-5.402421258569035,17.43467680107363,-0.06990701811383815,110.29532340412212,0.9999999999999996,0.10000000000000142
1756296073.4203658,0,-0.05399257422195289,0.009449609086894708,-0.6333763179743412,-0.9529955058373824,-0.026172547426270926,-0.3018518901961218,-0.002145041820514655,0.9968198961124469,-0.07965860600060176,0.30297683847010515,-0.07526680859177212,-0.9500210223332269,-4.5298801946674985,17.63648698955683,0.12896349971259724,-4.5298801946674985,17.63648698955683,0.12896349971259724,108.62284175232121,0.9999999999999996,0.10000000000000142
1756296073.4505436,0,-0.05421222239446224,0.012443446296317282,-0.6294565299508049,-0.9506660450317049,-0.023865707532118814,-0.30929678114679404,-0.002882060719650116,0.9976727531081847,-0.06812320773087073,0.31020277972607646,-0.06387100836472275,-0.9485223928514755,-3.852331861714589,18.07145135944841,0.17369865108116755,-3.852331861714589,18.07145135944841,0.17369865108116755,109.86437472968302,0.9999999999999996,0.10000000000000142
1756296073.4823132,0,-0.05252114399406088,0.014088581784038818,-0.6388754811479594,-0.9539722954584575,-0.01967444484364169,-0.2992486854069967,-0.0007200418678401117,0.9979930933210994,-0.06331877464932276,0.2998938829610063,-0.06018888521544207,-0.9520719285112298,-3.6173589091992824,17.451229602092305,0.043245859929072594,-3.6173589091992824,17.451229602092305,0.043245859929072594,110.02971531341971,0.9999999999999996,0.10000000000000142
1756296073.515119,0,-0.05236619091325789,0.01774013841080273,-0.6405015937906509,-0.9551857633541645,-0.017984412653358865,-0.2954601807131313,-0.00252483946305433,0.9986113035342563,-0.05262214020067917,0.29599625448847877,-0.049517929632889916,-0.9539047080152525,-2.9716008328753105,17.21728676201235,0.15144939739715824,-2.9716008328753105,17.21728676201235,0.15144939739715824,112.8973680699911,0.9999999999999996,0.10000000000000142
1756296073.5466018,0,-0.05200633325840107,0.020578524694407685,-0.6346981337979624,-0.9552924214849061,-0.01947713626287359,-0.29502039017075093,-0.006421249275100553,0.9989591947382277,-0.045158551855643145,0.2955928906642575,-0.041245222886405225,-0.9544232156532024,-2.474486904926607,17.193093088250382,0.38512285196802054,-2.474486904926607,17.193093088250382,0.38512285196802054,113.55999574130117,0.9999999999999996,0.10000000000000142
1756296073.5791125,0,-0.05154847267991922,0.022334308679576864,-0.6273405664856491,-0.9552674947966618,-0.021812966232643487,-0.29493763389747907,-0.009328155620368431,0.999002402168356,-0.04367134042569336,0.2955960062274726,-0.038966587815565334,-0.9545179967587724,-2.337705540568578,17.19327994693001,0.5594736172949126,-2.337705540568578,17.19327994693001,0.5594736172949126,110.47922668010104,0.9999999999999996,0.10000000000000142
1756296073.6099663,0,-0.04998410483870327,0.02379544834807339,-0.6297515002212015,-0.9574900341672395,-0.020476354900741164,-0.2877386893700563,-0.010642946772637357,0.999305957798733,-0.03569776452317501,0.2882699466722358,-0.031117866217594964,-0.957043424431541,-1.862292194691463,16.754408567688422,0.6368429932475976,-1.862292194691463,16.754408567688422,0.6368429932475976,112.77772731422858,0.9999999999999996,0.10000000000000142
1756296073.643555,0,-0.049380613485501594,0.02402322269377628,-0.6276787787447977,-0.9601882775122559,-0.019628014332489237,-0.27866326055189106,-0.01036143495501416,0.9993444832482845,-0.03468781438621354,0.27916144503444695,-0.030419481497602634,-0.9597622324053479,-1.815371118377044,16.21016351268569,0.6182573404015272,-1.815371118377044,16.21016351268569,0.6182573404015272,113.02603773727347,0.9999999999999996,0.10000000000000142
1756296073.6743984,0,-0.05060040774104868,0.02388445253158502,-0.6214758005215589,-0.9604141964807489,-0.018252420698314956,-0.27797737378587056,-0.00969379071968935,0.9994366105851664,-0.032132411106509495,0.2784072585614836,-0.028165769307558312,-0.9600500444349727,-1.6804508879922366,16.16516790123146,0.5782863663304454,-1.6804508879922366,16.16516790123146,0.5782863663304454,109.11260220117306,0.9999999999999996,0.10000000000000142
1756296073.706343,0,-0.05064287334600623,0.02321539261604285,-0.6224026582238585,-0.9623729523969801,-0.014197038703771502,-0.27136091204660256,-0.007610676733566533,0.9996507146539301,-0.025308620893763113,0.2716254371268963,-0.022291092030914225,-0.9621448586994018,-1.32719833323398,15.761012747725957,0.45309935706072224,-1.32719833323398,15.761012747725957,0.45309935706072224,110.3933871924042,0.9999999999999996,0.10000000000000142
1756296073.7377138,0,-0.0515511550904101,0.02109855812365229,-0.6210275338788639,-0.9638259901436467,-0.012469000010725671,-0.266240464171681,-0.0067394951311364045,0.9997258589828485,-0.02242289201649849,0.2664470677808203,-0.019817439787689184,-0.9636458006712137,-1.17812543851295,15.452955545009331,0.40063075470459353,-1.17812543851295,15.452955545009331,0.40063075470459353,112.87513453852915,0.9999999999999996,0.10000000000000142
1756296073.770336,0,-0.05347984594594727,0.018218648567219865,-0.6184884581824903,-0.9631779407619607,-0.012601717633224735,-0.2685692669354438,-0.006510467911839624,0.9997012498767681,-0.023558964374457786,0.26878591525062856,-0.020942963198185144,-0.9629722343117488,-1.2458866694251753,15.592034508361483,0.38727698940294886,-1.2458866694251753,15.592034508361483,0.38727698940294886,109.95468038485258,0.9999999999999996,0.10000000000000142
1756296073.8176806,0,-0.05584877390316955,0.01598014587794279,-0.6131333502308443,-0.9597555975064498,-0.012977506370713874,-0.2805365883150286,-0.0061166531636359985,0.9996607364177379,-0.02531795052569989,0.2807699763313619,-0.02258309972399906,-0.959509366289742,-1.3482697582081755,16.30616466686344,0.3651488641557705,-1.3482697582081755,16.30616466686344,0.3651488641557705,109.85276370191528,0.9999999999999996,0.10000000000000142
1756296073.8514683,0,-0.0558216466702783,0.01332846935744866,-0.6187043360743175,-0.9603123949499532,-0.015565521963731621,-0.278492044108053,-0.007053307748780051,0.9994775610226572,-0.03154133576755576,0.27883750636398635,-0.028325245598181163,-0.9599204787410864,-1.6901881714962599,16.190835711176575,0.42081878873818823,-1.6901881714962599,16.190835711176575,0.42081878873818823,112.64031677825155,0.9999999999999996,0.10000000000000142
1756296073.8829207,0,-0.05754399369766206,0.010909086450491672,-0.6198136626579421,-0.9591575595429649,-0.020322184547580703,-0.2821414269241548,-0.008984445373715056,0.9991014093493085,-0.04142044878502209,0.2827296512800007,-0.03719385233395406,-0.9584782530843616,-2.222253921609081,16.423186598662962,0.5366748573758002,-2.222253921609081,16.423186598662962,0.5366748573758002,112.29722529776765,0.9999999999999996,0.10000000000000142
1756296073.9137812,0,-0.059463872113839036,0.009506677074363699,-0.6181996351184025,-0.9560223883115718,-0.025073419872546774,-0.29221997991741283,-0.012908983272608473,0.9989708030940659,-0.04348209650493626,0.2930094728808365,-0.03779759491676754,-0.9553621253852397,-2.2656474656083105,17.038214964745013,0.7736066875385177,-2.2656474656083105,17.038214964745013,0.7736066875385177,109.4064193835362,0.9999999999999996,0.10000000000000142
1756296073.9465175,0,-0.06056644334285298,0.009616397432638884,-0.61409849423334,-0.9515484601239512,-0.030038560704224955,-0.3060281243718555,-0.02090954724815302,0.99923442321871,-0.03306596873900931,0.30678709045462543,-0.02506496211029406,-0.9514480694209195,-1.5090518357821452,17.865711902436765,1.2588281999361186,-1.5090518357821452,17.865711902436765,1.2588281999361186,112.86766753225966,0.9999999999999996,0.10000000000000142
1756296073.977882,0,-0.060983813839598056,0.008058980768835697,-0.6147775679007293,-0.9477651127492814,-0.03649847795262616,-0.31687403201033,-0.029503927952220923,0.9992041025087828,-0.026845479414765554,0.31760165190176853,-0.01609418021398127,-0.948087637337661,-0.9725261727063241,18.517944802222953,1.7830417963401999,-0.9725261727063241,18.517944802222953,1.7830417963401999,109.87288291849845,0.9999999999999996,0.10000000000000142
1756296074.0099716,0,-0.06140138439048943,0.00574892823971274,-0.6128600554057808,-0.9441063366002144,-0.04539268771921013,-0.32650073367903687,-0.03760450051375513,0.9988383819984449,-0.03012952352494482,0.3274891246017707,-0.016167577071270856,-0.9447166150328948,-0.9804458797534323,19.11644623941493,2.280930402272503,-0.9804458797534323,19.11644623941493,2.280930402272503,106.96800197528916,0.9999999999999996,0.10000000000000142
1756296074.0431988,0,-0.06097867427574467,0.002765340613855095,-0.6187738783503183,-0.9429431957368476,-0.053969957934562975,-0.32855041204375773,-0.04285449892857041,0.9982403137316381,-0.04098497239894059,0.3301842236315397,-0.02456663757013295,-0.9435967670479458,-1.491364531765413,19.279957493539165,2.602164698421433,-1.491364531765413,19.279957493539165,2.602164698421433,109.83151883134046,0.9999999999999996,0.10000000000000142
1756296074.0749903,0,-0.06008652021893499,0.002729396999256761,-0.6156612394859818,-0.941732555944223,-0.05963366856339357,-0.3310341653793941,-0.04800171674775691,0.9979121342906149,-0.0432111955957942,0.3329198526132511,-0.024803181433461233,-0.9426288633002652,-1.5072631765464166,19.446094799368304,2.917938438297057,-1.5072631765464166,19.446094799368304,2.917938438297057,108.04681332112813,0.9999999999999996,0.10000000000000142
1756296074.1066704,0,-0.06054930384563625,0.0026557982148511924,-0.6105872366472008,-0.9386458186577585,-0.06386107048160901,-0.338918560709279,-0.05192180906881809,0.9976730467540628,-0.044188432009826445,0.34095183363537945,-0.023880022140040428,-0.9397774160317239,-1.4555894770140583,19.93487552244592,3.1661269904020344,-1.4555894770140583,19.93487552244592,3.1661269904020344,107.48204723254102,0.9999999999999996,0.10000000000000142
1756296074.1379304,0,-0.060639638987977695,0.0033238690163363274,-0.6087021390065341,-0.9362860757707153,-0.06710487999188118,-0.3447685011702051,-0.056443259337264615,0.9975684720232206,-0.040881561866488426,0.3466735392170287,-0.01881697920848227,-0.9377970881273875,-1.1494904944229631,20.28398834316103,3.449855276224838,-1.1494904944229631,20.28398834316103,3.449855276224838,108.98217924917755,0.9999999999999996,0.10000000000000142
1756296074.1697633,0,-0.060385757887807937,0.0028024036818949435,-0.6069031074616023,-0.9338056870081518,-0.069240651281693,-0.35101662513522164,-0.057700750294876445,0.9973969313502434,-0.043243320276390156,0.35309710042230885,-0.020126935762930377,-0.9353701642291959,-1.2326783436689084,20.676865051266887,3.53586569672305,-1.2326783436689084,20.676865051266887,3.53586569672305,106.72744123991006,0.9999999999999996,0.10000000000000142
1756296074.2185013,0,-0.060296499900392764,0.003973451054608278,-0.6040572877559636,-0.9315068989106297,-0.06824786371612358,-0.35726338516574574,-0.058236888504331445,0.9975516736077441,-0.03871851365591524,0.35903114363413746,-0.01526065465747291,-0.9332008092153528,-0.9368757147541373,21.04070715993407,3.5774192901620268,-0.9368757147541373,21.04070715993407,3.5774192901620268,107.80682827018929,0.9999999999999996,0.10000000000000142
1756296074.2493944,0,-0.060483801126076896,0.003882397124156911,-0.6039138516297909,-0.9286844959779447,-0.0661844255845323,-0.3649174272903894,-0.056879850476450444,0.9977244949984011,-0.036201031614615437,0.3664830003424003,-0.01286288809837245,-0.9303358299935572,-0.7921249735959464,21.498877610692897,3.5048602772144477,-0.7921249735959464,21.498877610692897,3.5048602772144477,103.99224119034625,0.9999999999999996,0.10000000000000142
1756296074.283859,0,-0.05956109975051521,0.004130893867569892,-0.6038427170144013,-0.9282006345240081,-0.061668474031993256,-0.36693402864792246,-0.05028950437020531,0.9979131579434586,-0.040500554977847075,0.36866590270789634,-0.019139710391745397,-0.9293649033973106,-1.1798052897582352,21.63336355533331,3.1012281694661112,-1.1798052897582352,21.63336355533331,3.1012281694661112,102.89508782190069,0.9999999999999996,0.10000000000000142
1756296074.3138916,0,-0.0584043111643092,0.004532837265562168,-0.6087543207179401,-0.9305690698947674,-0.05293524430606984,-0.3622693280771154,-0.04049045284878727,0.9983025027384428,-0.041864498734152066,0.36387048435300184,-0.024289358501582252,-0.9311328034605449,-1.4942682590420873,21.338086904464898,2.4914535889583362,-1.4942682590420873,21.338086904464898,2.4914535889583362,103.54542036769296,0.9999999999999996,0.10000000000000142
1756296074.346757,0,-0.058153355725551435,0.005036389576765742,-0.6105937614426605,-0.9332143505709553,-0.04142976335055389,-0.3569237321853898,-0.028098990988260974,0.9987031147598694,-0.04245627485280918,0.35821979648516417,-0.029591608230252548,-0.9331682132008544,-1.816292354116058,20.99090781433376,1.7246491381729072,-1.816292354116058,20.99090781433376,1.7246491381729072,99.91196990698892,0.9999999999999996,0.10000000000000142
1756296074.377948,0,-0.05673606231014878,0.0050524315230446835,-0.613648953368485,-0.9378978702369328,-0.027594664090192983,-0.34581226050962305,-0.012371805945171925,0.9988578495784514,-0.04615121616130319,0.34669081819783026,-0.03900680516604427,-0.9371680456183179,-2.3833890524832952,20.285043813286887,0.7557444988553357,-2.3833890524832952,20.285043813286887,0.7557444988553357,101.62789425994755,0.9999999999999996,0.10000000000000142
1756296074.4107087,0,-0.05691621295777514,0.006112645582947615,-0.610777090107283,-0.9405651253339813,-0.011685746288055205,-0.3394122689873827,0.0047415287244453735,0.9988585767794118,-0.04752958551853189,0.3395802746197539,-0.04631400358314298,-0.9394361341577582,-2.8223847713647103,19.85130420264212,-0.2888341016896163,-2.8223847713647103,19.85130420264212,-0.2888341016896163,102.08324914504885,0.9999999999999996,0.10000000000000142
1756296074.4418385,0,-0.05762966059674047,0.006684989378117153,-0.6143630158438514,-0.941578626701815,0.004883829879357402,-0.3367578327879454,0.02078867830041676,0.9988310148040415,-0.04363982951445529,0.3361510383634804,-0.04809108099469628,-0.9405794635946055,-2.926938949179487,19.642547195302747,-1.2648014854332814,-2.926938949179487,19.642547195302747,-1.2648014854332814,102.13721140676252,0.9999999999999996,0.10000000000000142
1756296074.474721,0,-0.057619314328916954,0.007630150687252509,-0.6149641453575407,-0.9421107090586616,0.022819928063867234,-0.33452453237415347,0.03811198304261454,0.9985035289399269,-0.03921963083804091,0.3331289369381555,-0.04969862752302797,-0.9415705803585741,-3.021421511641961,19.458799665256304,-2.316570368531103,-3.021421511641961,19.458799665256304,-2.316570368531103,102.97727835031672,0.9999999999999996,0.10000000000000142
1756296074.5076482,0,-0.05796837139816669,0.008535081108638943,-0.6132296786647957,-0.9409802596018062,0.04068952932470195,-0.3360067160683722,0.05501340535583599,0.9979329445238854,-0.033216915345085044,0.3339605908949017,-0.04974133529794199,-0.9412736707737583,-3.02496521303388,19.509344411254194,-3.345927830047316,-3.02496521303388,19.509344411254194,-3.345927830047316,102.18357569569775,0.9999999999999996,0.10000000000000142
1756296074.5379508,0,-0.05801803043519528,0.009319210540275723,-0.6095399993766174,-0.9407691916232451,0.05768797059777556,-0.3341039151833701,0.07184965201983771,0.9969589410989944,-0.03017444725923926,0.33134718287194564,-0.052392440400143264,-0.9420531177124479,-3.1832350190822467,19.350564413869428,-4.3673896990937635,-3.1832350190822467,19.350564413869428,-4.3673896990937635,101.1524721238292,0.9999999999999996,0.10000000000000142
1756296074.570032,0,-0.05807949353681952,0.009287729808231148,-0.6116662467184178,-0.9409992484768626,0.07372599971347686,-0.33028001957767367,0.08852992594085386,0.9956221009227226,-0.02998473556880387,0.32662343237876706,-0.0574552793089771,-0.9434066060297863,-3.48511875726723,19.06395919406109,-5.37461059470138,-3.48511875726723,19.06395919406109,-5.37461059470138,102.21070973080224,0.9999999999999996,0.10000000000000142
1756296074.6183736,0,-0.05807447389863972,0.00867212918008866,-0.6145506556695532,-0.9420139204221127,0.08725188292606097,-0.3240322247197319,0.10534468218135608,0.9936830013723517,-0.03868579480564255,0.31860990516157994,-0.07057762895912664,-0.9452547416561512,-4.270077200800074,18.578878657611366,-6.380831394953077,-4.270077200800074,18.578878657611366,-6.380831394953077,101.13340387699358,0.9999999999999996,0.10000000000000142
1756296074.649359,0,-0.05831686939508018,0.010883312690666728,-0.6140992244522264,-0.9406555338143243,0.10522871930919546,-0.3226361469783497,0.12005091252070489,0.9924184641914113,-0.02633192615261938,0.3174191946109037,-0.06350203590836669,-0.9461567239776179,-3.8396918673127516,18.506920304450176,-7.273040761945424,-3.8396918673127516,18.506920304450176,-7.273040761945424,103.19776775481834,0.9999999999999996,0.10000000000000142
1756296074.6823814,0,-0.05878238781202283,0.011883453557359916,-0.6162944047088067,-0.938673513331193,0.12268678709717806,-0.32224212580332573,0.1355405139859872,0.9906142796505641,-0.017666862223046982,0.3170501607614939,-0.060260278991765566,-0.946492416418085,-3.6429302724803563,18.48462458278338,-8.216479136475613,-3.6429302724803563,18.48462458278338,-8.216479136475613,102.36182479111882,0.9999999999999996,0.10000000000000142
1756296074.7163682,0,-0.05863897270635251,0.012582408400942118,-0.6162207766344412,-0.9369077019297851,0.1396043452429511,-0.3204911618967612,0.1510317668997008,0.9884682962564282,-0.010946811548050533,0.3152671303066711,-0.058660498507948355,-0.9471882508049789,-3.5438698070860823,18.37694095505121,-9.157436920571428,-3.5438698070860823,18.37694095505121,-9.157436920571428,100.4100344875302,0.9999999999999996,0.10000000000000142
1756296074.74635,0,-0.0589918929708005,0.013922783814793147,-0.6164674955860799,-0.9337253055674446,0.15698863577002142,-0.32173222092611375,0.16479491408302832,0.9863232620030689,0.003009837868197706,0.3178044839761538,-0.05020947192206944,-0.9468259179458267,-3.035509178069617,18.53020122626274,-10.009161661974332,-3.035509178069617,18.53020122626274,-10.009161661974332,100.61839501648214,0.9999999999999996,0.10000000000000142
1756296074.7786765,0,-0.058450383238084734,0.014746026790753626,-0.6152521497293348,-0.9304558494227914,0.1743346931814165,-0.3222721319448103,0.1795111608259349,0.9836586487570139,0.01383495082937458,0.3194176817488932,-0.04497863358159347,-0.9465459667165118,-2.7205744645088146,18.627712408693224,-10.919806982131462,-2.7205744645088146,18.627712408693224,-10.919806982131462,98.68903171961855,0.9999999999999996,0.10000000000000142
1756296074.8094707,0,-0.05745198597085271,0.015923785438478354,-0.6148619229582877,-0.9266760861986565,0.19387586438754525,-0.32199934856381746,0.19593787312989333,0.9802627524958665,0.026330323631917937,0.3207487819787855,-0.03869218625523585,-0.946373675448507,-2.341215782885911,18.70821408160858,-11.938864961280984,-2.341215782885911,18.70821408160858,-11.938864961280984,99.38981063200899,0.9999999999999996,0.10000000000000142
1756296074.8412898,0,-0.05631953531097755,0.017510376402716913,-0.6181962594106545,-0.9245107984199924,0.21207202674192052,-0.3167100236468728,0.2094886625684698,0.9768822485661098,0.04260953756725332,0.31842469103400634,-0.026954181679203795,-0.9475648728345213,-1.6293813245126216,18.567683598027088,-12.767286164054298,-1.6293813245126216,18.567683598027088,-12.767286164054298,104.85390908551553,0.9999999999999996,0.10000000000000142
1756296074.874543,0,-0.05525711351222889,0.019072450726420265,-0.6139989763319382,-0.9208468766762241,0.23118196256756637,-0.3139998883742655,0.22454055878297938,0.9727553149226333,0.057694321654699995,0.31878294681031827,-0.017378074495666796,-0.9476684205721708,-1.0505559940896205,18.589338629791385,-13.703658118244391,-1.0505559940896205,18.589338629791385,-13.703658118244391,102.19323342419284,0.9999999999999996,0.10000000000000142
1756296074.9056091,0,-0.054293713273379465,0.020686671837402255,-0.6087880405829226,-0.914606259840804,0.25177569604499744,-0.31639277542490263,0.24011194757495094,0.9677641691088068,0.07601819269691294,0.3253331247994582,-0.006442970603536394,-0.9455775198459522,-0.3903956074498467,18.98575846980297,-14.709933415619673,-0.3903956074498467,18.98575846980297,-14.709933415619673,101.20170619566163,0.9999999999999996,0.10000000000000142
1756296074.9405174,0,-0.05350392925908241,0.02172400259135128,-0.6036524695812854,-0.9070876165103119,0.27227440795945246,-0.321027573183319,0.2553781046920508,0.9622124091206432,0.09449499128601528,0.33462528239440836,0.003731823224349659,-0.9423438830267243,0.22689870094467324,19.549753177757175,-15.723838809082139,0.22689870094467324,19.549753177757175,-15.723838809082139,100.71792442312037,0.9999999999999996,0.10000000000000142
1756296074.970764,0,-0.052248735161575056,0.022549230309544286,-0.5996713092693576,-0.9003928016886351,0.28886434058276406,-0.32534627000624283,0.26801766936303945,0.9573151336980912,0.10823245216574545,0.34272340389371525,0.010253171816115375,-0.9393804026544381,0.625348519999136,20.04288567846813,-16.57655766010612,0.625348519999136,20.04288567846813,-16.57655766010612,100.16121938982054,0.9999999999999996,0.10000000000000142
1756296075.0180893,0,-0.05089754212476351,0.023128790295091014,-0.59974154915187,-0.8944758638712288,0.30761804505170015,-0.324475064235126,0.28309532922223074,0.9513607322289511,0.12153103202619009,0.34607797318577754,0.01684919972474091,-0.9380544445522659,1.0290279392607147,20.24761314696748,-17.562213636316613,1.0290279392607147,20.24761314696748,-17.562213636316613,97.78486891494408,0.9999999999999996,0.10000000000000142
1756296075.0503511,0,-0.05012829873211805,0.023705482511258945,-0.6041580420302549,-0.8891003101024604,0.32755887535567446,-0.31969645251618756,0.29730321472868776,0.944351292303631,0.14075310027296004,0.3480106853067834,0.03009684203015161,-0.937007333488973,1.839718109073175,20.36568791966745,-18.4892437406165,1.839718109073175,20.36568791966745,-18.4892437406165,96.73945710795353,0.9999999999999996,0.10000000000000142
1756296075.082324,0,-0.04938219104062581,0.025573283182401537,-0.5993225131621716,-0.8808935218465358,0.3464695146473763,-0.3224677946536964,0.3105040428944419,0.9372195644869822,0.15876626621873563,0.3572307972655963,0.039728621456619304,-0.9331708279420993,2.4378264792379127,20.930226881689688,-19.416922166938207,2.4378264792379127,20.930226881689688,-19.416922166938207,99.26355095394418,0.9999999999999996,0.10000000000000142
1756296075.1145194,0,-0.04797174665801275,0.02543541815145721,-0.6003836486607098,-0.874715201773917,0.3649823511265407,-0.3188435339657337,0.32610387693357784,0.9299445403418187,0.16988058552210494,0.35851021914933656,0.0446210180810105,-0.932458785958344,2.7396891584577077,21.008731638001777,-20.44603310475162,2.7396891584577077,21.008731638001777,-20.44603310475162,98.01078812690109,0.9999999999999996,0.10000000000000142
1756296075.1486502,0,-0.04695097883656684,0.026819514089718645,-0.6000974100002205,-0.8662755872161816,0.3854068176723736,-0.3178493226120098,0.34102535628055386,0.9211628636008862,0.18751182655058454,0.36505932855767576,0.05404223916779308,-0.9294143978972726,3.327804726363354,21.41123392939077,-21.487993974923597,3.327804726363354,21.41123392939077,-21.487993974923597,102.23535433115755,0.9999999999999996,0.10000000000000142
1756296075.1784358,0,-0.045922511696076085,0.026931256532604555,-0.6009222216296052,-0.8587924263935123,0.40413277583152096,-0.3148845310075645,0.35669986575463863,0.912837517271039,0.19872813800030564,0.3677509675578937,0.058346949887336616,-0.9280920532463781,3.597315709331923,21.576980328458056,-22.55557970077217,3.597315709331923,21.576980328458056,-22.55557970077217,100.12363613343312,0.9999999999999996,0.10000000000000142
1756296075.209471,0,-0.04474907119114563,0.02695926212871047,-0.6046668957569513,-0.8520570362301736,0.4217552993945545,-0.3100343117193042,0.3720711282313458,0.9045952331080496,0.2080157200185768,0.36818729275642637,0.06188644173648386,-0.9276897033932685,3.8165627450985085,21.603866294099603,-23.589641145865556,3.8165627450985085,21.603866294099603,-23.589641145865556,101.51847161268238,0.9999999999999996,0.10000000000000142
1756296075.2427766,0,-0.04390037828657582,0.027630473887609863,-0.6040967529320762,-0.8439421929545972,0.43868510529178983,-0.3087344382250169,0.38783938848967237,0.8965890023280212,0.21379609360416424,0.3705970637861862,0.0606921683545316,-0.9268086517795799,3.746671032284411,21.752444459910087,-24.68146889620658,3.746671032284411,21.752444459910087,-24.68146889620658,102.12987403320913,0.9999999999999996,0.10000000000000142
1756296075.274035,0,-0.042709579777229244,0.02840185126735794,-0.6013763699690496,-0.8364191559609268,0.45387005085928633,-0.3072539218213493,0.40163250297987174,0.8890104876407153,0.2198901667081572,0.37295352001520815,0.06051718597065393,-0.9258743662670758,3.7396587374084334,21.89788423276271,-25.6494291563248,3.7396587374084334,21.89788423276271,-25.6494291563248,102.07691204758206,0.9999999999999996,0.10000000000000142
1756296075.3060546,0,-0.04054903898666185,0.027364667515237882,-0.6077684601708674,-0.830980382243403,0.46872451916754193,-0.29961463491919843,0.41980606828827244,0.8817547634416287,0.21510788497016978,0.3650129714886175,0.05297039058902678,-0.9294943078717026,3.261666732700178,21.40838099341528,-26.80261873320393,3.261666732700178,21.40838099341528,-26.80261873320393,103.63891134957554,0.9999999999999996,0.10000000000000142
1756296075.3404105,0,-0.039050895294314325,0.027767974048805707,-0.6098686835894293,-0.8266043851165282,0.48066405459443073,-0.29272385814444385,0.4342147214761133,0.8756000060047439,0.21161806429961016,0.3580262087606824,0.047819411386326185,-0.9324862131608797,2.9356492754002943,20.979028127563357,-27.712915367221314,2.9356492754002943,20.979028127563357,-27.712915367221314,103.46812835904083,0.9999999999999996,0.10000000000000142
1756296075.3703678,0,-0.03813825124857987,0.028363424536080477,-0.6095319680455465,-0.821297702997268,0.4926040073499336,-0.2877696561387219,0.44719893027853697,0.8690927701699064,0.21140216081235033,0.35423607920304206,0.04493382669198351,-0.9340758809698874,2.754096891345853,20.746632709479204,-28.56841746481959,2.754096891345853,20.746632709479204,-28.56841746481959,103.5939187470388,0.9999999999999996,0.10000000000000142
1756296075.4178762,0,-0.03600236228570299,0.02923815255854493,-0.606726680750562,-0.8168038785663586,0.5047431021070306,-0.27940262138055433,0.4589863389248998,0.8619540890574221,0.2153292572724543,0.3495181892824329,0.04763978623547341,-0.9357176316219377,2.914558662909087,20.45784825734712,-29.332924493723056,2.914558662909087,20.45784825734712,-29.332924493723056,101.08381211219323,0.9999999999999996,0.10000000000000142
1756296075.4465733,0,-0.0343740883977545,0.029797819358905887,-0.6051822994717603,-0.8114205239526558,0.5181089295697566,-0.2704808133832766,0.4727769499006583,0.8539355950730377,0.2174303454209821,0.34362579785433506,0.048550350846705545,-0.9378508274142715,2.963423598276478,20.097931914915733,-30.22736316894435,2.963423598276478,20.097931914915733,-30.22736316894435,100.66402193641686,0.9999999999999996,0.10000000000000142
1756296075.4815743,0,-0.03283553050203167,0.030029644598270542,-0.603105720935067,-0.8044359296078708,0.5306040182774402,-0.267099627374796,0.4870166183582979,0.8465384900942962,0.21491253623676215,0.3401435705680308,0.04280140858317043,-0.9393989518966518,2.6087374269937698,19.88562140331517,-31.19129149085657,2.6087374269937698,19.88562140331517,-31.19129149085657,100.07891378027088,0.9999999999999996,0.10000000000000142
1756296075.512177,0,-0.031093406936595132,0.03072220036417874,-0.6022863504939193,-0.79802617103317,0.5422878842384973,-0.2628270932652723,0.49900670342461884,0.8391689669556008,0.21630477303093482,0.33785579806099597,0.04146438841709736,-0.9402840869704026,2.5249776372264137,19.746291432237683,-32.01779042945441,2.5249776372264137,19.746291432237683,-32.01779042945441,101.82860587469442,0.9999999999999996,0.10000000000000142
1756296075.5419083,0,-0.029350200104400936,0.030444771847200527,-0.6035519396472974,-0.7913356320778334,0.5538496743317224,-0.25891785501703196,0.5126131133983073,0.8318553322825796,0.21270755070079994,0.3331902060026222,0.035598376306853044,-0.9421873710829741,2.1637596343259133,19.462522826567568,-32.934446767908554,2.1637596343259133,19.462522826567568,-32.934446767908554,102.52523954170555,0.9999999999999996,0.10000000000000142
1756296075.572976,0,-0.027115819123517824,0.02991757662263197,-0.6058221828264606,-0.7861337322795643,0.5639442112512443,-0.2529044910008811,0.525849597533542,0.8253113410340549,0.20577509843123043,0.32477062020141956,0.028777021332699285,-0.9453549213375911,1.7435704240529333,18.951678666507352,-33.77880320243867,1.7435704240529333,18.951678666507352,-33.77880320243867,102.27353092319181,0.9999999999999996,0.10000000000000142
1756296075.6099167,0,-0.02543166653792089,0.029925631283837958,-0.6064979691821929,-0.7803705444745489,0.5737057680531452,-0.24876395442074578,0.5384534473175058,0.8187798659376447,0.19916680498272393,0.31794606207404125,0.021476099219439118,-0.9478655383407114,1.297947126039162,18.538756810171172,-34.60556471231834,1.297947126039162,18.538756810171172,-34.60556471231834,101.70233494862734,0.9999999999999996,0.10000000000000142
1756296075.6354587,0,-0.023185326673536396,0.02931576336667587,-0.6097178125587114,-0.775430252167204,0.5843485993762275,-0.23925851799036893,0.5526293236154854,0.8113541599729476,0.1905393864136338,0.30546481745726084,0.015528731488247377,-0.9520767320936735,0.9344329718132656,17.786130615872427,-35.47650104291202,0.9344329718132656,17.786130615872427,-35.47650104291202,100.98449877097778,0.9999999999999996,0.10000000000000142
1756296075.6675115,0,-0.02016784292864515,0.029595568731944105,-0.6116905850178492,-0.7691102030167776,0.5969791405871829,-0.2282222629790525,0.5670855752765172,0.802126040318244,0.18710362304529637,0.29475998020218563,0.01448175221315795,-0.955461581082172,0.8683549064264753,17.14314529648558,-36.40234692860133,0.8683549064264753,17.14314529648558,-36.40234692860133,103.44710071332528,0.9999999999999996,0.10000000000000142
1756296075.7010467,0,-0.018531105618158326,0.029883739525419867,-0.606826303331207,-0.7609851981235003,0.608534977002342,-0.22491489501964043,0.5810914045338675,0.7934970178104856,0.1808183129628268,0.2885035663796792,0.006903947466823629,-0.957453929803195,0.4131375765785208,16.76838791749954,-37.36550112595515,0.4131375765785208,16.76838791749954,-37.36550112595515,101.41700712114448,0.9999999999999996,0.10000000000000142
1756296075.7315805,0,-0.01580354509577318,0.03117947983544832,-0.5990758482543407,-0.7535346620205442,0.6190758183264967,-0.2212027221734917,0.591215615064094,0.7852933469704823,0.18378916101958545,0.2874884513123431,0.0077129998882798645,-0.9577530474995913,0.46140577570599817,16.707652858231167,-38.11736928428533,0.46140577570599817,16.707652858231167,-38.11736928428533,100.97697088861291,0.9999999999999996,0.10000000000000142
1756296075.7641964,0,-0.013086011804829907,0.0319580602377898,-0.5949003601697033,-0.7467196510203041,0.6291684981772118,-0.21577016402076427,0.6002253345118459,0.7771821913769926,0.18899044742155283,0.28659956488148836,0.011612162067754006,-0.9579800870069556,0.6944771646645904,16.654486015776342,-38.79288393690058,0.6944771646645904,16.654486015776342,-38.79288393690058,98.67647924797652,0.9999999999999996,0.10000000000000142
1756296075.812714,0,-0.010375790469247583,0.03295559428249923,-0.5944302261918318,-0.7402769866707196,0.639193601625549,-0.20837831616240277,0.6095682912965991,0.7688825725377503,0.19299245553512184,0.28357799853208604,0.01584705930734452,-0.9588182254524816,0.9468812026361775,16.473867456835684,-39.46915845500766,0.9468812026361775,16.473867456835684,-39.46915845500766,95.85926696739284,0.9999999999999996,0.10000000000000142
1756296075.8459244,0,-0.008713419701028033,0.03382257411950862,-0.5891007992545257,-0.7319278187925523,0.6490118507956881,-0.20752177139840638,0.6180770253620476,0.7605840698772895,0.19872761098675185,0.28681432808906165,0.01718982767959827,-0.9578319534381624,1.0281541078053635,16.667330264152707,-40.17944617986697,1.0281541078053635,16.667330264152707,-40.17944617986697,98.17038213986508,0.9999999999999996,0.10000000000000142
1756296075.8796883,0,-0.006847414249123027,0.03404101893129203,-0.5927150243655164,-0.7231036032632953,0.6605728862169561,-0.2019025530859866,0.6273840588789154,0.7503839288752573,0.20811824031148957,0.28898169771156246,0.023820606220952556,-0.9570382213407204,1.425793073977303,16.797001573733166,-40.94578324915642,1.425793073977303,16.797001573733166,-40.94578324915642,100.1968633600471,0.9999999999999996,0.10000000000000142
1756296075.9076617,0,-0.005479091676504909,0.033797234613482524,-0.5936142125928063,-0.7143190517470644,0.6709326764551238,-0.19899154749872952,0.6365030352269361,0.7410611753568411,0.21375738706682207,0.2908817258922819,0.026032250066056195,-0.9564048010640819,1.5591409395992457,16.91075103467145,-41.70303936413873,1.5591409395992457,16.91075103467145,-41.70303936413873,99.6691949172996,0.9999999999999996,0.10000000000000142
1756296075.9401407,0,-0.0029056013957966774,0.03304121293113502,-0.5941527547527933,-0.7063892336897993,0.6808903350751673,-0.19339752358384735,0.6476783856935143,0.73198887623873,0.21143555464539243,0.28552926160479875,0.02409640354882682,-0.9580670144115341,1.440746000362907,16.59048768593711,-42.51727454118745,1.440746000362907,16.59048768593711,-42.51727454118745,100.25432253203353,0.9999999999999996,0.10000000000000142
1756296075.9778504,0,-0.0005938029219760023,0.033432628528117306,-0.5919308276964864,-0.6984212448254261,0.6898204500226068,-0.19067121310546653,0.6577542413436666,0.7236910109226118,0.20887957943328408,0.2820764484513367,0.020471136764143028,-0.959173503485508,1.2226481398104454,16.38417280915169,-43.282412801070706,1.2226481398104454,16.38417280915169,-43.282412801070706,101.17498362461778,0.9999999999999996,0.10000000000000142
1756296076.00685,0,0.0018112458120871592,0.03363623740635991,-0.5873227725046529,-0.6910488212994951,0.697752391983092,-0.1886614058636591,0.6656696899076703,0.7160714907128546,0.21006066772838883,0.28166538750582204,0.019575997296280886,-0.9593129780270105,1.1690307567839398,16.359625412020243,-43.92833514853427,1.1690307567839398,16.359625412020243,-43.92833514853427,99.95715611749885,0.9999999999999996,0.10000000000000142
1756296076.0368886,0,0.00562047160005431,0.03309777453374139,-0.5843057456685019,-0.6844966875767922,0.7061661129274558,-0.1810903245602244,0.6742883218847863,0.7076951893196939,0.21095681544705253,0.2771273058834125,0.022292150337971106,-0.9605745761611177,1.32943026093713,16.088827906627998,-44.569552753582826,1.32943026093713,16.088827906627998,-44.569552753582826,99.03646083356696,0.9999999999999996,0.10000000000000142
1756296076.0680115,0,0.008563438701463819,0.032221286947523076,-0.5823247961373069,-0.6756687952631736,0.7165582253325564,-0.1732512303444596,0.6849225537933006,0.6970943209628312,0.2119919880246246,0.27267705149659166,0.0245726960186846,-0.9617917696661261,1.4635242280998568,15.823629310714862,-45.38967845397889,1.4635242280998568,15.823629310714862,-45.38967845397889,99.64350074349417,0.9999999999999996,0.10000000000000142
1756296076.09953,0,0.012008395930055652,0.028993980946080897,-0.5878870146731952,-0.6670857682569974,0.7269521812590574,-0.1629021299789232,0.7001272131726906,0.6864786982059908,0.19638961857605916,0.25459470372341486,0.016956505303470232,-0.9668991745595193,1.0046927701495747,14.749570777536219,-46.38439799742383,1.0046927701495747,14.749570777536219,-46.38439799742383,100.87929261434077,0.9999999999999996,0.10000000000000142
1756296076.1316206,0,0.014698119088841955,0.027855294734668364,-0.5886037488462517,-0.6590990562628005,0.7366967420793765,-0.15121621686551512,0.7119471055125143,0.6759919591818053,0.19017410463545614,0.24232159001178333,0.01768562498689609,-0.9700347755018806,1.0444980339862866,14.023603092418496,-47.207417931930735,1.0444980339862866,14.023603092418496,-47.207417931930735,101.00286048844355,0.9999999999999996,0.10000000000000142
1756296076.1652107,0,0.016468892396382138,0.026752258471986885,-0.5876442819904178,-0.6508743784197585,0.745062942624955,-0.14575237577389935,0.7221684174365891,0.6668386512279906,0.18384501648281598,0.23416942664196252,0.014402248278563165,-0.9720891187904005,0.848818956690053,13.542668385361633,-47.97236357650601,0.848818956690053,13.542668385361633,-47.97236357650601,101.83729071441776,0.9999999999999996,0.10000000000000142
1756296076.2199936,0,0.019073569646887306,0.023126734648158027,-0.5914733838692544,-0.6400365218710709,0.7552936995845709,-0.14101304208843407,0.736886098471986,0.6553828667271362,0.16574732540603954,0.21760544237200757,0.002173791244101983,-0.9760343980012745,0.12760703736753953,12.56842792384192,-49.023427190388475,0.12760703736753953,12.56842792384192,-49.023427190388475,102.49512861229128,0.9999999999999996,0.10000000000000142
1756296076.2507381,0,0.021629018014144383,0.021451645311191477,-0.5943051592714318,-0.6300012345035154,0.7650408123800034,-0.13345785820621947,0.7501193324826652,0.6439598028795664,0.15045517375973244,0.20104584442312645,-0.005322374306143143,-0.9795673742892511,-0.3113074117262613,11.598123824929637,-49.97417476690143,-0.3113074117262613,11.598123824929637,-49.97417476690143,102.05819965264483,0.9999999999999996,0.10000000000000142
1756296076.2823467,0,0.023900697680133674,0.019550575159767217,-0.5933218357668207,-0.6197813117149562,0.7744273898471588,-0.12701709925598717,0.7629996366459817,0.6325014717877031,0.1333170756673338,0.1835828971527261,-0.014286568549042568,-0.9829004089083011,-0.8327419908225124,10.578523421409997,-50.91319323135903,-0.8327419908225124,10.578523421409997,-50.91319323135903,104.49394785312298,0.9999999999999996,0.10000000000000142
1756296076.314434,0,0.025560192561847613,0.01918452231639976,-0.5883046684408039,-0.6082398204607019,0.7841396140182689,-0.12316406348125153,0.7747316920481985,0.6202393813348367,0.12285729598812892,0.1727284751917556,-0.020692403646254874,-0.9847520999161524,-1.2037678815574964,9.946496420448756,-51.864634383825745,-1.2037678815574964,9.946496420448756,-51.864634383825745,103.4654743984419,0.9999999999999996,0.10000000000000142
1756296076.3458042,0,0.027821536553408292,0.016991638059238777,-0.5895149967490294,-0.5971468716030516,0.7936380344830054,-0.11642286698342758,0.78698558302592,0.6077396488006886,0.10633067001090807,0.15514285624559565,-0.028128090898031706,-0.9874915213096215,-1.6315939966071937,8.92508153788102,-52.809595088746335,-1.6315939966071937,8.92508153788102,-52.809595088746335,102.50202831387207,0.9999999999999996,0.10000000000000142
1756296076.3772855,0,0.03025783528512659,0.016285886575040327,-0.588738142110054,-0.5841595971461581,0.804595673065751,-0.1066928673619255,0.7989413945327736,0.5931921288579732,0.09907444858778011,0.14300424176948504,-0.027366058262321614,-0.9893436640981322,-1.5844443015482739,8.22172628059853,-53.8269600165368,-1.5844443015482739,8.22172628059853,-53.8269600165368,105.09820327197956,0.9999999999999996,0.10000000000000142
1756296076.409808,0,0.03077402945678997,0.014601513323404071,-0.5850426504843714,-0.5722880815403342,0.8123511591305504,-0.11212468945836676,0.8091830821255378,0.5815870656490774,0.08354175406053573,0.13307550987578112,-0.04291945163847159,-0.9901761607624948,-2.4819473589163863,7.647350639909084,-54.73045415590043,-2.4819473589163863,7.647350639909084,-54.73045415590043,106.55838545777918,0.9999999999999996,0.10000000000000142
1756296076.4444132,0,0.03319000018396313,0.011547989699651857,-0.5820610602549646,-0.5590978557842455,0.8205003038074631,-0.11911691361565695,0.820203551749091,0.5683516478324236,0.0651347687824651,0.12114339171261256,-0.0612834060576726,-0.99074145102864,-3.5395839242145826,6.9580955462423475,-55.719410481624536,-3.5395839242145826,6.9580955462423475,-55.719410481624536,102.3154945955253,0.9999999999999996,0.10000000000000142
1756296076.4743347,0,0.0357743019199293,0.0075866282405197705,-0.582525116145103,-0.5440614661074311,0.8304204982199509,-0.11999548838669405,0.8329333598784522,0.5517770220866759,0.04200161781113911,0.10108975763461645,-0.07709678354697252,-0.9918855512951511,-4.444521419368073,5.80192701086613,-56.84794183064511,-4.444521419368073,5.80192701086613,-56.84794183064511,110.48324930620132,0.9999999999999996,0.10000000000000142
1756296076.506502,0,0.03740307722401023,0.0034569565665551255,-0.5766049065162059,-0.5309795510428147,0.8383631631638098,-0.12332040797995569,0.8441220148314796,0.5360623137688726,0.009758065054432503,0.07428822552204864,-0.09891613825223111,-0.9923189291462958,-5.692541632209355,4.260326540742188,-57.828803590508926,-5.692541632209355,4.260326540742188,-57.828803590508926,105.93910891741207,0.9999999999999996,0.10000000000000142
1756296076.5380096,0,0.039333259182520924,0.0005257012386631226,-0.5791081783537235,-0.5166512512654643,0.847012948375751,-0.12506218393122442,0.8547331259005643,0.5187714941201979,-0.0175334074425856,0.05002767288291852,-0.11595344829764581,-0.9919939666015137,-6.667007555595632,2.8675715087464093,-58.84875270887446,-6.667007555595632,2.8675715087464093,-58.84875270887446,107.6883231147631,0.9999999999999996,0.10000000000000142
1756296076.5867262,0,0.03925194669712496,-0.0009745590264315155,-0.5821203378038884,-0.5030759487469944,0.852998016737456,-0.13895673151840615,0.8634249237251181,0.5030519117389561,-0.03789690206409301,0.037576467138166134,-0.13904372527283704,-0.9895730653062796,-7.998200166878831,2.1534799612668327,-59.772713269925475,-7.998200166878831,2.1534799612668327,-59.772713269925475,112.51419802711422,0.9999999999999996,0.10000000000000142
1756296076.615894,0,0.041323880418564676,-0.0020428452370316657,-0.5800426042534302,-0.4917114646889105,0.8583503363873075,-0.1464736683410448,0.8704376903064548,0.4890900021412063,-0.055939226840198863,0.02362335258702135,-0.15500216072465212,-0.9876316455962915,-8.919431012250527,1.3536443241864704,-60.53783449945462,-8.919431012250527,1.3536443241864704,-60.53783449945462,107.86691224068257,0.9999999999999996,0.10000000000000142
1756296076.6506386,0,0.0436687919707729,-0.0029636297232995207,-0.5760731489414279,-0.47912643526715293,0.8647130545465042,-0.15069569444760345,0.8776780949828783,0.47410976780890446,-0.0700077828202891,0.010909656979794388,-0.1658048894485366,-0.9860982293968193,-9.544568644704384,0.625089701055987,-61.369774946532075,-9.544568644704384,0.625089701055987,-61.369774946532075,110.3574855041517,0.9999999999999996,0.10000000000000142
1756296076.6819365,0,0.04636731855986506,-0.0035644579974694534,-0.5750447894042454,-0.4657234856544134,0.8724679683132064,-0.1479908077460541,0.8849302454269541,0.4591063055707542,-0.07822953990510419,-0.0003092547403605178,-0.16739487582539497,-0.9858898822428935,-9.636386498441226,-0.017718991699508038,-62.242943707282876,-9.636386498441226,-0.017718991699508038,-62.242943707282876,113.33623064209698,0.9999999999999996,0.10000000000000142
1756296076.7147884,0,0.04727251731661564,-0.004395214315927877,-0.578207931031807,-0.4527136589255078,0.8788304850197536,-0.15068948743102148,0.8916354389234417,0.4450451717024277,-0.08319278334181661,-0.006048725326942173,-0.17202259660957808,-0.9850744333184259,-9.905621002198814,-0.3465685460113255,-63.0815445753491,-9.905621002198814,-0.3465685460113255,-63.0815445753491,113.08869436564116,0.9999999999999996,0.10000000000000142
1756296076.7453835,0,0.04899791802452231,-0.005598884974221075,-0.5777941369005903,-0.4400084511308576,0.8849010939804829,-0.15278290743917836,0.897922170694228,0.4314123466176799,-0.08728781450805667,-0.011328649927937112,-0.17559453595704994,-0.9843973895906262,-10.113914121691124,-0.6490977129740354,-63.89377794868402,-10.113914121691124,-0.6490977129740354,-63.89377794868402,110.12170141694335,0.9999999999999996,0.10000000000000142
1756296076.7777803,0,0.0507207852638858,-0.006848813288564342,-0.5823536209789583,-0.42761110596684315,0.8901834899817629,-0.1572326181735274,0.903849110702464,0.41828145403058137,-0.08998561160778976,-0.014336217638507454,-0.18059340901027257,-0.983453350945468,-10.405407364366312,-0.821432904298261,-64.68116412922404,-10.405407364366312,-0.821432904298261,-64.68116412922404,112.77348869921782,0.9999999999999996,0.10000000000000142
1756296076.8101957,0,0.05296145992685726,-0.008333252705534321,-0.5838084043760512,-0.4138874961103072,0.8961779465152632,-0.15988192125198752,0.9101823858396382,0.4042471780802068,-0.09028977528742443,-0.01628388991625075,-0.18289151755583355,-0.9829982338414041,-10.539641476104293,-0.9330394042651622,-65.54726916212483,-10.539641476104293,-0.9330394042651622,-65.54726916212483,110.45003111879836,0.9999999999999996,0.10000000000000142
1756296076.840715,0,0.054293801433443575,-0.00946404711630156,-0.5875756085177829,-0.39797686753824074,0.9033239822673088,-0.1600630999486789,0.9173148050906376,0.3895246445484796,-0.08248696655173218,-0.012163932997824103,-0.1796561558926156,-0.9836542605935853,-10.350506709994164,-0.6969592109370146,-66.5463974743749,-10.350506709994164,-0.6969592109370146,-66.5463974743749,116.31896961383298,0.9999999999999996,0.10000000000000142
1756296076.8750675,0,0.0559926219301431,-0.011957263954343596,-0.5931174910563443,-0.38520720001930414,0.909030931846264,-0.15899112553850556,0.9227811374709488,0.37765209959029683,-0.07651054831108174,-0.00950712265145015,-0.17618642575906207,-0.9843109051499618,-10.148171634675776,-0.5447262093324793,-67.34231498359473,-10.148171634675776,-0.5447262093324793,-67.34231498359473,115.28557954733978,0.9999999999999996,0.10000000000000142
1756296076.9052014,0,0.0571914738319942,-0.015439823889145386,-0.5950132977078287,-0.36960444619509536,0.9155721672848153,-0.15849340631774922,0.9291329312981947,0.36228894245260745,-0.07388313849448677,-0.010224936676632615,-0.17456897968985646,-0.9845918555421842,-10.054107422979683,-0.5858559261360822,-68.30758400169822,-10.054107422979683,-0.5858559261360822,-68.30758400169822,116.57638214475779,0.9999999999999996,0.10000000000000142
1756296076.9380338,0,0.05845821473968358,-0.018464144370609253,-0.5989748456931845,-0.35543207833221085,0.921287281443247,-0.15779031257766313,0.9346180405629093,0.348035293078568,-0.07321579765367175,-0.012536185496124272,-0.17349691588793967,-0.9847546213298926,-9.991992998756103,-0.7182893348655898,-69.17835999531972,-9.991992998756103,-0.7182893348655898,-69.17835999531972,116.93944261201115,0.9999999999999996,0.10000000000000142
1756296076.9860117,0,0.06084733753847006,-0.020734632288254885,-0.6006324790665077,-0.3409654266163452,0.9276948667407146,-0.15206844536346764,0.9399660222529511,0.3339631043694681,-0.070231915322541,-0.014368537235867326,-0.16688582666852209,-0.9858715261102057,-9.607804771989777,-0.8232848715765018,-70.06215048014006,-9.607804771989777,-0.8232848715765018,-70.06215048014006,119.81020849836175,0.9999999999999996,0.10000000000000142
1756296077.0175557,0,0.062233923767713285,-0.0232314601890043,-0.5993020207430764,-0.3253019814828841,0.9336512152364714,-0.1499134054405053,0.9454535503581251,0.3182492986866647,-0.06953393416643752,-0.017210605989496766,-0.16435568798464534,-0.9862509837098101,-9.461221337155337,-0.9861437735930346,-71.01320871067244,-9.461221337155337,-0.9861437735930346,-71.01320871067244,117.28517217147368,0.9999999999999996,0.10000000000000142
1756296077.0486498,0,0.06407421942768285,-0.0256861819880586,-0.6034006918579706,-0.31068505748936637,0.9387996586244326,-0.14876154079424597,0.9503482653601866,0.3038904047009978,-0.06699848100926187,-0.017690946263943172,-0.162190699170183,-0.9866008349494612,-9.335549219743882,-1.0136694358222875,-71.89654860740316,-9.335549219743882,-1.0136694358222875,-71.89654860740316,118.76684784287394,0.9999999999999996,0.10000000000000142
1756296077.0840611,0,0.06628205475253622,-0.028337002167987322,-0.6026545039467845,-0.29550022078516985,0.943969108166581,-0.14697599240388218,0.9551269350602213,0.28864695402105217,-0.06644903202332347,-0.020301660975987346,-0.16001643278600725,-0.9869055597168644,-9.209764685309494,-1.1632794094066938,-72.80881141990527,-9.209764685309494,-1.1632794094066938,-72.80881141990527,113.31412417207376,0.9999999999999996,0.10000000000000142
1756296077.1146007,0,0.06700514395063502,-0.02978716518392945,-0.5991381349692937,-0.2813386636813146,0.9474258366286302,-0.15242322791015955,0.9594167144382574,0.27453555142025526,-0.06441893404020094,-0.019186567554191014,-0.16436092934428384,-0.9862136485217451,-9.461869312496674,-1.0993768024673711,-73.65679065101256,-9.461869312496674,-1.0993768024673711,-73.65679065101256,112.07827339973842,0.9999999999999996,0.10000000000000142
1756296077.1463463,0,0.07058143696997413,-0.03080496920999061,-0.5972175129317703,-0.2690578422023179,0.9511611097123247,-0.15132885025748447,0.9629441424362266,0.2626297065533558,-0.06135320516043675,-0.018613331168629066,-0.16222879092971673,-0.9865776012540979,-9.337919161635,-1.066526908813149,-74.38901587884494,-9.337919161635,-1.066526908813149,-74.38901587884494,113.36288032614381,0.9999999999999996,0.10000000000000142
1756296077.1790628,0,0.07469061886017933,-0.031075818966703746,-0.598137430215702,-0.25972504346182634,0.9550752790782496,-0.14273791750041642,0.9654878579419078,0.25385195589883525,-0.058244146942691206,-0.01939324535755809,-0.15293918981065333,-0.9880452956492238,-8.798963448448717,-1.111220772118935,-74.94335350429726,-8.798963448448717,-1.111220772118935,-74.94335350429726,114.21073715233544,0.9999999999999996,0.10000000000000142
1756296077.2096436,0,0.07849871189576191,-0.031156659280625543,-0.599937891760213,-0.2505261297788518,0.9593310256187071,-0.1300793664782759,0.9679837567016507,0.24605358892730203,-0.049649553248281124,-0.015623861871814554,-0.13835322425355315,-0.990259703450997,-7.953542716513283,-0.8952177686674836,-75.48954198751447,-7.953542716513283,-0.8952177686674836,-75.48954198751447,118.49854313136933,0.9999999999999996,0.10000000000000142
1756296077.2424698,0,0.08137861875508885,-0.03331153629346573,-0.600999618624342,-0.24062279821468796,0.9629088347794587,-0.12209522874788675,0.9704776550126607,0.23653235930819289,-0.04717588495436117,-0.016546603895082564,-0.12984228472945608,-0.9913965861328021,-7.461505978744782,-0.9480938349372381,-76.07475381354745,-7.461505978744782,-0.9480938349372381,-76.07475381354745,113.56937058867324,0.9999999999999996,0.10000000000000142
1756296077.2742238,0,0.08459940722600164,-0.03389474269952291,-0.6009005443293779,-0.23205846332043864,0.9663733546416396,-0.1107763920698823,0.9725776926836959,0.22869976410241868,-0.04229715822081012,-0.015540311947153357,-0.11755406134269325,-0.992944883347723,-6.751780560964477,-0.8904301293462401,-76.58005670119668,-6.751780560964477,-0.8904301293462401,-76.58005670119668,117.62164776542518,0.9999999999999996,0.10000000000000142
1756296077.309355,0,0.08787226134962102,-0.036051179561650985,-0.5977850623128104,-0.22366648561903607,0.9697583824984098,-0.0976830731749237,0.9744327253419619,0.2202957716585669,-0.04416601376616694,-0.021311194088230484,-0.10506404029649971,-0.9942370846247435,-6.032231265169628,-1.2211339226572673,-77.07253810325457,-6.032231265169628,-1.2211339226572673,-77.07253810325457,119.0295423241166,0.9999999999999996,0.10000000000000142
1756296077.3384535,0,0.09179835020623496,-0.03831350952296169,-0.6059359479170735,-0.21340332661339054,0.9740544411542071,-0.0753456425953348,0.9766056189024412,0.2106003478455786,-0.043462151528669,-0.026466683179390996,-0.0828579456364123,-0.9962098551642596,-4.754528973939387,-1.516606339122,-77.67374339818348,-4.754528973939387,-1.516606339122,-77.67374339818348,122.77552530812994,0.9999999999999996,0.10000000000000142
1756296077.3860736,0,0.09519084572880977,-0.04175256140195536,-0.6103315698302642,-0.20101516999977678,0.9781183158800352,-0.05364197582085318,0.9788393874538311,0.19841953621255745,-0.05003140232097057,-0.038293015015405295,-0.06256394959717426,-0.9973060699764303,-3.5896291723832405,-2.1945647033654994,-78.39504049750742,-3.5896291723832405,-2.1945647033654994,-78.39504049750742,117.64227323680628,0.9999999999999996,0.10000000000000142
1756296077.4183745,0,0.09795092482276849,-0.04440383639200058,-0.6118326374894545,-0.1864244039727946,0.98190589014079,-0.03326807043114084,0.9812806243495917,0.18442687235968777,-0.055453268863963845,-0.04831436514602985,-0.04298315551988366,-0.9979068946861175,-2.4663944607890187,-2.7692873071517408,-79.24309883910036,-2.4663944607890187,-2.7692873071517408,-79.24309883910036,117.85891735535168,0.9999999999999996,0.10000000000000142
1756296077.4511726,0,0.09969111563605398,-0.04717720584358703,-0.6160481936914918,-0.17179134938910653,0.9850019557719656,-0.016089729658158074,0.9833988247630567,0.17049722965394523,-0.062108341911282644,-0.05843358391977047,-0.026492297101847195,-0.9979397148448189,-1.5206734094998353,-3.349905954522835,-80.09090965928164,-1.5206734094998353,-3.349905954522835,-80.09090965928164,116.50519251436509,0.9999999999999996,0.10000000000000142
1756296077.4830782,0,0.10159065335247311,-0.04912031480020296,-0.624442450028029,-0.15827771759550643,0.9873944661206759,0.0005765301576000567,0.9853244022411471,0.15798362639506938,-0.0646296846595237,-0.06390607530496184,-0.009661369743915453,-0.9979091499098444,-0.5546982068163118,-3.664045277374544,-80.87424443284519,-0.5546982068163118,-3.664045277374544,-80.87424443284519,120.8041882031785,0.9999999999999996,0.10000000000000142
1756296077.5161195,0,0.10492533669986114,-0.05194763569210842,-0.632421297015328,-0.14138736174552785,0.9897575323772458,0.019739327271839295,0.9873908234106961,0.1424272393584219,-0.06909300495047681,-0.07119673997443321,0.009721552923496,-0.9974149164844934,0.5584299034780429,-4.082726889647937,-81.8510454561104,0.5584299034780429,-4.082726889647937,-81.8510454561104,126.91766940886991,0.9999999999999996,0.10000000000000142
1756296077.5465717,0,0.10715797831139963,-0.05556940068328227,-0.6351718943813083,-0.12535935513480334,0.9915864110368522,0.03227106331129784,0.9884742800868829,0.12761640096614535,-0.08144109411818548,-0.08487419918270445,0.02168971303414479,-0.9961555735233285,1.2473279470684417,-4.868790872331701,-82.77227299409809,1.2473279470684417,-4.868790872331701,-82.77227299409809,124.50194844710065,0.9999999999999996,0.10000000000000142
1756296077.578335,0,0.11001394327239142,-0.059169038799407686,-0.6347324771504713,-0.10928479719524344,0.9927118080757701,0.05079467697436384,0.9883692851939098,0.11395906364108431,-0.10069502420341889,-0.10574965336715923,0.03919946327416676,-0.9936198533099784,2.259213805176671,-6.070359005927889,-83.69038924180428,2.259213805176671,-6.070359005927889,-83.69038924180428,121.67749578748098,0.9999999999999996,0.10000000000000142
1756296077.6107733,0,0.11247129347594026,-0.0615456743847977,-0.6352983462954538,-0.09378146008864492,0.9932812653416594,0.06780387647409278,0.9881598129268439,0.10117165691873235,-0.11534504736963448,-0.1214299051306012,0.05618383893603611,-0.991008655049179,3.2448299685103166,-6.97463364806662,-84.57857316956142,3.2448299685103166,-6.97463364806662,-84.57857316956142,124.3470128485591,0.9999999999999996,0.10000000000000142
1756296077.64265,0,0.11625114829932527,-0.06521422827264087,-0.6366498436651321,-0.07632991169132167,0.9925240383151575,0.09523538180616896,0.9866476291794695,0.08896810894410986,-0.13642262065156577,-0.14387564219049398,0.0835506370860255,-0.9860624172063308,4.843194164623213,-8.272175543336811,-85.57624430609607,4.843194164623213,-8.272175543336811,-85.57624430609607,127.54882518910767,0.9999999999999996,0.10000000000000142
1756296077.6751716,0,0.11734703585698388,-0.06758778112883466,-0.6304246435435639,-0.057275589146259014,0.9913225690427911,0.11831766983147507,0.985001035305495,0.0754324032419856,-0.15518670364513137,-0.16276506792015383,0.10765461739999586,-0.9807741921652551,6.263991047151563,-9.36742725150068,-86.67212693120311,6.263991047151563,-9.36742725150068,-86.67212693120311,118.43559803619507,0.9999999999999996,0.10000000000000142
1756296077.706625,0,0.11965528382919828,-0.07156395506576697,-0.6273265219255664,-0.03556826973325045,0.9886920226641343,0.14568109866583914,0.9807056870360518,0.06257057109806308,-0.1852060448462955,-0.19222708863042307,0.13628282339592712,-0.971841416304073,7.982621511158641,-11.082783157613378,-87.92290496991154,7.982621511158641,-11.082783157613378,-87.92290496991154,116.0440804676892,0.9999999999999996,0.10000000000000142
1756296077.7403164,0,0.12123656998931602,-0.07224464117520633,-0.6286853832941927,-0.017469006890746236,0.9864309699006066,0.16324452646015478,0.9785186639132679,0.050410354052505296,-0.19990002645746388,-0.20541679135758292,0.15624576098329893,-0.9661217335321184,9.186603124704618,-11.853898700639052,-88.97723559965927,9.186603124704618,-11.853898700639052,-88.97723559965927,113.03022872736986,0.9999999999999996,0.10000000000000142
1756296077.7873373,0,0.12310838757993098,-0.07489209516471693,-0.625945526272131,0.0015427058321460865,0.9829930024854141,0.1836365353719856,0.9744396624557814,0.039775248287541955,-0.22110014440684486,-0.22464408358952775,0.17928381602469154,-0.9578060080307736,10.602039812268998,-12.98194988741599,-90.09070901233758,10.602039812268998,-12.98194988741599,-90.09070901233758,114.08194141010904,0.9999999999999996,0.10000000000000142
1756296077.8191876,0,0.12479185323764082,-0.07765639812896757,-0.6260779687928961,0.021604937886305915,0.9796662478595372,0.19946746467467988,0.9692181474364648,0.028419300935527365,-0.24455781732376264,-0.2452537651877251,0.19861114303873217,-0.9488963086249689,11.82177404305017,-14.196830953084302,-91.27697442719806,11.82177404305017,-14.196830953084302,-91.27697442719806,113.92971778615431,0.9999999999999996,0.10000000000000142
1756296077.8503082,0,0.126555189747349,-0.0785645263374306,-0.6247111427349088,0.03813282719253101,0.9750079741394987,0.21887288058299,0.9635373561449544,0.02217499114412573,-0.2666533950298586,-0.2648426906740989,0.22106044452173979,-0.9386110105173254,13.252711874959317,-15.357605664472347,-92.26634747739259,13.252711874959317,-15.357605664472347,-92.26634747739259,118.62469781253125,0.9999999999999996,0.10000000000000142
1756296077.882681,0,0.12669248502518826,-0.07761860722529375,-0.6180321432216892,0.05420013246829385,0.9699814157389219,0.23706201459014103,0.9599595337787326,0.014730628292202334,-0.2797511431566195,-0.27484548231276756,0.2427324900198443,-0.9303445056219919,14.622830042196739,-15.952806132199521,-93.23153753843157,14.622830042196739,-15.952806132199521,-93.23153753843157,117.51529075326312,0.9999999999999996,0.10000000000000142
1756296077.9137723,0,0.1273750366079512,-0.07764080336543516,-0.6158940842800924,0.06663676730402335,0.9656615485810517,0.25111215588918606,0.9567022629774052,0.00962991580942684,-0.2909089973435254,-0.28333782179084627,0.25962480296294654,-0.9232088823388074,15.707045003672164,-16.459517786848895,-93.98436301390117,15.707045003672164,-16.459517786848895,-93.98436301390117,115.12924018992601,0.9999999999999996,0.10000000000000142
1756296077.9459023,0,0.12802016032396465,-0.07746982695236046,-0.6170260261583884,0.07767794635205416,0.9616233279981241,0.2631476994015711,0.9545933185308602,0.004404486146561533,-0.2978795003319707,-0.2876069068481617,0.2743377034816706,-0.9176170724118181,16.64495675278806,-16.714739140233974,-94.65206903888931,16.64495675278806,-16.714739140233974,-94.65206903888931,115.59523533773826,0.9999999999999996,0.10000000000000142
1756296077.979464,0,0.12785713067777318,-0.07857840619623727,-0.6165910256209123,0.08780746485096928,0.9586083440722352,0.2708503125188036,0.9519091664024043,-0.0006276623816740684,-0.30637973979852995,-0.29352817247331825,0.28472732344301344,-0.9125631831547074,17.32835720646301,-17.069301120361853,-95.2702509511262,17.32835720646301,-17.069301120361853,-95.2702509511262,114.77893464093928,0.9999999999999996,0.10000000000000142
1756296078.0111287,0,0.12794788521442363,-0.07864042303677662,-0.6146643235439812,0.09380394502315051,0.9564841502356869,0.27629493344252576,0.9487027538025996,-0.0017118318539357247,-0.3161647585659539,-0.30193360996327956,0.29177926584940855,-0.907579723878251,17.82216243473036,-17.57377729863283,-95.64682392925306,17.82216243473036,-17.57377729863283,-95.64682392925306,115.18607594512308,0.9999999999999996,0.10000000000000142
1756296078.0425048,0,0.12887609816441004,-0.07799967404472141,-0.6186016932525512,0.09615977468866327,0.9536289756463503,0.28521057929101834,0.9493693829439944,-0.0017724296744031018,-0.3141570200100401,-0.2990837214900953,0.30097945993164055,-0.9055165886050311,18.38599471625878,-17.40257763290084,-95.78365298736276,18.38599471625878,-17.40257763290084,-95.78365298736276,114.85471728909215,0.9999999999999996,0.10000000000000142
1756296078.0740757,0,0.12835243215781522,-0.0790650659695587,-0.6183010199062269,0.10248580002531626,0.9503100485703436,0.2939514796346533,0.9472188126814295,-0.002992004040380032,-0.3205738118034679,-0.30376501065059125,0.3112906350953293,-0.9004581938137899,19.070394852492,-17.68387941523719,-96.17518340056017,19.070394852492,-17.68387941523719,-96.17518340056017,117.73491767303379,0.9999999999999996,0.10000000000000142
1756296078.1064415,0,0.12671197328633743,-0.07997855442386968,-0.6126167788151485,0.11043687741913824,0.9481841209983248,0.29791033683399504,0.9422066138629079,-0.004486148562367474,-0.3350023451620445,-0.3163074341505484,0.31768970263090135,-0.8938807862032756,19.565467502549666,-18.439760451552814,-96.68518619656467,19.565467502549666,-18.439760451552814,-96.68518619656467,116.27220181087907,0.9999999999999996,0.10000000000000142
1756296078.1383066,0,0.12545232924353833,-0.07936525256005168,-0.6170823579939272,0.11308485991364181,0.9492971514288243,0.2933372338238571,0.94130901428205,-0.007858242843720394,-0.3374545712399892,-0.3180395479962639,0.3142819853388504,-0.8944706141633738,19.359480317997765,-18.54440641213761,-96.85044050972317,19.359480317997765,-18.54440641213761,-96.85044050972317,114.4838215487005,0.9999999999999996,0.10000000000000142
1756296078.1888752,0,0.12330854485044904,-0.07815562524058561,-0.6158340888537815,0.11388390347434803,0.9509211116096369,0.28771426107257486,0.9412564363978076,-0.010603271501850073,-0.3375261346520559,-0.3179100147355303,0.3092516938167849,-0.8962681587573577,19.03667252382155,-18.53657842390619,-96.89876168063617,19.03667252382155,-18.53657842390619,-96.89876168063617,114.07174596433289,0.9999999999999996,0.10000000000000142
1756296078.2192326,0,0.12164830277376841,-0.0773176160508352,-0.6130122005823508,0.1138353117399861,0.951452837032225,0.285970314376144,0.9402099913248518,-0.010165865369335808,-0.34044357446457224,-0.32100886905813425,0.30762664722780925,-0.895722698105499,18.954501221697512,-18.723947978039416,-96.90344747059667,18.954501221697512,-18.723947978039416,-96.90344747059667,112.09318937278096,0.9999999999999996,0.10000000000000142
1756296078.250738,0,0.12036778941229917,-0.07617374688966239,-0.6167335670982488,0.11147009719378292,0.9522402356454296,0.2842761879749086,0.9412898583867162,-0.009442711143559275,-0.33746738761630757,-0.31866568677836105,0.305203815218939,-0.8973866564897651,18.78331849344329,-18.582250458733483,-96.75366775858787,18.78331849344329,-18.582250458733483,-96.75366775858787,110.03267199119912,0.9999999999999996,0.10000000000000142
1756296078.2827249,0,0.11912779037364638,-0.07512152933004415,-0.6174131895372456,0.11110112858109762,0.9514963714743291,0.2868992755292211,0.941175182457673,-0.008033978750335222,-0.3378235206601298,-0.31913291142370814,0.3075550523997691,-0.8964173551363241,18.936766179357335,-18.61049515436027,-96.73233110475338,18.936766179357335,-18.61049515436027,-96.73233110475338,111.77263328029699,0.9999999999999996,0.10000000000000142
1756296078.3150272,0,0.11820609825508027,-0.07362892100437164,-0.621733160328543,0.10506363050273074,0.9523724195554943,0.28626632357928433,0.9405184250545924,-0.0016364597025391933,-0.339738743937855,-0.323089346278108,0.3049329376595054,-0.895895740503285,18.79685638585815,-18.849858725756423,-96.37398360960253,18.79685638585815,-18.849858725756423,-96.37398360960253,112.15202084830221,0.9999999999999996,0.10000000000000142
1756296078.346584,0,0.11714193840927296,-0.06929452557533632,-0.6249076447691616,0.09407908877854174,0.951482517992823,0.292967819066594,0.9427460073510727,0.009434090513549674,-0.33337810899906645,-0.319967327516749,0.3075581504207285,-0.8961187942631099,18.942802836980007,-18.660949003759793,-95.69882822259756,18.942802836980007,-18.660949003759793,-95.69882822259756,114.74603726526323,0.9999999999999996,0.10000000000000142
1756296078.3786132,0,0.11596086345790434,-0.06456016393265113,-0.6278767903828647,0.07940002331875068,0.9507136645834173,0.29973182058525466,0.945192367643781,0.023729072975186945,-0.325650609156012,-0.31671284224818746,0.3091608951179106,-0.8967232106313336,19.02252204426165,-18.464247526665385,-94.8018059633394,19.02252204426165,-18.464247526665385,-94.8018059633394,116.13671382768237,0.9999999999999996,0.10000000000000142
1756296078.411411,0,0.11329298469430647,-0.06010385998535036,-0.6241834227417072,0.0616959793458941,0.9521631684423574,0.29929735514094036,0.9464504278200935,0.03939821154098688,-0.32043621612816137,-0.3168993433437708,0.303039735990485,-0.898744526881307,18.633137852973817,-18.475513562148617,-93.72964591550316,18.633137852973817,-18.475513562148617,-93.72964591550316,115.64695046380565,0.9999999999999996,0.10000000000000142
1756296078.4425561,0,0.11033376116168489,-0.054587276061384214,-0.626318454920506,0.03966716368734399,0.9554837573130953,0.2923650212249258,0.9485477044687042,0.055980332145774664,-0.31164636169864174,-0.31413972762475195,0.2896842969919126,-0.9041013436579708,17.766046427488362,-18.30888775484439,-92.39464769406833,17.766046427488362,-18.30888775484439,-92.39464769406833,115.28851935367847,0.9999999999999996,0.10000000000000142
1756296078.4741683,0,0.10772967151820818,-0.04874275352183209,-0.6229943486276825,0.015292728908492214,0.9582047831823953,0.2856741604151668,0.9499001371599968,0.07527971609706986,-0.3033524250237076,-0.31217921434001805,0.27600101056105514,-0.9090476226817414,16.88910671742798,-18.190609248364165,-90.92234236041686,16.88910671742798,-18.190609248364165,-90.92234236041686,110.64452995790562,0.9999999999999996,0.10000000000000142
1756296078.5069046,0,0.10594242523353796,-0.04341686844678149,-0.6265460793013846,-0.011826013427458384,0.9574256570117294,0.28843761318883443,0.9517211148746927,0.09926401474728273,-0.2904712978556109,-0.3067361486817055,0.27107704932714116,-0.9123761112721032,16.547267716459857,-17.862645301928406,-89.28808368662204,16.547267716459857,-17.862645301928406,-89.28808368662204,110.4807252345929,0.9999999999999996,0.10000000000000142
1756296078.5376241,0,0.10339721173240023,-0.03856039773422756,-0.6301292244847531,-0.04307016299094727,0.9574361395756794,0.28541373424268457,0.9523745402859265,0.12566499987055466,-0.27783276052817085,-0.3018736425644075,0.25985447166049314,-0.9172502153082019,15.817280609806772,-17.57017324923767,-87.41062137504588,15.817280609806772,-17.57017324923767,-87.41062137504588,109.64074828263188,0.9999999999999996,0.10000000000000142
1756296078.5865989,0,0.10069684507595045,-0.03304722143717015,-0.6343738809263696,-0.07669060900096591,0.9579859339912008,0.27637203325602255,0.9543441985750568,0.15078877088810416,-0.2578563499706526,-0.2886965554647194,0.24397888607226217,-0.9258124010909253,14.763473850770993,-16.77993678489747,-85.40561329362748,14.763473850770993,-16.77993678489747,-85.40561329362748,111.73333746950249,0.9999999999999996,0.10000000000000142
1756296078.620673,0,0.09841937635385649,-0.028817365006669905,-0.6361789692515554,-0.10990275658819895,0.9588778768880025,0.26167652036258787,0.9536159932227849,0.17595435151477765,-0.24424701360044443,-0.28024618028447185,0.22269549478552736,-0.9337391472130707,13.414367737525936,-16.27489806142056,-83.42575516744174,13.414367737525936,-16.27489806142056,-83.42575516744174,116.76888245752882,0.9999999999999996,0.10000000000000142
1756296078.6506848,0,0.09516755468241296,-0.021778899310772617,-0.6314793444756451,-0.14762891859567032,0.9573942144101898,0.24819754351759546,0.9525585708184982,0.205163879204546,-0.22481092462325536,-0.26615384940761894,0.20323410364315875,-0.9422621862103289,12.17152113989252,-15.435525989633355,-81.19030432596321,12.17152113989252,-15.435525989633355,-81.19030432596321,113.59449053475483,0.9999999999999996,0.10000000000000142
1756296078.6824973,0,0.08868711273564477,-0.01376167140667931,-0.6263802886983397,-0.19350392845965975,0.9586938002527866,0.20847644238030602,0.9522928052169962,0.23464670459495857,-0.19513927629944353,-0.23599712456431163,0.16077039957528375,-0.9583622675261064,9.523002683014113,-13.65040713400213,-78.51399559941925,9.523002683014113,-13.65040713400213,-78.51399559941925,116.11332762800323,0.9999999999999996,0.10000000000000142
1756296078.7144628,0,0.08422363605984515,-0.008160170031645068,-0.6196367287494178,-0.24052170770009093,0.9560171694608565,0.16787042568923288,0.9483071530218531,0.26833461753395016,-0.16944048087896982,-0.2070334553945808,0.11843861164738853,-0.9711382206557516,6.953371458893258,-11.948561557358163,-75.7680294180871,6.953371458893258,-11.948561557358163,-75.7680294180871,112.41336265744492,0.9999999999999996,0.10000000000000142
1756296078.7444088,0,0.08100844853468894,-0.0037709955171959823,-0.6055950001545453,-0.2815309231914528,0.9504897077845091,0.1315661608571412,0.9417466280180173,0.2999883985386549,-0.15205344244346325,-0.18399355397312886,0.08109424232294213,-0.9795764880592049,4.73243992264301,-10.602460064286559,-73.35620119611347,4.73243992264301,-10.602460064286559,-73.35620119611347,110.29112774657956,0.9999999999999996,0.10000000000000142
1756296078.779385,0,0.07768914314510225,-0.0015296641296952515,-0.6004671329111594,-0.31613360269905794,0.9433328862104714,0.10090892447319,0.933764351123913,0.3281949980488628,-0.14273114525514227,-0.16776078747625084,0.049103045216449544,-0.9846040875071662,2.855024024661958,-9.657651951196272,-71.29604691739125,2.855024024661958,-9.657651951196272,-71.29604691739125,105.5271007464164,0.9999999999999996,0.10000000000000142
1756296078.810396,0,0.07256926473059744,0.005670617527201145,-0.5952456284314325,-0.3572464171147444,0.9316753861168118,0.06599979062669858,0.9244103885883225,0.3627959164974817,-0.11766289322781023,-0.1335680760086963,0.01897624506698442,-0.9908579470310025,1.0971561160735632,-7.675826813190081,-68.87054279964568,1.0971561160735632,-7.675826813190081,-68.87054279964568,109.95853125005007,0.9999999999999996,0.10000000000000142
1756296078.8436968,0,0.06998145840477356,0.007824902806912346,-0.5975242955131572,-0.39410516838490983,0.9182419806063709,0.038894489383347323,0.9118218443224786,0.39595152992669524,-0.10864304011331374,-0.11516093290980056,-0.00735193857420121,-0.9933196406648493,-0.424060234724692,-6.61290749623699,-66.62516447333032,-0.424060234724692,-6.61290749623699,-66.62516447333032,111.13650696561783,0.9999999999999996,0.10000000000000142
1756296078.874284,0,0.06690175461601618,0.012124488722073244,-0.6001514614351369,-0.4330000350596701,0.9012485083902781,0.016189371903299693,0.8968147982544139,0.43253894773578383,-0.09291542564889788,-0.09074242266007351,-0.025713514266233563,-0.9955423787633859,-1.4795436031510292,-5.206319549848279,-64.22782481012572,-1.4795436031510292,-5.206319549848279,-64.22782481012572,112.82309857989263,0.9999999999999996,0.10000000000000142
1756296078.9063082,0,0.06456992092272464,0.013777901114218017,-0.6065961737227427,-0.4691151182088702,0.8831344004120574,-0.002153294386313155,0.8798412389865036,0.46715258365179846,-0.08745203122937735,-0.07622598012864357,-0.04291962716853161,-0.9961664045515398,-2.467051246734769,-4.371667463881262,-61.934284022435875,-2.467051246734769,-4.371667463881262,-61.934284022435875,107.67685972177392,0.9999999999999996,0.10000000000000142
1756296078.938226,0,0.0630149903472307,0.016514986104445236,-0.6060158823619683,-0.5056332211246841,0.8626908365062546,-0.009978291598040236,0.8599275880642138,0.5030117115679751,-0.08662425359863461,-0.06971075226348145,-0.052380708601503276,-0.996191082265478,-3.0098966988563234,-3.997373959420158,-59.54467980265625,-3.0098966988563234,-3.997373959420158,-59.54467980265625,109.97006653977039,0.9999999999999996,0.10000000000000142
1756296078.9868014,0,0.05803269772956089,0.020984934014708106,-0.6018309593752004,-0.5426097164501897,0.8396178268054892,-0.02483144225114771,0.8381517666195517,0.5392369312316485,-0.0820070003621571,-0.055464508709346536,-0.06531031240395152,-0.996322363177365,-3.750452057009994,-3.179513880950143,-57.08144933340627,-3.750452057009994,-3.179513880950143,-57.08144933340627,107.70007070141597,0.9999999999999996,0.10000000000000142
1756296079.0181313,0,0.05546903913035131,0.024988526510079264,-0.5980871071877057,-0.5781850353627117,0.81521205035523,-0.033635960492335595,0.81483549084823,0.5748249860479712,-0.07496237902490736,-0.0417754441836837,-0.070749900145313,-0.9966189160821123,-4.06061087743015,-2.3942533872776046,-54.64152785495419,-4.06061087743015,-2.3942533872776046,-54.64152785495419,105.7230446122504,0.9999999999999996,0.10000000000000142
1756296079.0524898,0,0.055795781608275405,0.02579126062731044,-0.6056503766064341,-0.612618742554767,0.7900149340643055,-0.023972488940190988,0.7885326779328226,0.6088351258640196,-0.08681016844952838,-0.05398603618259041,-0.07208462713724134,-0.9959364007946377,-4.139777712056997,-3.094676504135187,-52.156016934418346,-4.139777712056997,-3.094676504135187,-52.156016934418346,111.02875997906985,0.9999999999999996,0.10000000000000142
1756296079.0800374,0,0.05289975876117623,0.028785437518569622,-0.6162022321471295,-0.6468250278013793,0.762437837587789,-0.01749077540308943,0.7601033648634367,0.6426369171789682,-0.09623236151105104,-0.062130975632341025,-0.07554029714773687,-0.9952052076701595,-4.340669306978157,-3.5621369870887762,-49.60321940665963,-4.340669306978157,-3.5621369870887762,-49.60321940665963,111.75138394164314,0.9999999999999996,0.10000000000000142
1756296079.1097708,0,0.047169199086302134,0.03479744548792061,-0.6213546439837127,-0.6806626376746394,0.7322786969007464,-0.02159360412592052,0.7308670764713627,0.6767358802776848,-0.08866715781499893,-0.050315904086137585,-0.07613447583146218,-0.9958272196449858,-4.3719578550817175,-2.884106764728008,-47.03700310630981,-4.3719578550817175,-2.884106764728008,-47.03700310630981,116.21614114568636,0.9999999999999996,0.10000000000000142
1756296079.1459246,0,0.041915912075180785,0.038083613460014515,-0.6319467605895126,-0.71317175562793,0.7004279004380907,-0.02805001359115685,0.7000215929078086,0.7095148998154923,-0.08098380333514868,-0.036821412756576584,-0.07739097639712231,-0.9963206413273338,-4.441632690558265,-2.1101885680229087,-44.466861997990236,-4.441632690558265,-2.1101885680229087,-44.466861997990236,112.78004022414062,0.9999999999999996,0.10000000000000142
1756296079.1774468,0,0.037050694927686784,0.04213134627312816,-0.6377808636518505,-0.7465764018403424,0.6643832778203345,-0.03490754027192146,0.665078201081873,0.7439460558709038,-0.06492497516230598,-0.017165740905285946,-0.07168769843449056,-0.99727940479704,-4.111535645247017,-0.9835728138184127,-41.695845132138544,-4.111535645247017,-0.9835728138184127,-41.695845132138544,111.89975956530799,0.9999999999999996,0.10000000000000142
1756296079.2106822,0,0.031976205598141315,0.04805185106771666,-0.635787403867041,-0.7787918955236786,0.6256877974959817,-0.04469858533850426,0.6271031010856428,0.7782936739579016,-0.03163317381929703,0.014996135349021765,-0.0526662808800776,-0.9984995637369378,-3.0192921745209844,0.8592474717370214,-38.841904237425666,-3.0192921745209844,0.8592474717370214,-38.841904237425666,116.55743426344938,0.9999999999999996,0.10000000000000142
1756296079.2412164,0,0.027728008772576907,0.051789687910134295,-0.6380429304457357,-0.8075917949122849,0.5874405622983442,-0.05204880937119828,0.5879564617298995,0.8088673251987287,0.0063913485205915055,0.04585511858464064,-0.025440833171489298,-0.998624089488697,-1.4593450701091797,2.628226371681936,-36.055992340338776,-1.4593450701091797,2.628226371681936,-36.055992340338776,114.75957412437864,0.9999999999999996,0.10000000000000142
1756296079.2756414,0,0.022020356053799078,0.05423906655432484,-0.6409953690847007,-0.8352721175204774,0.5456476605646472,-0.0677430454968302,0.5444726399007762,0.8379894807426176,0.036375466515192446,0.07661614772577467,-0.006500821874637512,-0.9970394702430876,-0.3735703448931247,4.394087986446621,-33.09834385471717,-0.3735703448931247,4.394087986446621,-33.09834385471717,114.90145334759113,0.9999999999999996,0.10000000000000142
1756296079.306877,0,0.016184164914405334,0.05650828627628084,-0.6338601948364669,-0.8597211957353477,0.5028839997838386,-0.08937084739887168,0.4987395755776416,0.8642743286445485,0.06548832413987328,0.11017395951865418,0.011728921835508468,-0.9938431118826345,0.6761494998909825,6.3253436668016425,-30.118783702597597,0.6761494998909825,6.3253436668016425,-30.118783702597597,112.7629255886622,0.9999999999999996,0.10000000000000142
1756296079.3388324,0,0.01309809853216822,0.05774785986392923,-0.6354174343061111,-0.8813000564757761,0.4609521659907303,-0.1040831932842578,0.45374147986835267,0.8869615032622037,0.08612758662431785,0.13201848318576936,0.02867738480591071,-0.990832340861976,1.6578329991101555,7.586248346174651,-27.241887308679452,1.6578329991101555,7.586248346174651,-27.241887308679452,112.74737904750727,0.9999999999999996,0.10000000000000142
1756296079.3814166,0,0.01064479260908443,0.05830319064140165,-0.6329036063789797,-0.9002344770265235,0.42031190912673666,-0.11364763710266923,0.4117918480990035,0.9066872695600906,0.09135463347239203,0.14144030617892955,0.03544142017337552,-0.9893121577763538,2.051704057019492,8.1311991304748,-24.580651296837175,2.051704057019492,8.1311991304748,-24.580651296837175,113.26231926473712,0.9999999999999996,0.10000000000000142
1756296079.4149222,0,0.006742996705980728,0.059413001956720585,-0.6270114290178909,-0.9164708216362223,0.37978734983312834,-0.12586819294864243,0.3701414253395535,0.9242402204416762,0.09367678562763258,0.15190970455185338,0.03926300834947223,-0.987614225210592,2.2766183125380053,8.737612981391132,-21.99264617021484,2.2766183125380053,8.737612981391132,-21.99264617021484,114.16266227755894,0.9999999999999996,0.10000000000000142
1756296079.4510825,0,0.0021491762694808626,0.060347698865031135,-0.6299633948510058,-0.9297542233802819,0.3410516076456674,-0.13871151728978637,0.3302202736338255,0.9390618673941739,0.09548497309717742,0.16282400003602165,0.04297220181085694,-0.9857188924251158,2.4962165525253965,9.370849465378924,-19.5534827955629,2.4962165525253965,9.370849465378924,-19.5534827955629,113.95934925559457,0.9999999999999996,0.10000000000000142
1756296079.482371,0,-0.0013593259903870662,0.060725245479699076,-0.6385522617562315,-0.9425810126216585,0.30050351082120313,-0.14573494649280333,0.2892379235242622,0.9526646991509693,0.09365572372773795,0.166980412745035,0.04612603360060762,-0.9848806682963036,2.6814388628463917,9.612300039695802,-17.059017298825097,2.6814388628463917,9.612300039695802,-17.059017298825097,117.20201317519437,0.9999999999999996,0.10000000000000142
1756296079.514902,0,-0.007094014508187876,0.0622834797487646,-0.6440241046275419,-0.9519201389295522,0.25995598964974986,-0.16208310382504745,0.24682130943240932,0.9642091543810274,0.09685013070664955,0.18145878405415597,0.05218802595465177,-0.9820127899556828,3.0420615811448783,10.454741387033085,-14.535989080658311,3.0420615811448783,10.454741387033085,-14.535989080658311,118.3210244019332,0.9999999999999996,0.10000000000000142
1756296079.5420966,0,-0.013368889594973224,0.06487835385623811,-0.6494752065541095,-0.958575668326239,0.21934785550221175,-0.18171187737593011,0.2009011456466095,0.9728867975432123,0.11458625067604063,0.20191933481166194,0.07333346748036303,-0.9766528476262804,4.294083027137731,11.649218994337115,-11.83689294370538,4.294083027137731,11.649218994337115,-11.83689294370538,121.00418716765039,0.9999999999999996,0.10000000000000142
1756296079.5781803,0,-0.019348268640446222,0.06636453446730246,-0.6442020656745784,-0.961939846192137,0.17643578130667162,-0.20866755229923128,0.1495713751823706,0.9790316948147909,0.13829441157954683,0.22869222993775412,0.10182021225072609,-0.9681593403687819,6.003662133510488,13.220090084144955,-8.838109317830344,6.003662133510488,13.220090084144955,-8.838109317830344,123.52954554336293,0.9999999999999996,0.10000000000000142
1756296079.6091893,0,-0.025998592847233264,0.06676564614340809,-0.6436353763922817,-0.9622077019103185,0.13102290183594256,-0.23872439669826873,0.09497049565309162,0.98306022240207,0.15675842588581357,0.25521940235779395,0.1281623904477478,-0.9583514273662085,7.617093195425468,14.78658615579655,-5.636871758021073,7.617093195425468,14.78658615579655,-5.636871758021073,115.38972277530853,0.9999999999999996,0.10000000000000142
1756296079.6402295,0,-0.03176815591727681,0.06731288556191369,-0.6411895267209092,-0.9598166433999185,0.08979810516984213,-0.26587273527088084,0.043838387789018746,0.9837681533579119,0.1740069429500549,0.27718262356896317,0.15535932783927078,-0.9481736509968819,9.305292710220044,16.09212660217746,-2.6150934356366236,9.305292710220044,16.09212660217746,-2.6150934356366236,114.86669095554302,0.9999999999999996,0.10000000000000142
1756296079.6744971,0,-0.03707384974143845,0.06805013626212413,-0.6419782653300397,-0.9552566812900543,0.051066019848770086,-0.29133646264674307,-0.0044930435481679125,0.9823643193051628,0.1869228630097954,0.2957439524493889,0.1798683011898136,-0.9381806376262007,10.853070318338922,17.202153370523707,0.2694883366597196,10.853070318338922,17.202153370523707,0.2694883366597196,114.70929350301353,0.9999999999999996,0.10000000000000142
1756296079.7075355,0,-0.042260427307986445,0.06822904271817251,-0.646987360072142,-0.9494734203889212,0.013278196936154844,-0.31356644186055277,-0.052491210960882634,0.9783131488770631,0.2003697968909125,0.30942672274194877,0.20670527864660376,-0.9281853430392051,12.554797562242157,18.024685546856485,3.1643502008729456,12.554797562242157,18.024685546856485,3.1643502008729456,118.60159225652733,0.9999999999999996,0.10000000000000142
1756296079.7387304,0,-0.04866813184936999,0.06846395906984165,-0.6508803609818185,-0.9416246271184461,-0.026357067908024702,-0.33563129558391747,-0.09733781364883659,0.9756672984779817,0.19646544916280162,0.3222862262618612,0.2176663218138461,-0.9212778954853522,13.293253125256314,18.801242641638993,5.901828669710142,13.293253125256314,18.801242641638993,5.901828669710142,118.85265474318672,0.9999999999999996,0.10000000000000142
1756296079.7823162,0,-0.05223813575306472,0.0692909878596649,-0.6558726933059341,-0.9356933475346613,-0.0603973089432324,-0.347606277923451,-0.134075778434471,0.9721958506974185,0.19198675351157352,0.32634589780870593,0.22624631037685183,-0.9177750062102864,13.848218887904324,19.047135751852966,8.154422469986343,13.848218887904324,19.047135751852966,8.154422469986343,123.67243651730234,0.9999999999999996,0.10000000000000142
1756296079.8183315,0,-0.05709936755192565,0.0686424022623497,-0.6551736445181646,-0.9266331022379498,-0.09256381608907183,-0.36439406387577467,-0.17207611396041195,0.9661607115710663,0.19215434010392377,0.33427668904839447,0.24076008674097035,-0.9112045191894756,14.800556489906455,19.528559789559928,10.520013822865167,14.800556489906455,19.528559789559928,10.520013822865167,123.27585754667385,0.9999999999999996,0.10000000000000142
1756296079.8502495,0,-0.061534984660973735,0.06869908130159555,-0.6512811124249486,-0.9176954266718427,-0.12418740299645509,-0.3773759303434452,-0.20509891693566307,0.9616125462354481,0.182306733815283,0.3402492294442454,0.24470145046479502,-0.9079381377621623,15.083583586980694,19.892059197022686,12.598197404846161,15.083583586980694,19.892059197022686,12.598197404846161,123.74418923399678,0.9999999999999996,0.10000000000000142
1756296079.8828032,0,-0.06596627270829285,0.06810628568550596,-0.6472138158558585,-0.9073911815629149,-0.1567337785337804,-0.38996892990132104,-0.23869897637636805,0.9558778939537905,0.1712315698910117,0.3459249084681987,0.2484592009103109,-0.9047673641242141,15.355535830125064,20.238265838618272,14.73835554320047,15.355535830125064,20.238265838618272,14.73835554320047,127.75258253519326,0.9999999999999996,0.10000000000000142
1756296079.9131358,0,-0.07057295307201501,0.06699992805080741,-0.6493857184496652,-0.8975775165922818,-0.18649161688417293,-0.39946899571801475,-0.27018639491635493,0.9487053965889206,0.16418703507025958,0.3483588863659658,0.25530167902892065,-0.9019241314960357,15.804874316023927,20.386970082722886,16.752705568475335,15.804874316023927,20.386970082722886,16.752705568475335,123.41021509768832,0.9999999999999996,0.10000000000000142
1756296079.9469836,0,-0.07508045184036984,0.06582107200633652,-0.654691763192528,-0.8886794796447897,-0.21694985284221152,-0.40395735394965787,-0.29876096631676835,0.9422748794000793,0.15119502854603778,0.3478371277821521,0.2550506087099365,-0.9021964971850389,15.785577577552885,20.35508112275517,18.581887222947074,15.785577577552885,20.35508112275517,18.581887222947074,123.75922305371529,0.9999999999999996,0.10000000000000142
1756296079.9790773,0,-0.07914121423653292,0.06545985626794737,-0.659896029721271,-0.8807479040911046,-0.24638768950673234,-0.40444559077663383,-0.32799610518335126,0.9333833498063819,0.1456505313713927,0.34161628243349035,0.2609379787684252,-0.9028896315788384,16.119462272846846,19.97537735713596,20.425649843419507,16.119462272846846,19.97537735713596,20.425649843419507,122.18909129829794,0.9999999999999996,0.10000000000000142
1756296080.00886,0,-0.08414171084340236,0.06371211788830494,-0.6581077615684658,-0.8696068396954437,-0.2758888509761083,-0.4094744024502454,-0.3571877493936006,0.9240858077548049,0.1359497392027068,0.3408824666040147,0.2644820633109783,-0.9021354566520099,16.339730416269333,19.930647816592874,22.330223492344487,16.339730416269333,19.930647816592874,22.330223492344487,126.65634562105085,0.9999999999999996,0.10000000000000142
1756296080.0375285,0,-0.08968389793521217,0.062320713737508734,-0.6576649032686915,-0.8556939665284253,-0.304616585841903,-0.4183259151389891,-0.38832399694844344,0.9123071416942738,0.130000586951019,0.3420413849826296,0.2736867092930285,-0.8989456469194996,16.933028665382153,20.001295170647957,24.409106436153365,16.933028665382153,20.001295170647957,24.409106436153365,123.80150087354761,0.9999999999999996,0.10000000000000142
1756296080.073329,0,-0.09530573845756994,0.060561261301223336,-0.6547405460631207,-0.8396412231941717,-0.3350566798518864,-0.42748056985040406,-0.4194454053803471,0.900022607781805,0.11842659070899476,0.3450625569636786,0.27874060839474035,-0.8962340682061904,17.276382404034507,20.185614522100536,26.544564736464025,17.276382404034507,20.185614522100536,26.544564736464025,126.21461250223427,0.9999999999999996,0.10000000000000142
1756296080.106973,0,-0.10001225813443591,0.05988712946129166,-0.6647353600715606,-0.8268901510206579,-0.36491897940076623,-0.4278864529500053,-0.4476055127297073,0.8876930971148356,0.10793641789797881,0.3404438031731665,0.2807758960590714,-0.8973644260127633,17.37435300374125,19.90391525625659,28.427212486168003,17.37435300374125,19.90391525625659,28.427212486168003,125.22668271633023,0.9999999999999996,0.10000000000000142
1756296080.134578,0,-0.10575552024483356,0.058737725522790274,-0.6653668732395944,-0.8110264310205787,-0.39455351578357584,-0.43193014639967253,-0.4780533739048129,0.8725524768614265,0.10058402865870565,0.3371959369331845,0.2880619695583048,-0.8962807605934328,17.81725065062301,19.706127184964195,30.516900850006976,17.81725065062301,19.706127184964195,30.516900850006976,126.23119436564352,0.9999999999999996,0.10000000000000142
1756296080.1874008,0,-0.11313950644115513,0.05663161288538369,-0.6666323707648601,-0.7899000299680498,-0.4248363660535707,-0.4422352368761121,-0.5095218317990445,0.8559671884151866,0.08779336692909774,0.341241037357204,0.2946764911474912,-0.8925919112272876,18.26990321298024,19.95250281368046,32.823876133323495,18.26990321298024,19.95250281368046,32.823876133323495,129.59158884930278,0.9999999999999996,0.10000000000000142
1756296080.2171397,0,-0.11810716952814411,0.05476026284483066,-0.6693865631064466,-0.7706587073064655,-0.4561775613680778,-0.44495751410331474,-0.5393406113339267,0.8388157161186904,0.07416130634121383,0.33940663196035825,0.2971367141511847,-0.8924757202774558,18.414423760423205,19.84072701519538,34.98600798001979,18.414423760423205,19.84072701519538,34.98600798001979,127.60921091192687,0.9999999999999996,0.10000000000000142
1756296080.246823,0,-0.12372940492526954,0.05227407407219449,-0.6669782424770541,-0.7476670136759024,-0.4857550662912014,-0.45280906818811484,-0.5694772990415042,0.8197468358404473,0.06091576976422661,0.34159865710706694,0.30340919679865597,-0.8895241518703375,18.834076610343175,19.974302861588853,37.295522380323604,18.834076610343175,19.974302861588853,37.295522380323604,125.30271176561058,0.9999999999999996,0.10000000000000142
1756296080.2836354,0,-0.1286002803381245,0.050244871826902085,-0.6683310260575391,-0.7273988167886882,-0.5139905150848565,-0.45464789863939825,-0.5974874451636774,0.8002394732391673,0.05124000723733385,0.33749031720361733,0.30891833204376906,-0.8891961256781868,19.157893793630507,19.724044195801184,39.39977992586475,19.157893793630507,19.724044195801184,39.39977992586475,123.05882194287781,0.9999999999999996,0.10000000000000142
1756296080.3144062,0,-0.13294642617504426,0.04765114048538886,-0.6624722857866484,-0.7045086848838358,-0.5415024656971916,-0.45874022340221066,-0.6248563233704645,0.7797556528676113,0.039187969645683385,0.3364849002068203,0.3142549943355989,-0.8877058693440858,19.49437124973076,19.6628592795272,41.57107386785353,19.49437124973076,19.6628592795272,41.57107386785353,123.36801725347098,0.9999999999999996,0.10000000000000142
1756296080.3453145,0,-0.1377623006114153,0.04482882383492247,-0.6632224462792374,-0.6829988085882135,-0.5698204532693253,-0.4569652924490236,-0.6492050658510832,0.7602871741064872,0.02227544303628931,0.33473184781309917,0.3118782838305881,-0.8892055589876366,19.327713284255225,19.5562325782965,43.546901323767685,19.327713284255225,19.5562325782965,43.546901323767685,123.66845372472676,0.9999999999999996,0.10000000000000142
1756296080.3782172,0,-0.14227337812922408,0.040437900338908525,-0.6558151438892811,-0.6576490371778224,-0.6010488631365953,-0.45413435018867443,-0.6724352296871801,0.7401333162440046,-0.005791032826877374,0.33960065632244096,0.3015674689150984,-0.8909143931475733,18.700552998667376,19.85254577033541,45.63691568317441,18.700552998667376,19.85254577033541,45.63691568317441,121.28242333786098,0.9999999999999996,0.10000000000000142
1756296080.4105198,0,-0.14641641724825513,0.03611195151955977,-0.6469974391150966,-0.6317056026963351,-0.6287563325643695,-0.45344625456856985,-0.6926792941430404,0.7204441717352678,-0.03399398297027845,0.34805664336076053,0.29261864204607363,-0.8906351123437434,18.187965190757637,20.368496722850637,47.635993516648085,18.187965190757637,20.368496722850637,47.635993516648085,122.9544920145795,0.9999999999999996,0.10000000000000142
1756296080.4361355,0,-0.15185418940828171,0.030960638703548243,-0.6401859418123392,-0.6008384490926861,-0.6520318602090944,-0.4624366025350545,-0.7137365713602917,0.6980944729331464,-0.056957998235966145,0.35996286585528703,0.29583535984134984,-0.8848209847606396,18.4870942464282,21.097915507262154,49.90862248390073,18.4870942464282,21.097915507262154,49.90862248390073,123.09132507434873,0.9999999999999996,0.10000000000000142
1756296080.47358,0,-0.15783770574874245,0.02780596041312061,-0.6415148136091946,-0.5691838086664969,-0.6741280944349053,-0.4707240213176554,-0.7352689059650446,0.6735529415645825,-0.07553853871147477,0.3679802003815798,0.3031134230007999,-0.8790408550937043,19.0253664278367,21.591104826048397,52.25595407494444,19.0253664278367,21.591104826048397,52.25595407494444,126.6664928956767,0.9999999999999996,0.10000000000000142
1756296080.5041723,0,-0.16266842832712577,0.02399694899500602,-0.6422648738155365,-0.5396923191142197,-0.6956752120437032,-0.47409724744725545,-0.7538226981950135,0.6500624419700028,-0.09576095877750228,0.3748113397098668,0.3057038123542876,-0.8752494722860161,19.25309310640631,22.012652961891163,54.3995842425343,19.25309310640631,22.012652961891163,54.3995842425343,124.2932412123651,0.9999999999999996,0.10000000000000142
1756296080.53857,0,-0.16705829125697919,0.021201560233534953,-0.6415586266671949,-0.5130171358772566,-0.7152348172700392,-0.4746078112094129,-0.770645722417249,0.6272887140377399,-0.11231224225735441,0.3780457496339464,0.30813637468752686,-0.8730025118968074,19.441076041939482,22.21268431579822,56.348382371135074,19.441076041939482,22.21268431579822,56.348382371135074,120.34686472992686,0.9999999999999996,0.10000000000000142
1756296080.5869164,0,-0.17293698590066262,0.017646984059039663,-0.6448912924127579,-0.4862534239680421,-0.7305282978988529,-0.47946429861707135,-0.7860662471599927,0.6053452219828683,-0.12512800365352647,0.38165096980770347,0.3160467816503064,-0.8685948244453927,19.99441502996862,22.435985080173445,58.2594421877661,19.99441502996862,22.435985080173445,58.2594421877661,121.92043484775517,0.9999999999999996,0.10000000000000142
1756296080.6184337,0,-0.17857179869360315,0.015244167048017154,-0.654161074662349,-0.46587268348366373,-0.7472851097999035,-0.4738434419247315,-0.8009978991568601,0.5837026787240644,-0.1330170981364743,0.37598538313347607,0.31757856905291637,-0.8705049363147088,20.043036489681526,22.085228627075747,59.81705959975643,20.043036489681526,22.085228627075747,59.81705959975643,118.46387171419703,0.9999999999999996,0.10000000000000142
1756296080.6509705,0,-0.18444701339771186,0.012035565535109241,-0.6563217155921955,-0.4417736740628289,-0.7602181550877669,-0.4763448095444948,-0.8156666489319735,0.5614381740689858,-0.13955319601559737,0.3735290333094789,0.32688764640627666,-0.8681131999352683,20.63384307632336,21.933427257587876,61.559556680763194,20.63384307632336,21.933427257587876,61.559556680763194,123.43273372044276,0.9999999999999996,0.10000000000000142
1756296080.6826246,0,-0.19064569187975763,0.008239635612963215,-0.6591690215008267,-0.4146387119671694,-0.7709294888076322,-0.48346919428750545,-0.8310413360587278,0.5372554852805075,-0.14396819543819764,0.37073580390883665,0.3420880980431932,-0.8634411947997728,21.61305194515353,21.761003368151318,63.483614328381776,21.61305194515353,21.761003368151318,63.483614328381776,123.76096996852284,0.9999999999999996,0.10000000000000142
1756296080.7141504,0,-0.19639030827239096,0.004597890995086212,-0.6655482755086779,-0.39144164587932373,-0.7814456430313994,-0.4859178375595289,-0.8449120699887047,0.5144139061186663,-0.1466353544652107,0.36455045173293665,0.35315866148089664,-0.8616158819116169,22.287716890282752,21.379919359206806,65.14205202832721,22.287716890282752,21.379919359206806,65.14205202832721,121.79956863117728,0.9999999999999996,0.10000000000000142
1756296080.7474332,0,-0.2023227320532511,0.0001144306724228058,-0.669526315465674,-0.36288538240472,-0.7868385193620256,-0.4991987016060391,-0.8590812144973087,0.4900152252454665,-0.14786664913178987,0.3609621394756094,0.37519358133610153,-0.8537775532241292,23.723146015102714,21.159296059371908,67.10026771636225,23.723146015102714,21.159296059371908,67.10026771636225,128.3248746370932,0.9999999999999996,0.10000000000000142
1756296080.7780387,0,-0.2075445777809643,-0.005001234265658186,-0.6675852813042596,-0.3315425211389468,-0.793567334056362,-0.5102258744864961,-0.8708259743771489,0.4654732782992861,-0.15810360381536215,0.36296236585480957,0.3918998768920374,-0.8453832311236635,24.871335083508427,21.28223690098701,69.15707475896792,24.871335083508427,21.28223690098701,69.15707475896792,132.01877870642167,0.9999999999999996,0.10000000000000142
1756296080.8120778,0,-0.21183314876289783,-0.007463156832174127,-0.6698503966772107,-0.309548468849529,-0.7970686533234355,-0.5185183770341004,-0.8815942046226337,0.44491247980501547,-0.1576215203883588,0.3563304699414552,0.4083312958896453,-0.8404130823519971,25.91371479999131,20.875007859309044,70.65262554708754,25.91371479999131,20.875007859309044,70.65262554708754,132.4976373661618,0.9999999999999996,0.10000000000000142
1756296080.8415563,0,-0.2166248060954753,-0.009977904256918916,-0.6786119401094937,-0.2918589502094628,-0.7994663465776028,-0.5250446779774943,-0.8921518801551509,0.4254392894127242,-0.151876376568661,0.3447946866154694,0.42409311679613076,-0.8374136686058353,26.859115245854525,20.169263182197717,71.88498672896853,26.859115245854525,20.169263182197717,71.88498672896853,128.95625290062904,0.9999999999999996,0.10000000000000142
1756296080.8727307,0,-0.2202462319009531,-0.01410130623310119,-0.6785547664089535,-0.2701655338716664,-0.8013727962717666,-0.5336780168822837,-0.9021084859122696,0.40439146221057054,-0.15055837717068185,0.3364682213120728,0.4407597834271706,-0.8321778351772675,27.90775921104685,19.661844478045406,73.32797194588767,27.90775921104685,19.661844478045406,73.32797194588767,125.08792032177368,0.9999999999999996,0.10000000000000142
1756296080.9057915,0,-0.22463758864847094,-0.01802357217423497,-0.6805262468657653,-0.2467747349090847,-0.8041821886668715,-0.5407339804760855,-0.9114466084404224,0.3821559568615935,-0.1523873505171987,0.3291919047804832,0.45524480454603805,-0.8272755633770632,28.823726292338904,19.21973474953711,74.85034727038892,28.823726292338904,19.21973474953711,74.85034727038892,128.7941832034341,0.9999999999999996,0.10000000000000142
1756296080.9383168,0,-0.2280754891094541,-0.022788921257746248,-0.682346753374372,-0.22191968049844552,-0.8058071212629574,-0.5490232588236801,-0.9204117536923784,0.3589799265744981,-0.1548406147672135,0.3218599991803712,0.470965280714485,-0.8213390562302137,29.8304562655633,18.775447108290233,76.44419423363318,29.8304562655633,18.775447108290233,76.44419423363318,124.63272137869153,0.9999999999999996,0.10000000000000142
1756296080.9877837,0,-0.23205099359772,-0.027320465464208635,-0.6862674810799919,-0.1971926030563017,-0.8118577972408618,-0.5495470811123424,-0.9277394220364219,0.33572040841095374,-0.16306861186601218,0.31688269454074885,0.47768056736233055,-0.8193940648216804,30.24081949333717,18.474507822128146,78.0002658183177,30.24081949333717,18.474507822128146,78.0002658183177,128.42289220412246,0.9999999999999996,0.10000000000000142
1756296081.0203135,0,-0.23395457562339408,-0.0315467964021812,-0.6860488692699256,-0.17363883468685193,-0.8176300607769816,-0.5489359150232578,-0.9334834775895552,0.3142489118568064,-0.17278952070112205,0.31378042028766306,0.48241963590907266,-0.8178099673722834,30.536018597239178,18.287204576530474,79.46274493891974,30.536018597239178,18.287204576530474,79.46274493891974,125.4404778159405,0.9999999999999996,0.10000000000000142
1756296081.0508416,0,-0.23707256341723773,-0.034570657504352384,-0.6898174409251758,-0.15095790100698747,-0.8232607822632875,-0.5472233515766708,-0.9390355107286158,0.2924061835300632,-0.18086164166022273,0.3089077883676816,0.48655966563271874,-0.8172121328426083,30.76913185788149,17.99342107803061,80.86735635621048,30.76913185788149,17.99342107803061,80.86735635621048,126.02205816981599,0.9999999999999996,0.10000000000000142
1756296081.0828242,0,-0.23877679926214915,-0.03807767233827159,-0.6917363320558927,-0.12983787608775327,-0.8293711732217997,-0.5434018613896323,-0.9435862069408176,0.27171506987571187,-0.18925113176273992,0.3046099079216928,0.4881745362379454,-0.8178621070601115,30.83259729641378,17.73469657903275,82.16527563046135,30.83259729641378,17.73469657903275,82.16527563046135,130.48844332587356,0.9999999999999996,0.10000000000000142
1756296081.1108932,0,-0.23844632180576347,-0.041732150499363206,-0.6846528213578149,-0.10756394701831064,-0.8371090695964811,-0.5363566005011554,-0.9456318936798018,0.2526987095077572,-0.20475273836671007,0.306936995094098,0.4851718951180377,-0.8187783053001451,30.649110933189974,17.87473619141748,83.51059905364478,30.649110933189974,17.87473619141748,83.51059905364478,132.1558145007645,0.9999999999999996,0.10000000000000142
1756296081.1441092,0,-0.23902895230824128,-0.043819012732368615,-0.6850434555971484,-0.08694914983518957,-0.8400520989400495,-0.5354925923011031,-0.9486248374355566,0.23396650028949556,-0.21300374302497493,0.30422156916185583,0.4894610789518439,-0.8172374740844888,30.918297748580045,17.71133778124251,84.76301069998904,30.918297748580045,17.71133778124251,84.76301069998904,126.79258002551566,0.9999999999999996,0.10000000000000142
1756296081.175555,0,-0.2397309899036427,-0.046134760901191244,-0.6820295313294029,-0.06607975788182215,-0.8424348107900199,-0.5347308249647327,-0.9498473352488987,0.21726655849493076,-0.2249117210825964,0.30565258925591743,0.4930505370942746,-0.8145413817309722,31.186964274395507,17.797429538323154,86.02041215190125,31.186964274395507,17.797429538323154,86.02041215190125,129.4596810945155,0.9999999999999996,0.10000000000000142
1756296081.2072797,0,-0.24074266104380476,-0.04691459214469108,-0.6840801042218756,-0.048289164159316375,-0.8433958147914644,-0.5351183572043072,-0.9538066586144951,0.19797772319517284,-0.22595946340241566,0.2965147797453724,0.49948805862672774,-0.8139967227709555,31.534284126027046,17.248392445180794,87.10171343122602,31.534284126027046,17.248392445180794,87.10171343122602,129.10864713963596,0.9999999999999996,0.10000000000000142
1756296081.2439404,0,-0.23893992949776993,-0.04844361020857782,-0.675312323807812,-0.03283294897692199,-0.8423820840357471,-0.5378795608285099,-0.9549117340013201,0.1853220786808815,-0.2319467771278351,0.2950687677950198,0.5060120074158211,-0.8104852069118474,31.97786036673253,17.161661034209104,88.0307618540028,31.97786036673253,17.161661034209104,88.0307618540028,126.82782773584177,0.9999999999999996,0.10000000000000142
1756296081.2728195,0,-0.2417232542689818,-0.049762598136993234,-0.683684298088064,-0.021135144235378503,-0.8425074403957675,-0.5382699309416439,-0.9590459666654165,0.1691930347563973,-0.2271663505291165,0.28246086366246675,0.5114244126629984,-0.8115792817903624,32.21747028717104,16.40713179660331,88.73753852660222,32.21747028717104,16.40713179660331,88.73753852660222,129.95282108080443,0.9999999999999996,0.10000000000000142
1756296081.307147,0,-0.24102873980132394,-0.05232589985120912,-0.6823352024171263,-0.00769888122550362,-0.841089633653008,-0.5408409705165876,-0.9606856264651342,0.15633066066449758,-0.2294424800238492,0.2775317177029831,0.5178116961769506,-0.8092262928076307,32.61456491475235,16.11294499325887,89.54084463621336,32.61456491475235,16.11294499325887,89.54084463621336,125.92424877218939,0.9999999999999996,0.10000000000000142
1756296081.338262,0,-0.24036572741828913,-0.05593558240284956,-0.6784965267276138,0.009548762599096094,-0.8363681932756285,-0.5480849080294835,-0.960720039701337,0.14435470131565264,-0.23702051709573704,0.27735505484682976,0.5288194072506511,-0.8021372750757706,33.395386088238126,16.10240934872674,90.56945390889173,33.395386088238126,16.10240934872674,90.56945390889173,125.23466199448359,0.9999999999999996,0.10000000000000142
1756296081.3829932,0,-0.2409951211223651,-0.058052203776196326,-0.6811992467884892,0.021581367833538992,-0.836468638765401,-0.5475896829966673,-0.9621067059125197,0.1315378196756038,-0.23884825398806814,0.2718178268631288,0.5319943781253196,-0.8019333205712684,33.55988931486442,15.77246681680518,91.2850071162277,33.55988931486442,15.77246681680518,91.2850071162277,127.57262035600546,0.9999999999999996,0.10000000000000142
1756296081.4187102,0,-0.23876983949466726,-0.06224651515804827,-0.6768741301344324,-0.9011811552223075,-0.37792791413212284,-0.21223340263005377,-0.41858467878952194,0.6317208009283015,0.6524689236716016,-0.11251396426604335,0.6768303490493376,-0.7274897157011166,42.934010991443785,-6.460254983168079,24.91413793652046,42.934010991443785,-6.460254983168079,24.91413793652046,127.46528794776881,0.9999999999999996,0.10000000000000142
1756296081.4517672,0,-0.24009387947996352,-0.0651357671322205,-0.6805739640999847,-0.8468198437158978,0.13825051654038498,0.5135980402662175,0.5132546440190013,0.46570300929364367,0.7208955385683646,-0.13951997234056002,0.8740752266316447,-0.46532426920044506,61.970867741578516,-8.020070076362249,-31.219911819744652,61.970867741578516,-8.020070076362249,-31.219911819744652,128.39000438541106,0.9999999999999996,0.10000000000000142
1756296081.4821641,0,-0.23957223036559522,-0.06826195992392056,-0.6781025633264055,-0.26999199795980566,0.2947066352873781,0.9166527805855742,0.9616990391728477,0.0357499571334593,0.27176625732231285,0.04732102166790203,0.9549188131367757,-0.2930712903471744,72.93838225629645,2.712307735805315,-74.31819006477325,72.93838225629645,2.712307735805315,-74.31819006477325,126.13146909349676,0.9999999999999996,0.10000000000000142
1756296081.5137641,0,-0.23878190608975175,-0.0707131630543677,-0.6758641575347112,0.3012782123176587,0.18116284878713912,0.9361685003256648,0.9186960082714237,-0.3181149431284099,-0.23409512456384246,0.25539984958654177,0.9305820249595071,-0.26227468740508525,74.26007185882013,14.797279401606643,-108.15644533917984,74.26007185882013,14.797279401606643,-108.15644533917984,126.60261449894628,0.9999999999999996,0.10000000000000142
1756296081.5456362,0,-0.23911464538742003,-0.07307283694912957,-0.6732865675985631,0.6615810295692297,-0.04181399269349756,0.7487069729401122,0.6290821345965183,-0.512463619393057,-0.5844969689656705,0.40812523720741145,0.857690287232866,-0.31273177315520395,69.96708930965796,24.087119423302074,-136.4424027809464,69.96708930965796,24.087119423302074,-136.4424027809464,130.81936282379232,0.9999999999999996,0.10000000000000142
1756296081.5779786,0,-0.23859459690443954,-0.07380307959299923,-0.6742518779822432,0.8260805510422449,-0.26016591493861935,0.49990461079479165,0.2846868546475129,-0.5729017210325815,-0.7685941795439333,0.48635821981400384,0.7772369746364729,-0.3991971533932775,62.8144869395277,29.101497655988677,-160.9848400548637,62.8144869395277,29.101497655988677,-160.9848400548637,126.89710520952607,0.9999999999999996,0.10000000000000142
1756296081.6088457,0,-0.24087227410219086,-0.07567155301474054,-0.6816007609836332,0.8611435380961764,-0.43526148125021447,0.2626390103070536,-0.022653842382542755,-0.548981189213236,-0.8355276520351246,0.5078568796624757,0.7135594557077151,-0.4826119486187669,55.927764844868065,30.52118272145879,178.4930848244131,55.927764844868065,30.52118272145879,178.4930848244131,127.41045063939036,0.9999999999999996,0.10000000000000142
1756296081.642263,0,-0.24210317792314637,-0.07681268176681945,-0.6826778971341524,0.8207545324606251,-0.5666338787067948,0.07271894489769815,-0.2679391996760798,-0.49423677670594596,-0.8270058003595011,0.5045498813024168,0.659284503119109,-0.5574705025601865,49.78317690466557,30.301477039921178,161.92048351215394,49.78317690466557,30.301477039921178,161.92048351215394,126.53132937505819,0.9999999999999996,0.10000000000000142
1756296081.6765108,0,-0.24147379037943772,-0.0764638532183531,-0.6756834522178777,0.7485393627142438,-0.659324121296859,-0.07057283856753171,-0.4518002869358099,-0.4292227453607804,-0.7820769371293818,0.4853507218415092,0.6173002008270204,-0.6191729474604384,44.91322060143992,29.03545330298037,148.88583295016278,44.91322060143992,29.03545330298037,148.88583295016278,128.95988073747557,0.9999999999999996,0.10000000000000142
1756296081.7065866,0,-0.24101312731616784,-0.07424512904054677,-0.6718986178457044,0.6651130275962472,-0.7271316483582064,-0.17001243036211136,-0.588513896071805,-0.37027423417433936,-0.7187130064476304,0.4596477506222987,0.578080061464227,-0.6742012962649783,40.61076000092885,27.36437983089357,138.4965405289155,40.61076000092885,27.36437983089357,138.4965405289155,125.40334641371213,0.9999999999999996,0.10000000000000142
1756296081.737547,0,-0.2419958231462681,-0.07305541746922467,-0.6717008595167379,0.5867686113940648,-0.771501601069821,-0.24594283122177776,-0.6872192687647389,-0.31380760127764007,-0.6551751414841923,0.42828994071906323,0.5534528606187491,-0.714323216584611,37.76828547810379,25.35908434575062,130.49170274221098,37.76828547810379,25.35908434575062,130.49170274221098,126.42365530383266,0.9999999999999996,0.10000000000000142
1756296081.785229,0,-0.24535813173260937,-0.07318689799610824,-0.6770855352403864,0.5177469299060575,-0.8021736261381702,-0.29741484512577954,-0.756850877333811,-0.26737384548869514,-0.5963958217724435,0.3988920481181505,0.5338807921970287,-0.7455578003556669,35.605783155425,23.508933310118994,124.3752701811351,35.605783155425,23.508933310118994,124.3752701811351,124.95497586515084,0.9999999999999996,0.10000000000000142
1756296081.8174047,0,-0.24926566847488077,-0.07175672281251348,-0.682058257489865,0.4563393229699265,-0.8230563763223989,-0.3381310747423115,-0.811259523559528,-0.22874041239206577,-0.5380853177449418,0.3655303102963098,0.5198615441959034,-0.7720955686447981,33.95287251800383,21.440222544299512,119.35806691202575,33.95287251800383,21.440222544299512,119.35806691202575,124.07960576566192,0.9999999999999996,0.10000000000000142
1756296081.850475,0,-0.25179543190003806,-0.07132889261750558,-0.683407293249167,0.40625492795101475,-0.8358822121466681,-0.3691312245425854,-0.8495917146398336,-0.19682144278411046,-0.4893416373820329,0.3363790301592292,0.5124082816243059,-0.7901182829120984,32.96425490669358,19.656417889669704,115.55603832682847,32.96425490669358,19.656417889669704,115.55603832682847,126.33109752187018,0.9999999999999996,0.10000000000000142
1756296081.886849,0,-0.25343781551766204,-0.07014698168055603,-0.6830815390679607,0.3653104315345485,-0.8434544716217053,-0.3938690682363774,-0.8791958660014111,-0.1735890882212559,-0.44371326062733574,0.30588056136026504,0.5083811392566243,-0.8049755893380035,32.27439791033109,17.811148423096277,112.56313743196556,32.27439791033109,17.811148423096277,112.56313743196556,128.53627354695885,0.9999999999999996,0.10000000000000142
1756296081.914384,0,-0.25589996810037874,-0.0708445567546578,-0.6884051629162184,0.33078828070922917,-0.8537136222540318,-0.40218424201270325,-0.9006137414861599,-0.15826964196609683,-0.4047784691386436,0.2819113371110367,0.49610862884032153,-0.8212199622503361,31.136667302888952,16.374312455568294,110.16788314042164,31.136667302888952,16.374312455568294,110.16788314042164,130.4160126817924,0.9999999999999996,0.10000000000000142
1756296081.946223,0,-0.2580540525721638,-0.06923279588225084,-0.6899044884589712,0.3005519703327529,-0.8573177212613875,-0.4179411895713102,-0.9201185820091625,-0.14526315758699432,-0.36370373944916207,0.2510982042360079,0.49386733022041235,-0.8324930942478828,30.678068831613075,14.542507763657168,108.0893584304594,30.678068831613075,14.542507763657168,108.0893584304594,128.51696567101436,0.9999999999999996,0.10000000000000142
1756296081.978387,0,-0.25908779770572854,-0.06959224406605435,-0.6902821396243143,0.2753793033124459,-0.8626140365713518,-0.42433861857864225,-0.9335983460857128,-0.1347036076048424,-0.33203774828212257,0.2292604795711059,0.48759815628068076,-0.8424296234692292,30.062252892298915,13.253537008788395,106.4342407744621,30.062252892298915,13.253537008788395,106.4342407744621,130.80492592651024,0.9999999999999996,0.10000000000000142
1756296082.0091753,0,-0.2612599417791187,-0.07032056410151996,-0.6929770746616413,0.2572601412958648,-0.864690667887831,-0.4314246962890841,-0.9441650409457016,-0.12981770402642995,-0.3028196479380224,0.20583876009253776,0.4852395414524696,-0.8498076207322243,29.726335920899203,11.878603666748297,105.24159496875706,29.726335920899203,11.878603666748297,105.24159496875706,130.88820159035487,0.9999999999999996,0.10000000000000142
1756296082.0413144,0,-0.26186462051273185,-0.07212482679602093,-0.6921391592705795,0.24473209900531573,-0.8666134897190039,-0.4348416483658186,-0.9499335439729801,-0.12445649136540778,-0.2865952612866208,0.194248453665368,0.48320972795884615,-0.8536837219102582,29.51111869647704,11.200823698971009,104.44699091332365,29.51111869647704,11.200823698971009,104.44699091332365,132.94656325398574,0.9999999999999996,0.10000000000000142
1756296082.0740151,0,-0.26238932517545654,-0.07184683597496362,-0.6909409713559753,0.2327322687605471,-0.8684925206883358,-0.43767160358651214,-0.9562883808565661,-0.12243070673808286,-0.26556214844427845,0.17705429595549468,0.48034515044500464,-0.8590228825401977,29.212881689971994,10.198227660534005,103.67818452933815,29.212881689971994,10.198227660534005,103.67818452933815,134.8852946764637,0.9999999999999996,0.10000000000000142
1756296082.1078777,0,-0.26465191525453446,-0.07232792319225165,-0.6940046336272423,0.2215341618855326,-0.8695630056467648,-0.4413420377986208,-0.9616512077024743,-0.11975928851252143,-0.24674818649657296,0.16170828625041925,0.4790802563512081,-0.8627470881622339,29.043251476998734,9.306065186453095,102.97281649018532,29.043251476998734,9.306065186453095,102.97281649018532,135.25935877371109,0.9999999999999996,0.10000000000000142
1756296082.1382797,0,-0.2651059903712406,-0.074525219968726,-0.6913129711765796,0.2184811961092705,-0.8643511207092739,-0.45294934272530407,-0.9637728246755034,-0.11835299589513062,-0.23902826355820123,0.15299643578745292,0.4887634483993966,-0.8588960252236975,29.64247694409022,8.800614541462496,102.77271398241619,29.64247694409022,8.800614541462496,102.77271398241619,131.64399315220427,0.9999999999999996,0.10000000000000142
1756296082.184235,0,-0.26747665075032034,-0.07552549668738655,-0.6962669430806656,0.21385861702014042,-0.8618411500126598,-0.45988512051499225,-0.9662551669436855,-0.1174327493890377,-0.22926077232174252,0.14358079356537662,0.493395765603828,-0.8578724696616329,29.90487925757364,8.255104718468298,102.47993443998945,29.90487925757364,8.255104718468298,102.47993443998945,132.8537187400085,0.9999999999999996,0.10000000000000142
1756296082.2181547,0,-0.2678093979065132,-0.07621747431326137,-0.6948936067130105,0.21437067757593994,-0.8580883053417615,-0.4666151228060839,-0.9667582077521041,-0.11823589628167122,-0.22671312395714963,0.1393692230715678,0.49970464583208973,-0.8549102213649418,30.30676650816926,8.01134755938917,102.50257266762823,30.30676650816926,8.01134755938917,102.50257266762823,133.36162858364222,0.9999999999999996,0.10000000000000142
1756296082.2496104,0,-0.269001770146084,-0.07723302416120337,-0.6978760604873657,0.2131510627786749,-0.8548626987119953,-0.47305009331694015,-0.9678365202389815,-0.11852163357595469,-0.22191235311759178,0.13363792324045223,0.5051360101253242,-0.8526303517625018,30.644380152214154,7.679864967101483,102.42023747219508,30.644380152214154,7.679864967101483,102.42023747219508,134.80754259348188,0.9999999999999996,0.10000000000000142
1756296082.2816355,0,-0.2695886400660493,-0.07654641538714553,-0.6983858338974717,0.2098964971749301,-0.854841497076568,-0.4745413315503576,-0.9691722524791003,-0.11785953161357418,-0.21636606904137212,0.12902947530809164,0.5053267711923848,-0.8532269620786708,30.636292498071043,7.413513017263683,102.21999396735724,30.636292498071043,7.413513017263683,102.21999396735724,135.39994827392655,0.9999999999999996,0.10000000000000142
1756296082.3161283,0,-0.2703463543637775,-0.07710318893984247,-0.7003685678500761,0.209445598224006,-0.8574118689453892,-0.4700823633962069,-0.9696088020240555,-0.11993981765481045,-0.21324448686521114,0.12645676107691772,0.5004591163446881,-0.8564749619489349,30.298781096421436,7.2648896782696974,102.1892032519598,30.298781096421436,7.2648896782696974,102.1892032519598,133.34116371808253,0.9999999999999996,0.10000000000000142
1756296082.347033,0,-0.2707218855815727,-0.07622713236038482,-0.6991761451608668,0.20592328230681217,-0.8614938763878278,-0.4641378057756806,-0.9711683994740498,-0.12169761305948751,-0.2049917823685527,0.12011470212676606,0.49296855064182105,-0.8617160010183754,29.772912890401727,6.898722408619702,101.97149526947283,29.772912890401727,6.898722408619702,101.97149526947283,135.21333187875317,0.9999999999999996,0.10000000000000142
1756296082.3790953,0,-0.27107812719640567,-0.07769402524182868,-0.6997538028110599,0.20773874868393175,-0.8629874191728628,-0.46054025518362274,-0.9710454791108012,-0.12515964086162543,-0.20348400870305253,0.11796308657249213,0.48947704608975384,-0.8640005390956306,29.532594749901648,6.774561055165707,102.07543816700816,29.532594749901648,6.774561055165707,102.07543816700816,136.9378256056284,0.9999999999999996,0.10000000000000142
1756296082.4108076,0,-0.272132704301491,-0.0793480494483471,-0.7016148209130831,0.21064770188762688,-0.8594888599753139,-0.46573216043966414,-0.9706075515142787,-0.1271599101825775,-0.20433144199025277,0.11639813844266889,0.4950851005844292,-0.8610123207866349,29.89905267540783,6.684274101394229,102.2448216989228,29.89905267540783,6.684274101394229,102.2448216989228,136.90395018552545,0.9999999999999996,0.10000000000000142
1756296082.4426885,0,-0.2729528243416013,-0.08126212719709436,-0.7020263201168745,0.21541627384376233,-0.8574917594599011,-0.4672298271960309,-0.9690759350537247,-0.12874162861332689,-0.21051704244962635,0.12036470023648446,0.49812997854009144,-0.8587076705239275,30.117703716458493,6.913150925728248,102.53252993751826,30.117703716458493,6.913150925728248,102.53252993751826,135.08425848176964,0.9999999999999996,0.10000000000000142
1756296082.4747887,0,-0.27277211362678794,-0.08193793560995342,-0.7017477154746262,0.21936159226865967,-0.8543774046640549,-0.471083583068729,-0.9677773030974328,-0.12935690624572674,-0.2160413905157853,0.12364296763996765,0.5032951829752079,-0.8552229974381733,30.47663459174703,7.102395629454549,102.77117143924374,30.47663459174703,7.102395629454549,102.77117143924374,135.55843300689688,0.9999999999999996,0.10000000000000142
1756296082.5066276,0,-0.2735809014441344,-0.08191712787980779,-0.7030243227666891,0.22091510555220545,-0.8551742398402956,-0.46890674515561304,-0.9677281643972578,-0.13243808447793154,-0.21438832433724245,0.12123826116854505,0.5011358830630565,-0.8568337707720435,30.32206033551796,6.963571527888242,102.8592512913529,30.32206033551796,6.963571527888242,102.8592512913529,137.6893672078848,0.9999999999999996,0.10000000000000142
1756296082.5399659,0,-0.27401421391995445,-0.08076107614583386,-0.7009107252778638,0.218862461704017,-0.8546521832284709,-0.4708172347733949,-0.9691246608470158,-0.1342386010715058,-0.2068269559813763,0.11356326252364679,0.5015472497035285,-0.8576442978996666,30.318939842286653,6.520763169108048,102.72592293064636,30.318939842286653,6.520763169108048,102.72592293064636,137.32575734443577,0.9999999999999996,0.10000000000000142
1756296082.5862825,0,-0.27549656288669655,-0.08088823118855777,-0.7024871642067434,0.21835828387806,-0.8529746492342349,-0.47408217391667734,-0.9700147179801715,-0.13658315366555884,-0.2010385262496201,0.10672912800017348,0.5037651138164536,-0.8572220268622466,30.441548024063536,6.126798183818112,102.6862849775156,30.441548024063536,6.126798183818112,102.6862849775156,135.26549049973733,0.9999999999999996,0.10000000000000142
1756296082.6192245,0,-0.2764095905046923,-0.08348901909662831,-0.7050194610116787,0.2239659553938696,-0.8506243530890039,-0.4756863049914563,-0.9684835585365925,-0.13966738031022946,-0.20623438055177942,0.10899012647395928,0.5068838454805906,-0.855096438726065,30.658603276689092,6.257104069911908,103.02099937407148,30.658603276689092,6.257104069911908,103.02099937407148,137.37721772251982,0.9999999999999996,0.10000000000000142
1756296082.648597,0,-0.2774871037026313,-0.085062409219173,-0.7088133686509814,0.22749353032343594,-0.8514532951463565,-0.4725187613686799,-0.9667552728173818,-0.13930266025919663,-0.21442717021054172,0.11675160016363681,0.5055907980067699,-0.8548374166062853,30.60205374782862,6.70466499333965,103.24173859655015,30.60205374782862,6.70466499333965,103.24173859655015,140.7461889996549,0.9999999999999996,0.10000000000000142
1756296082.6812418,0,-0.27629572974582595,-0.08471432325163358,-0.7020711665726824,0.23331712765169133,-0.8500259039089354,-0.4722489604310016,-0.9644373294370373,-0.14025808923463556,-0.22402746704947757,0.1241924133460661,0.5077239713545603,-0.852521327228377,30.77615610530026,7.134121073761735,103.59972960457708,30.77615610530026,7.134121073761735,103.59972960457708,135.32688041829212,0.9999999999999996,0.10000000000000142
1756296082.7122772,0,-0.27658584823581306,-0.08346152184640872,-0.7021224259029346,0.2337005033416218,-0.8489847157594986,-0.473929348262625,-0.9647012628276143,-0.14160835427987145,-0.22203276221529375,0.12139006646624503,0.5090894090480672,-0.8521105710871159,30.85600530844559,6.9723340493310575,103.61765629593063,30.85600530844559,6.9723340493310575,103.61765629593063,141.21507845309898,0.9999999999999996,0.10000000000000142
1756296082.7459533,0,-0.27763524069407686,-0.08363324768493903,-0.7044958651652136,0.234120896169154,-0.8476377192125987,-0.47612782206568816,-0.9646708132025156,-0.14167832186324736,-0.22212040714263775,0.12082064447828975,0.5113096420781418,-0.8508612235763087,31.003000162140353,6.939466656980729,103.64165246411119,31.003000162140353,6.939466656980729,103.64165246411119,136.53817195157336,0.9999999999999996,0.10000000000000142
1756296082.780641,0,-0.27760176274010934,-0.08442059974373654,-0.705183162830114,0.2359096128547722,-0.8471834006613019,-0.47605350561324905,-0.963857352900422,-0.14158081098751552,-0.22568535003386722,0.12379684092295434,0.5120890153128357,-0.8499642242903093,31.06824984560879,7.111280177544472,103.75309697632495,31.06824984560879,7.111280177544472,103.75309697632495,137.40982022908324,0.9999999999999996,0.10000000000000142
1756296082.8109577,0,-0.27736900697282785,-0.08438856140742483,-0.7033218791830903,0.23764896718059153,-0.8456871304970763,-0.47784542030830335,-0.963269044917552,-0.14185500195404294,-0.2280129503432767,0.1250428546604132,0.5144807437914848,-0.8483359291967631,31.235083488170915,7.183230589875962,103.85874017452153,31.235083488170915,7.183230589875962,103.85874017452153,140.6130618757405,0.9999999999999996,0.10000000000000142
1756296082.8426187,0,-0.2770965164949068,-0.08439931953985591,-0.7031822697327831,0.23954266257816204,-0.8456315564800512,-0.47699746696401973,-0.9630489358115315,-0.14465724577507832,-0.22718060761659548,0.12310995100820138,0.5137913505790992,-0.849036152370948,31.18008718644171,7.071620904898735,103.9679338620343,31.18008718644171,7.071620904898735,103.9679338620343,141.72559957652885,0.9999999999999996,0.10000000000000142
1756296082.8730311,0,-0.27691947911363163,-0.08425772676287713,-0.7017279017976493,0.2389607545917477,-0.8452330748652462,-0.47799456787581196,-0.9640844199886959,-0.14774781413154348,-0.22070753171201746,0.11592665310446448,0.5135675540502851,-0.8501819678908775,31.13482254014565,6.657075855388752,103.92094127437136,31.13482254014565,6.657075855388752,103.92094127437136,137.85303860197988,0.9999999999999996,0.10000000000000142
1756296082.9055505,0,-0.2772864777302034,-0.08597956646105631,-0.7018633818596761,0.24393038694124455,-0.8399832912520762,-0.4846916924644211,-0.963271045969027,-0.1519944463587695,-0.22137429903633446,0.11228026685233686,0.5208893919954806,-0.8462076476741078,31.614682870713096,6.446779719859509,104.21036025404892,31.614682870713096,6.446779719859509,104.21036025404892,134.4927185151714,0.9999999999999996,0.10000000000000142
1756296082.937974,0,-0.2772276534050121,-0.08871569525415206,-0.7011410795416003,0.24908304603768033,-0.8397531513623452,-0.48246479763149686,-0.9612044386156903,-0.15339553844537673,-0.22925059644535004,0.11850596340305675,0.5208497418277783,-0.8453826843955643,31.637687855153587,6.80588532463177,104.52785825510396,31.637687855153587,6.80588532463177,104.52785825510396,138.761169781939,0.9999999999999996,0.10000000000000142
1756296082.9875813,0,-0.28030033619148154,-0.0882357403510839,-0.7037098117464308,0.2524449003720993,-0.8357400302779743,-0.48765784528405975,-0.9614458435541053,-0.15984853872872196,-0.22376401537965773,0.10905715102026212,0.5253446929942887,-0.8438717268365381,31.903954106309186,6.260967321776366,104.7119481295685,31.903954106309186,6.260967321776366,104.7119481295685,139.34628198657754,0.9999999999999996,0.10000000000000142
1756296083.0176275,0,-0.2835811671295291,-0.09065356162991138,-0.7077802307399953,0.25622415496502454,-0.8307367341651362,-0.4941919272115878,-0.9608318572958481,-0.16303445055436788,-0.22410245410937965,0.10559983152387298,0.5322558092130883,-0.8399716835352549,32.36076841332783,6.061726511111605,104.93154669193264,32.36076841332783,6.061726511111605,104.93154669193264,141.26108349865342,0.9999999999999996,0.10000000000000142
1756296083.0504255,0,-0.28463273209688167,-0.09375561276163924,-0.7064484000867544,0.26127423400598576,-0.8271280877877684,-0.49758908854308226,-0.9595689536555118,-0.16664553326757708,-0.2268406696834397,0.10470529033937073,0.5367386632566307,-0.8372266177925983,32.663577165731795,6.010187346987357,105.2314189319535,32.663577165731795,6.010187346987357,105.2314189319535,141.76199046555197,0.9999999999999996,0.10000000000000142
1756296083.0814607,0,-0.28685760577823455,-0.09489751838639812,-0.7044781998745406,0.26527430656765305,-0.8187805627719664,-0.5091443138265153,-0.9593230524596028,-0.1712404983601059,-0.22444592386802903,0.09658583381967206,0.5479736140985303,-0.8309007732317706,33.40458955104657,5.542601184234985,105.45731363060023,33.40458955104657,5.542601184234985,105.45731363060023,142.68077930572812,0.9999999999999996,0.10000000000000142
1756296083.113162,0,-0.2882472217248512,-0.09736271758172212,-0.7038093186213804,0.2717350930329113,-0.8094559204397643,-0.5205200784594279,-0.9581893803628029,-0.1771917566641088,-0.2246690738179935,0.08962784486052758,0.5598072831209873,-0.8237612853189668,34.19903373744171,5.142197646986203,105.83292603237142,34.19903373744171,5.142197646986203,105.83292603237142,138.76638263095134,0.9999999999999996,0.10000000000000142
1756296083.1452153,0,-0.2890523482083893,-0.09986470235170003,-0.701571142759289,0.2773745634744295,-0.8008580517219533,-0.5307445077713822,-0.9572325476711302,-0.1830538541434164,-0.22404717396628407,0.08227515552344586,0.5701909044130378,-0.8173818760580852,34.89893483800847,4.7193537937021155,106.15985278902845,34.89893483800847,4.7193537937021155,106.15985278902845,139.52866864452145,0.9999999999999996,0.10000000000000142
1756296083.1774,0,-0.2915271489587894,-0.10283260224408718,-0.706214068156468,0.2847175513559417,-0.7921969927648299,-0.539777584384751,-0.9552733771388827,-0.18752140499419595,-0.2286667828930928,0.07992928674491465,0.5807406024408514,-0.8101553318944994,35.63394737236294,4.5845011486878935,106.59659520648898,35.63394737236294,4.5845011486878935,106.59659520648898,137.58433372981924,0.9999999999999996,0.10000000000000142
1756296083.2114618,0,-0.29132590977745837,-0.10871148236195098,-0.7044503965651984,0.3014834957281408,-0.7871774820629285,-0.53801423172311,-0.9485455204984323,-0.1903329903577586,-0.2530508808991422,0.09679409768110109,0.5866216536359203,-0.8040559297334733,36.1136740699157,5.554589997545253,107.63221681622417,36.1136740699157,5.554589997545253,107.63221681622417,141.75351348707105,0.9999999999999996,0.10000000000000142
1756296083.2416422,0,-0.29226564358954277,-0.10988219932882182,-0.703666877065891,0.3119505801918618,-0.7816856442733112,-0.5400503578880207,-0.9440450638890506,-0.1909578976489325,-0.2689126227461595,0.10707825579770752,0.5937193233022808,-0.7975159009529545,36.66623832061825,6.146917026670465,108.28563935191542,36.66623832061825,6.146917026670465,108.28563935191542,136.84722253541847,0.9999999999999996,0.10000000000000142
1756296083.2737904,0,-0.2935200014306758,-0.11146643155501106,-0.7043386315109742,0.32049887756851525,-0.776576608072445,-0.542410583665196,-0.9402278725317044,-0.1912158320463424,-0.28179434573697626,0.11511740612013208,0.6003043206320622,-0.7914434316100245,37.18006334932403,6.610396897832925,108.82288921580654,37.18006334932403,6.610396897832925,108.82288921580654,131.8695003818468,0.9999999999999996,0.10000000000000142
1756296083.3060362,0,-0.29372407698032066,-0.11269443825301936,-0.7015017085140448,0.3297215458038153,-0.7757083444097447,-0.5381080436546511,-0.9358888524434518,-0.1936554378119374,-0.2942951363477592,0.12407964420009379,0.60064476674567,-0.7898291625891122,37.252055236526814,7.127609512070311,109.4077912584598,37.252055236526814,7.127609512070311,109.4077912584598,136.32396231641786,0.9999999999999996,0.10000000000000142
1756296083.338014,0,-0.2961825726666691,-0.11156907169061286,-0.7009942787170186,0.3293621653310608,-0.7736580388629732,-0.5412705450614628,-0.9360827486452252,-0.19252686714327194,-0.29441890753957545,0.12357043229363235,0.6036444684834733,-0.7876190093770399,37.46716317529945,7.098207543011287,109.38450025118586,37.46716317529945,7.098207543011287,109.38450025118586,136.7473719616725,0.9999999999999996,0.10000000000000142
1756296083.384896,0,-0.296544082089424,-0.11194171162605947,-0.6966166233564033,0.3325975945174982,-0.7694516315916018,-0.545273350496974,-0.9346878875008553,-0.1920434296935845,-0.29912852433479786,0.12544876675504749,0.6091498237318527,-0.7830703028254171,37.87932093916697,7.206672225420277,109.58749805199113,37.87932093916697,7.206672225420277,109.58749805199113,137.32446908837454,0.9999999999999996,0.10000000000000142
1756296083.4202006,0,-0.2976113237765308,-0.11495194384571544,-0.6961094684132331,0.34033912673335753,-0.7599784203536186,-0.5537166056848887,-0.9311637688748189,-0.19049634409217053,-0.3108780764582161,0.13077964042318926,0.621404814500448,-0.7724977295542332,38.81354311883709,7.514647064559976,110.07729123273324,38.81354311883709,7.514647064559976,110.07729123273324,134.74687408355865,0.9999999999999996,0.10000000000000142
1756296083.4496758,0,-0.29879259756726056,-0.11678125102598064,-0.6971975687842957,0.3480643291173312,-0.7547368203619835,-0.5560787307441142,-0.9276542921939668,-0.19166961510749303,-0.32050003559852525,0.1353097815023458,0.6274034512452322,-0.7668482068801876,39.28860980439262,7.776533427303281,110.56654783045781,39.28860980439262,7.776533427303281,110.56654783045781,137.57955537712624,0.9999999999999996,0.10000000000000142
1756296083.4820335,0,-0.2990103310822651,-0.11804207937101775,-0.6962005301519288,0.353718027997708,-0.7505011951165629,-0.5582396553434945,-0.9244411138755187,-0.18960912829797869,-0.33084287122842926,0.14245063582168718,0.6330847767832454,-0.7608623277303889,39.762561988794374,8.189678895707383,110.93830271628015,39.762561988794374,8.189678895707383,110.93830271628015,135.08164568493916,0.9999999999999996,0.10000000000000142
1756296083.5134614,0,-0.30128261448592575,-0.11694587586421233,-0.6984558671674039,0.3531003319948134,-0.7511709436366001,-0.5577296558201406,-0.9247256348797204,-0.18964437722071537,-0.3300265298197484,0.14213604659427842,0.6322793873159767,-0.7615905203151376,39.699766426565645,8.171468966067954,110.89902391853347,39.699766426565645,8.171468966067954,110.89902391853347,137.6070034082607,0.9999999999999996,0.10000000000000142
1756296083.5455883,0,-0.3005521335188924,-0.11519781711379139,-0.6936381882721345,0.3526985443380231,-0.7488362178418546,-0.5611132289209966,-0.9248567191665029,-0.18779217877642568,-0.3307176236655316,0.14228065867999323,0.6355929644345586,-0.758800235718781,39.950512573650144,8.179839702167977,110.8745899312321,39.950512573650144,8.179839702167977,110.8745899312321,135.96268346033014,0.9999999999999996,0.10000000000000142
1756296083.578322,0,-0.30429386116251267,-0.11114862238606789,-0.7006091062777641,0.34319960371613817,-0.7507174711624831,-0.5644796812113717,-0.9289815492166478,-0.18262782444448794,-0.32193222726796134,0.13859045141755882,0.6348782215748776,-0.7600804763614164,39.87125263494403,7.966289954643372,110.27606527938367,39.87125263494403,7.966289954643372,110.27606527938367,138.15103867962213,0.9999999999999996,0.10000000000000142
1756296083.6099174,0,-0.3039026819536846,-0.10604467303269526,-0.6993262343746695,0.33333321924936776,-0.754101390303598,-0.565879897228231,-0.9326297603399196,-0.17577592546472418,-0.315126251136467,0.13816908146599519,0.6327984806944467,-0.7618893540125384,39.71182870004051,7.941912706978108,109.6675074578173,39.71182870004051,7.941912706978108,109.6675074578173,137.99824003561676,0.9999999999999996,0.10000000000000142
1756296083.6441798,0,-0.30771047141438,-0.10245957652556723,-0.712863539339703,0.32027299049725283,-0.7568015424368817,-0.5698040337897787,-0.9369226696977335,-0.1641578192246005,-0.3085905400265783,0.1400040091012341,0.6326955316363314,-0.7616398372478961,39.716471122314346,8.048078236704333,108.87222532493668,39.716471122314346,8.048078236704333,108.87222532493668,138.17567025747402,0.9999999999999996,0.10000000000000142
1756296083.6743283,0,-0.30843792231072065,-0.09621870176365929,-0.7160515023080501,0.3022559499684738,-0.7604000080269037,-0.5748331657979908,-0.9421684435102268,-0.14672663779258702,-0.30131365354991757,0.14477556686876505,0.6326635136901511,-0.7607738912995504,39.74708601375761,8.32428298292649,107.78669928375108,39.74708601375761,8.32428298292649,107.78669928375108,137.71352610298487,0.9999999999999996,0.10000000000000142
1756296083.7065878,0,-0.3069791370716313,-0.08912047340930969,-0.7174794127044437,0.2813307576237707,-0.7616346917313775,-0.5837513179137888,-0.9476768376280374,-0.1248729437454915,-0.29379475717523995,0.1508695338302537,0.6358611045437402,-0.7569141559584264,40.03262086960848,8.677320667115026,106.53423758629498,40.03262086960848,8.677320667115026,106.53423758629498,138.214512247315,0.9999999999999996,0.10000000000000142
1756296083.7384636,0,-0.3098539295042819,-0.0806103646407196,-0.7303537067180668,0.25753158286134126,-0.7645551920546323,-0.5908746416383398,-0.9539899514077919,-0.10400077968468893,-0.2812241284775111,0.15355994413222163,0.6361125656102709,-0.7561614559277854,40.0718578886281,8.833287283031996,105.10701665892029,40.0718578886281,8.833287283031996,105.10701665892029,142.64458858951588,0.9999999999999996,0.10000000000000142
1756296083.786593,0,-0.31331950048825813,-0.07381907455628042,-0.7505185339867794,0.2286215081572986,-0.770038148309736,-0.5956286226799341,-0.9599575295644622,-0.07656351497258956,-0.26948018407210717,0.1619066009783941,0.6333871472667842,-0.7567079847846645,39.93033667222812,9.317579515191838,103.39589755082994,39.93033667222812,9.317579515191838,103.39589755082994,141.8264890451799,0.9999999999999996,0.10000000000000142
1756296083.8180122,0,-0.3074494010244114,-0.06344737162440817,-0.7476158860579217,0.9423117019261272,-0.31130801915027734,0.12302834480645708,-0.2653156394207841,-0.9187084685188281,-0.2925446313821706,0.20409867195017806,0.24302688551787877,-0.9483046267015961,14.374129460574665,11.776741256124202,164.2749963809819,14.374129460574665,11.776741256124202,164.2749963809819,136.38213406772144,0.9999999999999996,0.10000000000000142
1756296083.8520005,0,-0.3029384694789632,-0.05265584189568074,-0.7488610836650624,0.7354371439674731,0.49860892439142634,0.45882605395747916,0.45783130101033187,-0.8648459205284086,0.20599037249482524,0.49952247906190733,0.058571957988399176,-0.8643185863148218,3.8768146311888074,29.968412494537642,-148.09651896155668,3.8768146311888074,29.968412494537642,-148.09651896155668,135.16652853180784,0.9999999999999996,0.10000000000000142
1756296083.8829362,0,-0.30245273453197813,-0.044264223734321845,-0.7628145404429763,0.16614332908171597,0.9304161327385498,0.32668366065888016,0.6853997051738436,-0.34713852948313034,0.6400953721875345,0.7089595463418581,0.11756130863567138,-0.6953816940088483,9.595698308790503,45.15032409422134,-103.62587565749708,9.595698308790503,45.15032409422134,-103.62587565749708,135.7450330051938,0.9999999999999996,0.10000000000000142
1756296083.9145103,0,-0.2985009063481357,-0.034782727106717246,-0.7686254273392611,-0.3236742455566226,0.9458711476907848,0.023722452012147788,0.5370530685819306,0.16302056467690906,0.8276462390533494,0.778979450492812,0.2806279876607805,-0.5607485606324616,26.585785930841467,51.167229593278805,-58.92322778656015,26.585785930841467,51.167229593278805,-58.92322778656015,139.8986429773713,0.9999999999999996,0.10000000000000142
1756296083.9466484,0,-0.29191823510519305,-0.02541950184360899,-0.7712454548297483,-0.6175348909007825,0.7401722345849036,-0.26607465431669686,0.2510829481948714,0.5060937665996823,0.8251220834123386,0.7453911802845071,0.44273486711409726,-0.4983751857742644,41.61649688599522,48.192709360778736,-22.12612248221427,41.61649688599522,48.192709360778736,-22.12612248221427,140.59355736624238,0.9999999999999996,0.10000000000000142
1756296083.9787676,0,-0.28276605945240957,-0.015326943556123698,-0.7676877936069018,-0.7421727784963852,0.4725966089571869,-0.4752178574728899,-0.03322488978205776,0.6822436696024965,0.7303695516560711,0.6693845483411806,0.5578494604187476,-0.49064070963647755,48.66767063630843,42.0195817055296,2.5632519128404567,48.66767063630843,42.0195817055296,2.5632519128404567,144.1404421538967,0.9999999999999996,0.10000000000000142
1756296084.0102315,0,-0.2718005677504103,-0.006578860304789773,-0.759970930546974,-0.7639500134268394,0.215624628698908,-0.608182864345576,-0.2682442077080214,0.7510969739306542,0.603239903175602,0.5868776891450442,0.6239866627185807,-0.5159604856315071,50.41342257405151,35.93575119487628,19.347600295443016,50.41342257405151,35.93575119487628,19.347600295443016,137.71672602998652,0.9999999999999996,0.10000000000000142
1756296084.0424616,0,-0.26037141045567447,0.002452721361362009,-0.7512372436951308,-0.7398159171602716,0.00012542219488156925,-0.6728093288485073,-0.44263395270623107,0.7530240477620529,0.4868572351354255,0.506702666884598,0.6579929845836702,-0.5570436604169458,49.749417622850046,30.444444550181927,30.89220225435048,49.749417622850046,30.444444550181927,30.89220225435048,146.69053308643154,0.9999999999999996,0.10000000000000142
1756296084.0754204,0,-0.24999636855727583,0.009931934642427089,-0.7471137615424361,-0.6948380729657249,-0.17070407042885555,-0.6986130350174542,-0.5669810053178617,0.7276269393014196,0.3861237843122275,0.4424167627543349,0.6643938271400999,-0.6023688658057502,47.803155365279224,26.258182068451276,39.2141054565019,47.803155365279224,26.258182068451276,39.2141054565019,146.91492667173057,0.9999999999999996,0.10000000000000142
1756296084.1061006,0,-0.23829813383967385,0.016645156745539208,-0.7355227992469864,-0.6469647083881647,-0.31088945743135443,-0.6962646130303157,-0.653853250060286,0.6959809862947397,0.29679352099027134,0.39231695538915756,0.6472698138908067,-0.6535512179928533,44.72333231213369,23.09874416166734,45.30340961466467,44.72333231213369,23.09874416166734,45.30340961466467,154.03070767933355,0.9999999999999996,0.10000000000000142
1756296084.1381767,0,-0.22411086286411577,0.021623365480436658,-0.7120826979872347,-0.5990224595808107,-0.41547021414112617,-0.6845119385951448,-0.7147033591738732,0.6628936449736191,0.22309442807737614,0.361069524196294,0.622861554934254,-0.6940261393359373,41.90674598756206,21.16589369743457,50.03223405602313,41.90674598756206,21.16589369743457,50.03223405602313,148.52290758261807,0.9999999999999996,0.10000000000000142
1756296084.1861432,0,-0.2096029159101167,0.029243811336454872,-0.6897138516330641,-0.5643407488008423,-0.4891180678629766,-0.6650436338563761,-0.7545358832464094,0.6324601472956952,0.1751278475179451,0.3349554002198887,0.6006310662733793,-0.7259801664583116,39.602250909810124,19.569825878516607,53.20604791766091,39.602250909810124,19.569825878516607,53.20604791766091,158.57234535919613,0.9999999999999996,0.10000000000000142
1756296084.2170227,0,-0.19776909954071253,0.03630299688022001,-0.6765636419520309,-0.5405574382208693,-0.5408931963387444,-0.6443851380490925,-0.7786162572875968,0.6117636487975251,0.13964942498053445,0.31867597943922066,0.5772172798560308,-0.75184162691624,37.51481404728679,18.58287262090944,55.229531467656756,37.51481404728679,18.58287262090944,55.229531467656756,174.18929692884197,0.9999999999999996,0.10000000000000142
1756296084.2493532,0,-0.1892385798957338,0.041917603726191396,-0.6750087391066294,-0.5225334116082931,-0.5728013448020836,-0.631551623500346,-0.7929795786637491,0.5986519787509073,0.11313353242910065,0.3132765895742311,0.5599235909751865,-0.767035429881952,36.12884608742672,18.256804388308872,56.61713953822601,36.12884608742672,18.256804388308872,56.61713953822601,156.13417114272323,0.9999999999999996,0.10000000000000142
1756296084.2842987,0,-0.18291359857030043,0.04897663421624168,-0.6943520943536686,-0.5196154311035296,-0.601610185459549,-0.6066835983528981,-0.7962246380109788,0.5984990182898541,0.08846044839569214,0.3098808312615984,0.5290218425144734,-0.7900061775449688,33.80795233024088,18.052048978502796,56.87157217732451,33.80795233024088,18.052048978502796,56.87157217732451,162.12676696985216,0.9999999999999996,0.10000000000000142
1756296084.313271,0,-0.1737498506896567,0.05489359133820443,-0.7012391522427949,-0.5252779448052589,-0.6168035031580963,-0.5862051852321541,-0.7916908940418828,0.60678851057686,0.07094527273244294,0.3119432784855737,0.5013592942429776,-0.8070503386306553,31.849555452768016,18.1763805675714,56.43617651368362,31.849555452768016,18.1763805675714,56.43617651368362,144.1133872514525,0.9999999999999996,0.10000000000000142
1756296084.3463943,0,-0.1635419790494299,0.05702114130044854,-0.6860909126306989,-0.527096528695677,-0.6143722546923104,-0.5871251843527533,-0.7787827913094828,0.6257203746667699,0.044400187917259165,0.3400979467700123,0.4806461748429549,-0.8082775768333907,30.73803792632799,19.882841626886893,55.90903394005281,30.73803792632799,19.882841626886893,55.90903394005281,142.94208300739783,0.9999999999999996,0.10000000000000142
1756296084.3780127,0,-0.15422127294066995,0.06302001173282239,-0.6973363406272843,-0.5452950616277966,-0.6055462489977261,-0.5796266350756506,-0.7589894767213068,0.6501729336016407,0.03478693200260055,0.3557924535324697,0.4588996586799998,-0.8141393205543664,29.408317710137737,20.84201983796866,54.30469012943476,29.408317710137737,20.84201983796866,54.30469012943476,142.69107450160843,0.9999999999999996,0.10000000000000142
1756296084.4103405,0,-0.14522751111712842,0.06927625873700062,-0.7125093597288034,-0.5746569573758581,-0.5942739420369599,-0.5626791831544626,-0.736428312105187,0.6754033467756878,0.03877705886352653,0.3569912078321071,0.436656387769665,-0.8257653883219623,27.869433274952485,20.91553035822425,52.034022596338446,27.869433274952485,20.91553035822425,52.034022596338446,138.90677131659038,0.9999999999999996,0.10000000000000142
1756296084.4426298,0,-0.13468945335538424,0.07366976850155144,-0.7050970385346964,-0.601979558087846,-0.5717920928323827,-0.5573817490900881,-0.7129149257149132,0.6992747230130998,0.05260390145086885,0.3596844733057876,0.42903224159649905,-0.8285882061273997,27.374535836314095,21.0808197186787,49.82252495623814,27.374535836314095,21.0808197186787,49.82252495623814,138.55334062487984,0.9999999999999996,0.10000000000000142
1756296084.4761286,0,-0.1250609336151456,0.0792699304413262,-0.7150894364765129,-0.6330016419828184,-0.5434964728904834,-0.5512898558858667,-0.6835890504851119,0.7266417173551079,0.06854067884171189,0.36333859044136635,0.42024207137651437,-0.8314936380642113,26.812318611653723,21.305372433313728,47.20039525502156,26.812318611653723,21.305372433313728,47.20039525502156,151.37371558845015,0.9999999999999996,0.10000000000000142
1756296084.508594,0,-0.11372209753569572,0.0839589412528828,-0.7152554148033476,-0.6719724254542772,-0.5104112847504332,-0.5365942413299911,-0.6527754815994982,0.750426320711715,0.10365571766970591,0.34976739420883646,0.41992934832241824,-0.8374497670701628,26.630937912787203,20.473088569376316,44.16978401941381,26.630937912787203,20.473088569376316,44.16978401941381,137.49816115974738,0.9999999999999996,0.10000000000000142
1756296084.5387938,0,-0.10543907515680064,0.08630043184390106,-0.7177687385853927,-0.7014915373391758,-0.47446437917702045,-0.5317830158379306,-0.61664332290515,0.7781762129545334,0.11913351295179714,0.35729628511644945,0.4114915970999962,-0.8384593193221003,26.140469642926263,20.934244186745158,41.3169574403897,26.140469642926263,20.934244186745158,41.3169574403897,145.2471505376992,0.9999999999999996,0.10000000000000142
1756296084.5864828,0,-0.09678969539294822,0.08856620486254506,-0.7156098818753338,-0.7307209637578931,-0.4377558653198528,-0.5238479507479279,-0.5801400054088968,0.8026549736889657,0.13850114561451016,0.35983947427832563,0.4051108435853494,-0.8404765060135027,25.73413130982297,21.090337919812267,38.447053181344046,25.73413130982297,21.090337919812267,38.447053181344046,140.6917976256959,0.9999999999999996,0.10000000000000142
1756296084.6194177,0,-0.08884302268577167,0.09002391328738642,-0.7101862681815299,-0.752339763464132,-0.3973717918814714,-0.5254336678664995,-0.5427365907942706,0.8259474421224926,0.15247234458853398,0.3733923851978595,0.3998830852489522,-0.8370613148438009,25.534859180458398,21.924987227558205,35.80661438349179,25.534859180458398,21.924987227558205,35.80661438349179,136.1418108674092,0.9999999999999996,0.10000000000000142
1756296084.6497247,0,-0.07926229907153257,0.09199887124830564,-0.7131114394689143,-0.7780063436044956,-0.35357378537708134,-0.5193185030453713,-0.4988400660877487,0.8501555693206589,0.1685054788979779,0.381922397584554,0.39015520789448394,-0.837803196446563,24.97084806814979,22.45281132660127,32.66707410971611,24.97084806814979,22.45281132660127,32.66707410971611,134.07351055473603,0.9999999999999996,0.10000000000000142
1756296084.6834133,0,-0.06955911916646845,0.09462670548279685,-0.7142327489198043,-0.8064327789139789,-0.3086751300318725,-0.5043667685255292,-0.45089802384171307,0.8728152461714223,0.18677397609505947,0.3825665238735821,0.37803863579074365,-0.8430478305889635,24.152368854002873,22.492749933950392,29.210717066888776,24.152368854002873,22.492749933950392,29.210717066888776,131.25386226764275,0.9999999999999996,0.10000000000000142
1756296084.7170172,0,-0.06095331506340578,0.09617630863557208,-0.7138066668441633,-0.8296258469674329,-0.26070486996671244,-0.4937144162562096,-0.40293264817905666,0.8916939456441653,0.2062212121314234,0.3864792815598047,0.37002010496347426,-0.8448188485396364,23.652818381824233,22.73560661718544,25.90491667720528,23.652818381824233,22.73560661718544,25.90491667720528,130.8148468206097,0.9999999999999996,0.10000000000000142
1756296084.7466693,0,-0.05147186201732244,0.09776525177441803,-0.7076050509225427,-0.8535511947045438,-0.20805139830511618,-0.477666173893162,-0.3522603792730905,0.9059528833014239,0.2348659158588477,0.38387886528542436,0.3687329506582275,-0.8465654303632133,23.536180634245056,22.57415647007553,22.425928229857533,23.536180634245056,22.57415647007553,22.425928229857533,129.16630411610134,0.9999999999999996,0.10000000000000142
1756296084.7780828,0,-0.04312918662274163,0.09872032348630717,-0.6948476190466126,-0.8725821266425338,-0.15596440140293538,-0.4628990578506482,-0.3021095890172553,0.9169808943080819,0.2605299132494686,0.38383620007474384,0.36717998988095013,-0.8472594800550814,23.430640784568737,22.571509126767975,19.09712325967513,23.430640784568737,22.571509126767975,19.09712325967513,128.76087138923518,0.9999999999999996,0.10000000000000142
1756296084.8101306,0,-0.03589507414453241,0.09941429375182184,-0.686163027288125,-0.8891185643066748,-0.10347828495074818,-0.4458255523732226,-0.250892562268493,0.9248978786129551,0.2856866051035741,0.382780747691923,0.3658635793310218,-0.8483058060130824,23.329926387801663,22.506035288114344,15.75806977008881,23.329926387801663,22.506035288114344,15.75806977008881,126.15267045787101,0.9999999999999996,0.10000000000000142
1756296084.842628,0,-0.030639996391698197,0.09866388001945631,-0.6634119632999821,-0.898022746344089,-0.052106890591813504,-0.436852399560164,-0.20484019061889414,0.9282876373187524,0.3103587580661836,0.3893528519939664,0.36819415306876013,-0.8442969988636365,23.561801041067753,22.914237957508703,12.849402086657165,23.561801041067753,22.914237957508703,12.849402086657165,126.81990821839344,0.9999999999999996,0.10000000000000142
1756296084.8752105,0,-0.02275723397061152,0.09836648483063565,-0.6624261764308159,-0.9102873857384303,-0.0013376057938313118,-0.4139747409881849,-0.14762881175772363,0.9352968759535828,0.3215983329721583,0.3867591101764728,0.3538615048888603,-0.8515864172550515,22.5644537408715,22.752991471921593,9.21192447345743,22.5644537408715,22.752991471921593,9.21192447345743,124.96335563354818,0.9999999999999996,0.10000000000000142
1756296084.9062524,0,-0.016583031144528207,0.09710754110229822,-0.647873437925598,-0.9185161142370883,0.046708053685404524,-0.3926149584614954,-0.09371695413072782,0.9389807701454795,0.3309565618105518,0.3841162329233945,0.34078361318866823,-0.8580916318126037,21.660070176488915,22.588885877047083,5.8257752956999695,21.660070176488915,22.588885877047083,5.8257752956999695,118.89573944011185,0.9999999999999996,0.10000000000000142
1756296084.9389844,0,-0.01131816303317358,0.09593764304017541,-0.6368765760631285,-0.923627716759051,0.09160844514814714,-0.37218239293658345,-0.04275694780542755,0.9403324305844072,0.3375600145242104,0.3808985222455273,0.32769316863303716,-0.864600198347429,20.757269865198566,22.389350300113485,2.6504671726907247,20.757269865198566,22.389350300113485,2.6504671726907247,114.78544789509395,0.9999999999999996,0.10000000000000142
1756296084.9860067,0,-0.007231403015323436,0.09441872298074398,-0.6272000478323578,-0.9254226486808443,0.1321741541438042,-0.3551378806673557,0.0035901401895053753,0.9402122536376496,0.34057015283643416,0.37891955901213487,0.31389633812133316,-0.8705682378263448,19.827523487175114,22.26677370514553,-0.22227557222564087,19.827523487175114,22.26677370514553,-0.22227557222564087,115.0653005269225,0.9999999999999996,0.10000000000000142
1756296085.0182912,0,-0.004390957255800548,0.09321567774094935,-0.6192086284968419,-0.9247684778573856,0.16626484074306674,-0.3422853562366014,0.04244610844321818,0.9389530031385399,0.3414170261939848,0.3781555106558161,0.3012030222786621,-0.8753714349525229,18.987621037966733,22.219477450876237,-2.6279844493099347,18.987621037966733,22.219477450876237,-2.6279844493099347,112.79853364844364,0.9999999999999996,0.10000000000000142
1756296085.049818,0,-0.0027141039250123218,0.09188415122191447,-0.6103227925127213,-0.9227701490877736,0.1938956097213408,-0.333016132467059,0.07293197171384307,0.9364461290119059,0.34314657940965726,0.3783862833857215,0.292357897087468,-0.87826572320462,18.4116161350384,22.233761101871828,-4.519029642907384,18.4116161350384,22.233761101871828,-4.519029642907384,112.42137443343134,0.9999999999999996,0.10000000000000142
1756296085.0822039,0,-0.0015002108773810052,0.0906776695696746,-0.6078554725498386,-0.9202788812693619,0.21692529610027061,-0.3256227826817745,0.09839794409373831,0.9338024198144819,0.3439925658306353,0.37868803161406855,0.28452848128162556,-0.8807036493916862,17.904062016491878,22.252439969409657,-6.102985662847942,17.904062016491878,22.252439969409657,-6.102985662847942,113.58132819081176,0.9999999999999996,0.10000000000000142
1756296085.1139073,0,-0.001079447073795924,0.08976524316784609,-0.609601140691546,-0.9184209847491879,0.23098135779057852,-0.3211705265517883,0.11618629978889491,0.933534286420966,0.33913784781097894,0.3781582188895241,0.27415570107097614,-0.8842143479137762,17.226347864557795,22.219645068246642,-7.20999331813735,17.226347864557795,22.219645068246642,-7.20999331813735,113.29172890165363,0.9999999999999996,0.10000000000000142
1756296085.1457539,0,5.876720468038629e-05,0.0886216771593661,-0.615118485288021,-0.9186755992540039,0.24200588040996843,-0.3121991306558894,0.13396145588977723,0.934388137552336,0.33011079463926657,0.3716039177285249,0.2614420820152578,-0.8908190422753315,16.356175884934203,21.814569097422037,-8.29640792628311,16.356175884934203,21.814569097422037,-8.29640792628311,112.71602340559411,0.9999999999999996,0.10000000000000142
1756296085.181384,0,-0.0005911319013967419,0.08774776264030501,-0.6162066751240981,-0.9182373417545723,0.2478698198261549,-0.3088700966860445,0.14558481863057515,0.9365749908635027,0.31879828586950176,0.36830048166110174,0.24776569356627953,-0.8960842127276997,15.456027193221814,21.610841708368802,-9.009149298748952,15.456027193221814,21.610841708368802,-9.009149298748952,113.50654864150434,0.9999999999999996,0.10000000000000142
1756296085.2104876,0,-0.0016694453988602203,0.08823059208557314,-0.6132262482743095,-0.917088928985795,0.25100763058072084,-0.30974677677409346,0.15079020257562978,0.9375938043352646,0.3133371552805802,0.36906667573609,0.24065125693080908,-0.8977063893048404,15.00664279633861,21.65806827444242,-9.337179765279927,15.00664279633861,21.65806827444242,-9.337179765279927,115.34853017889938,0.9999999999999996,0.10000000000000142
1756296085.2404726,0,-0.001841871812571908,0.0876403836023172,-0.6154142117075317,-0.9186882859186802,0.2494599838944465,-0.30623773404200183,0.1538325931011596,0.9400743773383817,0.304295412998006,0.3637957759726883,0.2324432866469506,-0.9020103945505247,14.450425756754186,21.33349147810208,-9.505878533547758,14.450425756754186,21.33349147810208,-9.505878533547758,113.64648830639669,0.9999999999999996,0.10000000000000142
1756296085.2754583,0,-0.0027266887364058206,0.08696183468874237,-0.6225547064582236,-0.9209083748020636,0.24578723015376086,-0.3025167808779616,0.15590894361636004,0.9436102137751389,0.29204822505823885,0.35723964858320684,0.2217845845693051,-0.9072989758219546,13.736291573979145,20.93076985309814,-9.609009242224175,13.736291573979145,20.93076985309814,-9.609009242224175,113.38965479861544,0.9999999999999996,0.10000000000000142
1756296085.3074377,0,-0.003086945110498243,0.08727754890817382,-0.6327485359082574,-0.925221682982102,0.24079977296776645,-0.2932239872153016,0.1594652964633685,0.9480223818390664,0.27536227547729525,0.3442900761910183,0.20801209789542524,-0.9155300708144584,12.80052185416551,20.138465410030587,-9.779058266189566,12.80052185416551,20.138465410030587,-9.779058266189566,116.97626234385608,0.9999999999999996,0.10000000000000142
1756296085.3380022,0,-0.004716635824503866,0.08743257197278424,-0.6362659374170274,-0.9288928874258973,0.23344778318116757,-0.28750675855947827,0.15715187829772706,0.9514149472755122,0.2647883782348293,0.33535248744727675,0.20077781408445805,-0.9204493351262693,12.305193654525453,19.593973943440254,-9.60248297110246,12.305193654525453,19.593973943440254,-9.60248297110246,121.7089983150804,0.9999999999999996,0.10000000000000142
1756296085.3893116,0,-0.006029710291179768,0.08706158772956972,-0.6401218166516963,-0.9328382233623878,0.22498038819550908,-0.28141903624577763,0.15610739683070446,0.9563368059866648,0.24708377965776215,0.32472038693134936,0.1865576008706765,-0.9272286297718231,11.375980229353758,18.948635581294607,-9.500227918604992,11.375980229353758,18.948635581294607,-9.500227918604992,116.73487853093862,0.9999999999999996,0.10000000000000142
1756296085.4193661,0,-0.008110318782887302,0.08625074528230388,-0.6365356203015005,-0.9349022527485491,0.21650747550758076,-0.28121573721081594,0.15362804931662521,0.9611645655694829,0.22926207788641345,0.3199315556003455,0.1711350079409869,-0.9318565387376867,10.406384002263621,18.658785709536783,-9.331745500512142,10.406384002263621,18.658785709536783,-9.331745500512142,116.91368047513546,0.9999999999999996,0.10000000000000142
1756296085.4495685,0,-0.008931189407559752,0.08650651950219496,-0.6391209617287623,-0.9381361350428413,0.20960633547153598,-0.27561889677065693,0.15098378797711062,0.9639367061859722,0.2191573002101962,0.3116159301046129,0.1639853975131111,-0.935951014480728,9.937766450778042,18.156640954935263,-9.142792318887956,9.937766450778042,18.156640954935263,-9.142792318887956,116.85069687775076,0.9999999999999996,0.10000000000000142
1756296085.4831927,0,-0.01036805072627006,0.08579371542519124,-0.640681153368102,-0.9416067043939977,0.20278276629192116,-0.2688046947790729,0.15071214391724141,0.9677019332911501,0.20208616474276336,0.3011024143313088,0.14977355574188211,-0.9417564536993044,9.036436712251088,17.52382871179188,-9.093544271635835,9.036436712251088,17.52382871179188,-9.093544271635835,115.7326199553872,0.9999999999999996,0.10000000000000142
1756296085.5146134,0,-0.012033031324385846,0.08618875407955016,-0.6439113514309319,-0.9449452546930486,0.1969342905009865,-0.26133379203226487,0.14983839410839123,0.9703873798426652,0.18946447871066896,0.29090706640456226,0.1398757243661679,-0.9464712676298905,8.406694925302759,16.91226856439476,-9.010278158537716,8.406694925302759,16.91226856439476,-9.010278158537716,116.05379608890982,0.9999999999999996,0.10000000000000142
1756296085.5455241,0,-0.0151567843439832,0.08601585108619243,-0.6458892453305854,-0.9461517344123354,0.1893855787959529,-0.2625452304130701,0.14520274069916578,0.9731326062281684,0.17868714220397475,0.2893320921743404,0.13094286250000253,-0.9482304082860478,7.862353423197845,16.817973586067577,-8.724920048586426,7.862353423197845,16.817973586067577,-8.724920048586426,116.98641328549033,0.9999999999999996,0.10000000000000142
1756296085.5785189,0,-0.017599838389823017,0.08540179479464607,-0.6491810788449325,-0.9473773660106247,0.1850017481849693,-0.2612479273396758,0.14417487653512687,0.975225945008713,0.1677735412928521,0.28581415525976356,0.12127946796704142,-0.9505795912509271,7.2707870406983375,16.6075206975378,-8.653059330876005,7.2707870406983375,16.6075206975378,-8.653059330876005,113.86540801228678,0.9999999999999996,0.10000000000000142
1756296085.6125312,0,-0.019692439835755974,0.0842963821461706,-0.6516898688956368,-0.9492129874106529,0.17958962744141413,-0.2583452539653048,0.14328544771746302,0.9777480836196105,0.1532252115370878,0.2801142356313758,0.10842624540964796,-0.9538237595609668,6.485278705301624,16.267022763676252,-8.584094537224814,6.485278705301624,16.267022763676252,-8.584094537224814,114.61101390920568,0.9999999999999996,0.10000000000000142
1756296085.6432412,0,-0.023078813821061958,0.08404700956966142,-0.6475379273842539,-0.9491875159654177,0.17562895252830413,-0.2611465691316096,0.14004989104223442,0.978830452910229,0.14925472345830343,0.2818316652799293,0.10509717165255712,-0.9536904618146156,6.2886490564191035,16.369554678331475,-8.393269683159048,6.2886490564191035,16.369554678331475,-8.393269683159048,115.81304032625376,0.9999999999999996,0.10000000000000142
1756296085.676244,0,-0.02489540792922829,0.08256873809883966,-0.6481159374132386,-0.9511397634513894,0.1739131023576488,-0.2551222906959983,0.14196013292135087,0.980084651688357,0.13885746715918784,0.27419057431390287,0.09585566416884553,-0.9568862108966572,5.72049602712687,15.913783493417723,-8.488883433642172,5.72049602712687,15.913783493417723,-8.488883433642172,116.91809289939171,0.9999999999999996,0.10000000000000142
1756296085.7072973,0,-0.0252637336460421,0.08146841019367193,-0.6517800840298532,-0.9555280916138104,0.1696783555695889,-0.24119560897344272,0.14234492465541584,0.9816771201377087,0.1266805202980265,0.2582711531737792,0.08671382501847598,-0.9621729179253341,5.149750224066338,14.967503186297666,-8.473035283605554,5.149750224066338,14.967503186297666,-8.473035283605554,116.25243457542224,0.9999999999999996,0.10000000000000142
1756296085.739137,0,-0.02638950404536469,0.08134922490392957,-0.6497088701280025,-0.9603583825677735,0.1644577292160499,-0.22508983169594896,0.14146061206303684,0.9832590089933213,0.11485040909035935,0.24020964232636713,0.07845620775038972,-0.9675453225554174,4.635850946031724,13.898913948061926,-8.379401157467356,4.635850946031724,13.898913948061926,-8.379401157467356,119.23843048688114,0.9999999999999996,0.10000000000000142
1756296085.7866404,0,-0.027103304130298815,0.08202785965933823,-0.6606669336319686,-0.9666003612997505,0.1576406845205105,-0.2020721557243771,0.13838749480313617,0.9846685654109526,0.10619189033842827,0.2157142619700978,0.07468086016806247,-0.9735964904965786,4.386350536048155,12.457434847782526,-8.147629034924648,4.386350536048155,12.457434847782526,-8.147629034924648,121.0306457091346,0.9999999999999996,0.10000000000000142
1756296085.819845,0,-0.03142902950591995,0.08241507914859893,-0.657418117504825,-0.9680841312536228,0.15067489455978117,-0.20027528795215233,0.13401340179457227,0.986475492241842,0.09437431507387053,0.21178650323938308,0.06452270418708819,-0.9751837250949282,3.7854385563927053,12.227066474212508,-7.881454288416791,3.7854385563927053,12.227066474212508,-7.881454288416791,130.90348970064127,0.9999999999999996,0.10000000000000142
1756296085.8501887,0,-0.03196680411648632,0.082681144815863,-0.6628311507831492,-0.9718347966069835,0.14395569495886917,-0.1865847957170474,0.13026102183263655,0.987936073885228,0.08375189614187188,0.19639041294060328,0.05708828080394891,-0.9788624693489217,3.3377687843059505,11.325959100563404,-7.634206348657443,3.3377687843059505,11.325959100563404,-7.634206348657443,129.63315458096676,0.9999999999999996,0.10000000000000142
1756296085.8827996,0,-0.032231683926984875,0.08143227215788713,-0.6548316959668131,-0.9753476193013159,0.1381254949501215,-0.17209988137137008,0.12914092793013138,0.9896606047441973,0.062405994509296986,0.17894033155384595,0.038642399797809535,-0.9831007693422206,2.2509464951220934,10.30804320587708,-7.542378044225188,2.2509464951220934,10.30804320587708,-7.542378044225188,126.33591659961519,0.9999999999999996,0.10000000000000142
1756296085.915081,0,-0.032890374400598936,0.08169286534520417,-0.6646115503873741,-0.9800678236823035,0.1299105416633804,-0.15030073901135832,0.12296216206919847,0.9909041296650258,0.05467460573306289,0.15603643062407418,0.035103518022055996,-0.9871273349171188,2.0366534021518135,8.976910768256635,-7.151129658238773,2.0366534021518135,8.976910768256635,-7.151129658238773,132.51270805927925,0.9999999999999996,0.10000000000000142
1756296085.9469817,0,-0.03589802511020577,0.08078532851276841,-0.6594181038804134,-0.9822346441009883,0.12179216394666752,-0.1427647460999851,0.11812651751451918,0.9924194339002309,0.03390859886573572,0.14581231013771487,0.01644189825821332,-0.9891756336434746,0.9522723786773497,8.384321091914822,-6.857629699287884,0.9522723786773497,8.384321091914822,-6.857629699287884,132.68820064004782,0.9999999999999996,0.10000000000000142
1756296085.9791346,0,-0.03743994583788321,0.08056779499358947,-0.6647642853555875,-0.9847917829175848,0.11113217708795932,-0.13354693374875765,0.10862389004971253,0.9937442529937691,0.02594629361437918,0.13559496601449694,0.011045309300606323,-0.9907027840548251,0.6387620965055305,7.793025287608287,-6.294359139308227,0.6387620965055305,7.793025287608287,-6.294359139308227,134.80933910491916,0.9999999999999996,0.10000000000000142
1756296086.0099742,0,-0.04164255513180242,0.08009940021989397,-0.6630439637487102,-0.9851835524606797,0.09694911542658878,-0.14147168260453255,0.09590542322585303,0.9952892527340625,0.014193420586366395,0.14218128483322143,0.0004152229201837389,-0.989840547680838,0.02403469886527887,8.174087520576807,-5.560097026473386,0.02403469886527887,8.174087520576807,-5.560097026473386,130.51327512939608,0.9999999999999996,0.10000000000000142
1756296086.0434082,0,-0.04165873700640269,0.07929834381226913,-0.667913913075075,-0.9869607509833234,0.08715386289321775,-0.13532435184113994,0.08746991594418715,0.9961605842822647,0.0036199623111154637,0.13512027909663032,-0.008264048959636276,-0.9907947394246912,-0.4778831865311588,7.765575101001935,-5.064636236502906,-0.4778831865311588,7.765575101001935,-5.064636236502906,130.8628906998236,0.9999999999999996,0.10000000000000142
1756296086.074993,0,-0.04463736895253697,0.076623411427127,-0.6706999719716693,-0.9875194613931172,0.07244680571875708,-0.13984553518434786,0.07493288236026849,0.9971091302016536,-0.012587518011265737,0.13852933447840635,-0.022909448043338825,-0.9900933191771973,-1.325511925427918,7.962754105368185,-4.33928283988638,-1.325511925427918,7.962754105368185,-4.33928283988638,129.26772700052442,0.9999999999999996,0.10000000000000142
1756296086.1075785,0,-0.04387438439944355,0.07732164577095912,-0.6729870973922519,-0.9892425274847814,0.059822968813728165,-0.13349319914450122,0.06286530178662553,0.9978470192596351,-0.018689033841743693,0.13208775736910008,-0.026880077324536313,-0.9908734963638035,-1.5539192044260517,7.590252530589814,-3.6361957215108873,-1.5539192044260517,7.590252530589814,-3.6361957215108873,126.53713810772578,0.9999999999999996,0.10000000000000142
1756296086.1383588,0,-0.04636074264559129,0.07605561145425423,-0.6784466891353836,-0.9894865267141889,0.046929034251207,-0.1367994122624059,0.0507229724733319,0.9984151653820202,-0.02437904015056777,0.13543852300789563,-0.03106160458576506,-0.9902987343251518,-1.796544311596051,7.783978305685926,-2.9345226461954326,-1.796544311596051,7.783978305685926,-2.9345226461954326,124.17484908693605,0.9999999999999996,0.10000000000000142
1756296086.1873598,0,-0.04949664694933033,0.07433090213275598,-0.6770445147919686,-0.9874135510105061,0.03459592243930942,-0.1543295222288848,0.04003256579542905,0.9986774981533969,-0.0322590817895763,0.1530093884591962,-0.038031261254988846,-0.9874926583072391,-2.2055398097475916,8.801365517070513,-2.32166306045778,-2.2055398097475916,8.801365517070513,-2.32166306045778,127.11118317619443,0.9999999999999996,0.10000000000000142
1756296086.219363,0,-0.05159706516121312,0.07428047997511271,-0.6816269804160755,-0.984570105270378,0.024423436386680597,-0.17327782190154262,0.029524835909387426,0.9992013710594375,-0.026924043854226653,0.17248185954586848,-0.03162460795023931,-0.9845048970419564,-1.8398422758021127,9.93215107683015,-1.7176447666811612,-1.8398422758021127,9.93215107683015,-1.7176447666811612,124.84640950008074,0.9999999999999996,0.10000000000000142
1756296086.2527173,0,-0.052335544880994886,0.0737897050567398,-0.6858003562822323,-0.9816323904059582,0.013275594519636552,-0.19031975382506958,0.016554140440446268,0.9997405324704808,-0.01564698596912174,0.19006264898754535,-0.01851016817292882,-0.9815974547308318,-1.0803092727123271,10.956440343637135,-0.9661381308303305,-1.0803092727123271,10.956440343637135,-0.9661381308303305,117.82030180493784,0.9999999999999996,0.10000000000000142
1756296086.2840803,0,-0.050506169593394774,0.07176734397025135,-0.6899177950637994,-0.980808176142198,0.0055629021107032025,-0.19489580737594786,0.008271273244960613,0.9998801715025462,-0.013085437514529712,0.1947996602962208,-0.014446340579752255,-0.9807366596555526,-0.8439110332719792,11.233020545308126,-0.48317074197683496,-0.8439110332719792,11.233020545308126,-0.48317074197683496,122.46396329113975,0.9999999999999996,0.10000000000000142
1756296086.31575,0,-0.04858537709039425,0.06945064967582425,-0.6942490401648467,-0.9820410639003762,0.0022635758355380817,-0.1886537172648726,0.005802767752259479,0.9998173442806425,-0.018210051126142546,0.18857803875274307,-0.018977731688485745,-0.9818748234882738,-1.1072781720887974,10.869811789198767,-0.3385502343698761,-1.1072781720887974,10.869811789198767,-0.3385502343698761,129.93210814746524,0.9999999999999996,0.10000000000000142
1756296086.3470495,0,-0.04610068632384292,0.06793674907333347,-0.6963025663617147,-0.985308638131603,-8.23335800950219e-05,-0.17078313981312102,0.0040307244164891985,0.999710120660726,-0.02373663643391189,0.17073558763164978,-0.024076292690092142,-0.9850226856506286,-1.400166071205632,9.830590418615373,-0.23438565364483566,-1.400166071205632,9.830590418615373,-0.23438565364483566,135.3059703038485,0.9999999999999996,0.10000000000000142
1756296086.3774998,0,-0.044731981823562285,0.06800386599526284,-0.6984584907249873,-0.9879178840645486,-0.001008973922343811,-0.15497495383786877,0.002901684660026943,0.9996830936485273,-0.025005849304591213,0.15495107154053275,-0.02515341418046844,-0.9876018788882022,-1.4589613514479254,8.913958574811382,-0.1682870703029664,-1.4589613514479254,8.913958574811382,-0.1682870703029664,136.84281176592492,0.9999999999999996,0.10000000000000142
1756296086.4114153,0,-0.04510283794754785,0.06677193604905157,-0.6987241264175894,-0.98831637123642,-0.002212825844244559,-0.15240030757140238,0.0023089539016455814,0.9995624957616156,-0.02948704459064156,0.15239888148524938,-0.029494414193088347,-0.9878788693222726,-1.7101323316347248,8.765970934064901,-0.13385700856235871,-1.7101323316347248,8.765970934064901,-0.13385700856235871,135.07190427626693,0.9999999999999996,0.10000000000000142
1756296086.4424214,0,-0.043052195539114886,0.06694446865323347,-0.6991977298612054,-0.9896105701466243,-0.0019450120752914268,-0.1437606913662433,0.0021841274219873024,0.9995897247575808,-0.028558917109524375,0.14375725735237793,-0.028576197911743467,-0.9892003092758471,-1.6547106704825296,8.265321338035925,-0.12645487405080758,-1.6547106704825296,8.265321338035925,-0.12645487405080758,137.15300640128973,0.9999999999999996,0.10000000000000142
1756296086.4767437,0,-0.04019061989486752,0.06649848827679893,-0.7027806376983083,-0.9919467563596149,0.0002605729122497223,-0.1266552985444995,0.003543587948764454,0.9996635164275895,-0.025696243073187477,0.12660598537228904,-0.02593811915664599,-0.9916139059344256,-1.4983714321867296,7.2735088764963445,-0.20468010890672872,-1.4983714321867296,7.2735088764963445,-0.20468010890672872,137.64829797966527,0.9999999999999996,0.10000000000000142
1756296086.506546,0,-0.03929089140210801,0.06596560076255384,-0.7036149396354071,-0.9930183183342868,0.0032232516453071965,-0.11791619948665512,0.0060232058184331895,0.9997081165138509,-0.023396640100614964,0.11780636843657653,-0.023943525746220752,-0.9927478869937855,-1.3816167014348082,6.765518717763554,-0.347526358798973,-1.3816167014348082,6.765518717763554,-0.347526358798973,141.7518174606095,0.9999999999999996,0.10000000000000142
1756296086.5390956,0,-0.03979392409637948,0.06445960496322814,-0.7001583467986428,-0.9924096384543721,0.0020842612371090195,-0.12295838872544512,0.005337762813381338,0.9996441270141838,-0.026136710087504306,0.12286015542481732,-0.02659464572325886,-0.9920675919653075,-1.5355769304306364,7.057199190075094,-0.30816743439083893,-1.5355769304306364,7.057199190075094,-0.30816743439083893,142.3436916712224,0.9999999999999996,0.10000000000000142
1756296086.5878801,0,-0.039513767001354026,0.06363998182566909,-0.6960160313954207,-0.99129025822922,0.000993281869128524,-0.1316914474480972,0.00454902315942862,0.9996330753291172,-0.026702454874915328,0.1316166035427957,-0.02706895083264898,-0.9909310478396962,-1.564741607678286,7.563019644854699,-0.262928033651491,-1.564741607678286,7.563019644854699,-0.262928033651491,143.39512407750237,0.9999999999999996,0.10000000000000142
1756296086.6191378,0,-0.0377593782708099,0.06133416710415267,-0.7025221108188607,-0.9915587660678504,-0.0005711309534029059,-0.1296568056194343,0.0042075300860736535,0.9993218953253411,-0.03657931401684338,0.12958977631193166,-0.03681607438065763,-0.9908839823827114,-2.127833185875744,7.445887709791027,-0.24312454031598918,-2.127833185875744,7.445887709791027,-0.24312454031598918,142.82806251830033,0.9999999999999996,0.10000000000000142
1756296086.6503522,0,-0.03661368209282987,0.06098347292836791,-0.7022329098956535,-0.9915956317683938,-0.0009241785369495151,-0.1293725200800839,0.00460304333928214,0.9990893574904143,-0.04241777624307783,0.12929390956211576,-0.0426567889488059,-0.9906883885999274,-2.465503059579788,7.42879196744677,-0.2659683579179273,-2.465503059579788,7.42879196744677,-0.2659683579179273,149.35310939266685,0.9999999999999996,0.10000000000000142
1756296086.6854134,0,-0.03400446694828081,0.05912690175619539,-0.6987505815127364,-0.9925792989696026,0.0036056425417015474,-0.12154560707353314,0.010229461972224626,0.9984930360110297,-0.053916742717226775,0.12116803771940456,-0.054759988854439036,-0.9911204014931237,-3.1624104608885375,6.959518137915293,-0.5904659195414865,-3.1624104608885375,6.959518137915293,-0.5904659195414865,146.6618772274254,0.9999999999999996,0.10000000000000142
1756296086.7151892,0,-0.03478374341100856,0.057422949460259026,-0.6962274503458089,-0.9923480238376693,0.005743361329756471,-0.12333861271357253,0.013664440959347848,0.997890022024945,-0.06347272639743218,0.12271382415498784,-0.06467238779951337,-0.9903326711855812,-3.7363211595675807,7.048751099601625,-0.7889019789462282,-3.7363211595675807,7.048751099601625,-0.7889019789462282,145.97269934411398,0.9999999999999996,0.10000000000000142
1756296086.74567,0,-0.03521393341887092,0.05536400638201337,-0.6942217361895523,-0.9920343716742182,0.008394083866044365,-0.12568748853004086,0.018084845683509786,0.9969315264694507,-0.07616081596132535,0.12466251952187946,-0.07782718604280284,-0.9891421461747125,-4.49884925974618,7.161267133828387,-1.0443897876607195,-4.49884925974618,7.161267133828387,-1.0443897876607195,150.4484229198829,0.9999999999999996,0.10000000000000142
1756296086.7784517,0,-0.03365476831604161,0.053114881956509465,-0.6835004639810639,-0.9929277956102097,0.011628137843509322,-0.11814897001219359,0.022579159661391617,0.9955235374702852,-0.09177727328503126,0.11655288179034982,-0.09379591010775616,-0.9887455451193815,-5.419064181509128,6.693201002514691,-1.302680453087362,-5.419064181509128,6.693201002514691,-1.302680453087362,144.03679832818642,0.9999999999999996,0.10000000000000142
1756296086.8097932,0,-0.0358503828291766,0.05101044221236577,-0.6913851271215151,-0.9931755527119669,0.011680630672688843,-0.1160425971889953,0.02370944108074542,0.9944167280156381,-0.10282622936931624,0.1141936245983892,-0.10487580230806728,-0.987907324697677,-6.059798147500771,6.557116747463503,-1.3675255471563332,-6.059798147500771,6.557116747463503,-1.3675255471563332,150.51647320109484,0.9999999999999996,0.10000000000000142
1756296086.8415062,0,-0.03617791930239041,0.04777298872744642,-0.678623202261673,-0.9934588341889019,0.01714005698829478,-0.11289713556359955,0.031228685996240978,0.991761512262828,-0.1242331355359623,0.10983767087377604,-0.12694613519357964,-0.9858094972236966,-7.337795698245088,6.305958094524956,-1.8004600283469188,-7.337795698245088,6.305958094524956,-1.8004600283469188,148.67193589698795,0.9999999999999996,0.10000000000000142
1756296086.874772,0,-0.0376537679441531,0.04441909943780219,-0.6850257775700126,-0.9945211403814596,0.01898242161709687,-0.10279770913747037,0.03387169541368576,0.9888375599382782,-0.14509647929951486,0.0988959533255213,-0.1477834487514174,-0.9840628245650649,-8.54067477421657,5.675598115820978,-1.950642626090115,-8.54067477421657,5.675598115820978,-1.950642626090115,147.12682769788825,0.9999999999999996,0.10000000000000142
1756296086.9082198,0,-0.041223038927171454,0.042113330330926076,-0.6777510004939361,-0.9944379370507376,0.019920440218915727,-0.1034232344096716,0.03709801630652068,0.9852702215153423,-0.16693210530401212,0.09857447205232397,-0.1698404152626614,-0.9805290953373146,-9.826871988044047,5.657088151112475,-2.1364576491193077,-9.826871988044047,5.657088151112475,-2.1364576491193077,143.28956330079055,0.9999999999999996,0.10000000000000142
1756296086.9387212,0,-0.043764527522868114,0.038807482890790376,-0.6785941155994751,-0.9949058834099298,0.019465934485178308,-0.09891087175293707,0.03818798056926455,0.9808297832681676,-0.19108797553525103,0.09329502289162424,-0.19389175755750415,-0.9765766867250689,-11.229600908107386,5.353195966927467,-2.1981340876168076,-11.229600908107386,5.353195966927467,-2.1981340876168076,146.11605708123327,0.9999999999999996,0.10000000000000142
1756296086.9876957,0,-0.04870747333317478,0.0354042554454939,-0.6723833382923272,-0.9947095887009462,0.017483914293605282,-0.101228192156971,0.039675204232124145,0.9743347889989159,-0.2215797759624672,0.09475606743388003,-0.22442377700995003,-0.9698738350925106,-13.028643177178537,5.437280171695446,-2.2841012408193535,-13.028643177178537,5.437280171695446,-2.2841012408193535,134.4055754491779,0.9999999999999996,0.10000000000000142
1756296087.0187218,0,-0.05165358137169645,0.03338893193890201,-0.6708889208311828,-0.9950204696685153,0.01776232812061338,-0.09807530086817685,0.04125683653914345,0.9691357682638179,-0.2430508920174586,0.09073113236056378,-0.24588688938500886,-0.965042744778248,-14.294457192121882,5.2056699838188685,-2.374312321788409,-14.294457192121882,5.2056699838188685,-2.374312321788409,141.74122453615854,0.9999999999999996,0.10000000000000142
1756296087.0502932,0,-0.056636778929242466,0.029963061553085795,-0.6593233847877856,-0.9946559240641071,0.018380914371852155,-0.10159593845736288,0.044993461390627223,0.9628390846759771,-0.2663014935226937,0.09292567544154719,-0.2694495110538926,-0.9585206204545371,-15.70119192477759,5.331941583348317,-2.5900205213292793,-15.70119192477759,5.331941583348317,-2.5900205213292793,131.38902175576752,0.9999999999999996,0.10000000000000142
1756296087.0826101,0,-0.06088701705358689,0.0263045077801901,-0.6523931457223785,-0.994490977683092,0.019017306156747772,-0.10308267251807463,0.04807737127557262,0.9566201263942676,-0.2873438709084405,0.0931464528479686,-0.2907168310297089,-0.9522643868579174,-16.97690830083863,5.344646300643574,-2.7677350213761542,-16.97690830083863,5.344646300643574,-2.7677350213761542,127.59953032029031,0.9999999999999996,0.10000000000000142
1756296087.1155465,0,-0.06579810834525113,0.024573061308051723,-0.6391788521911538,-0.9939505791273695,0.017953021769559104,-0.10835098182161916,0.04980600454598793,0.9529543156060483,-0.2989940371963516,0.09788568926831,-0.3025818259201137,-0.9480836621624265,-17.700533848044813,5.617432016034857,-2.8686426191870567,-17.700533848044813,5.617432016034857,-2.8686426191870567,121.95952387891212,0.9999999999999996,0.10000000000000142
1756296087.146797,0,-0.07118200386990331,0.021830627816059354,-0.636784495302305,-0.9936867522380112,0.01669447385895514,-0.11094112388670889,0.05029066140385621,0.9502323631638231,-0.30745618447456713,0.10028702708843308,-0.3110944399031732,-0.9450728869558659,-18.220256494978628,5.755699006967942,-2.89727748588507,-18.220256494978628,5.755699006967942,-2.89727748588507,126.5791257958782,0.9999999999999996,0.10000000000000142
1756296087.1793566,0,-0.07644426996027825,0.018352233771613033,-0.6278756458215489,-0.99325660535538,0.013232134671665122,-0.11517910630812397,0.04955725654542602,0.946588144505867,-0.3186141286958733,0.10481123146685206,-0.3221735484067098,-0.9408606753741127,-18.9024494959165,6.016290910010119,-2.8563303849885813,-18.9024494959165,6.016290910010119,-2.8563303849885813,121.14685095459666,0.9999999999999996,0.10000000000000142
1756296087.2109318,0,-0.08286533508318557,0.017065033558963154,-0.6175662094935704,-0.9918365317174572,0.00853250210338366,-0.12723007018209723,0.04951885283688158,0.9452256496918837,-0.3226396664675247,0.11750820211544766,-0.32630609490540025,-0.937931849796766,-19.182764229904876,6.748315557222039,-2.858200222219324,-19.182764229904876,6.748315557222039,-2.858200222219324,121.48882551987055,0.9999999999999996,0.10000000000000142
1756296087.2431395,0,-0.0895362390336607,0.01633213254733663,-0.6144512497499681,-0.9898677680866352,0.0018149569884486176,-0.14198065936708848,0.04747792450397714,0.9465955975908931,-0.31890848421817586,0.13381946191783084,-0.3224181765233932,-0.9370906418588076,-18.986442438942703,7.690360639487771,-2.7460248919753383,-18.986442438942703,7.690360639487771,-2.7460248919753383,122.05486282141946,0.9999999999999996,0.10000000000000142
1756296087.2749615,0,-0.09410086705097463,0.016698569472333606,-0.5991008664782318,-0.9870506300703171,-0.0026262797296488366,-0.16038751925437278,0.0487437408645314,0.9476746250863125,-0.31549461595096734,0.15282375929259684,-0.3192270471346352,-0.9352748210945167,-18.84574704041151,8.790603174432057,-2.8271535239520347,-18.84574704041151,8.790603174432057,-2.8271535239520347,125.59316659180124,0.9999999999999996,0.10000000000000142
1756296087.307749,0,-0.09963421508299755,0.01903794660437571,-0.5883627706362012,-0.9820089083411349,-0.007684128101066123,-0.18867818664058528,0.050678487497595404,0.9517922811516465,-0.3025279234138586,0.18190710498386037,-0.3066470409370875,-0.9342790789913468,-18.170757567902,10.480863022571452,-2.9542398021996235,-18.170757567902,10.480863022571452,-2.9542398021996235,122.13978714643213,0.9999999999999996,0.10000000000000142
1756296087.340565,0,-0.10260525387117325,0.023806349541728864,-0.5810479883270704,-0.9764728257476465,-0.011682693006068438,-0.21532379167322108,0.0514183174563776,0.9571155983402557,-0.2851068011179841,0.20942057493561117,-0.28947063080371477,-0.9339966684607273,-17.219611570782433,12.088398626178662,-3.0142509908249338,-17.219611570782433,12.088398626178662,-3.0142509908249338,130.66566260234805,0.9999999999999996,0.10000000000000142
1756296087.388093,0,-0.10554300395557738,0.03221857468205187,-0.5701810436154101,-0.9683546288963604,-0.015482249823803657,-0.24909759660700448,0.05220875056392134,0.9634261010985791,-0.2628391030393786,0.24405646694883304,-0.267526536370477,-0.9321298156791625,-16.01377885888533,14.126080724284051,-3.0861087344777616,-16.01377885888533,14.126080724284051,-3.0861087344777616,130.31472746127713,0.9999999999999996,0.10000000000000142
1756296087.4187777,0,-0.11038080059798497,0.04398632374702,-0.5681673665380569,-0.9580440390935744,-0.013664515227880137,-0.28629512776304217,0.05687765922558728,0.9699344702400018,-0.23662640453099287,0.2809208981871722,-0.2429823130679148,-0.9284627318842035,-14.665622531073211,16.315174469692433,-3.397577802903953,-14.665622531073211,16.315174469692433,-3.397577802903953,111.92788778473695,0.9999999999999996,0.10000000000000142
1756296087.4499044,0,-0.11169269594965073,0.06323234307795207,-0.5727919646964083,-0.9494994347513709,-0.001879117947099461,-0.31376311498098086,0.06174675853803011,0.9793089114998693,-0.19272102549277725,0.3076331601386195,-0.20236236006896735,-0.9297372284739621,-12.279223535174935,17.916651477483637,-3.7207543014413886,-12.279223535174935,17.916651477483637,-3.7207543014413886,118.81692757054026,0.9999999999999996,0.10000000000000142
1756296087.4825373,0,-0.11164174016878296,0.0817874054941824,-0.5763014130009769,-0.9451180255454517,0.013691154860242472,-0.3264421389276512,0.07184146743860773,0.98337803732756,-0.166752628938987,0.3187329938135281,-0.18105299771168903,-0.9303919016598741,-11.012053438938011,18.58631901937888,-4.3468776371932165,-11.012053438938011,18.58631901937888,-4.3468776371932165,116.2903100280108,0.9999999999999996,0.10000000000000142
1756296087.514479,0,-0.11732397391661341,0.10586904658297693,-0.5768895958926227,-0.932143223211538,0.029791567682365308,-0.360862125909373,0.08025487542047294,0.988820265370182,-0.1256727407375503,0.35308379514224314,-0.14610593857975185,-0.9241130278919786,-8.984322818854594,20.67605023168608,-4.920868291423005,-8.984322818854594,20.67605023168608,-4.920868291423005,108.22545983055636,0.9999999999999996,0.10000000000000142
1756296087.5456586,0,-0.11804591268395254,0.12698426702625645,-0.5627876343491423,-0.9145113680748385,0.0513631448158372,-0.40128641269860477,0.08449931585720213,0.9942811816052777,-0.06530541727358945,0.39563723697542985,-0.09363097382939144,-0.9136215942381218,-5.851433206999502,23.305722824798853,-5.279044741655838,-5.851433206999502,23.305722824798853,-5.279044741655838,110.52489176767841,0.9999999999999996,0.10000000000000142
1756296087.581309,0,-0.11640894347894575,0.14262499531684691,-0.549678670231644,-0.8967981150510432,0.06364584740353373,-0.4378382657433931,0.06927486235665319,0.9975927248148532,0.0031223135562475166,0.4369829908433082,-0.027531100682008203,-0.8990483325210467,-1.7539914457604766,25.911541943384968,-4.417148694473667,-1.7539914457604766,25.911541943384968,-4.417148694473667,109.24659028778188,0.9999999999999996,0.10000000000000142
1756296087.6107955,0,-0.11783255662354666,0.15418901704864074,-0.5397938363820408,-0.8809993323057548,0.07640388881400326,-0.4669075093109041,0.05174455622511573,0.9965145067391394,0.06543193990335013,0.47027936099501577,0.03348557349885492,-0.881882100390734,2.1745092501378736,28.052431987801192,-3.3613448723909016,2.1745092501378736,28.052431987801192,-3.3613448723909016,93.7341128089255,0.9999999999999996,0.10000000000000142
1756296087.6406972,0,-0.11687262126151697,0.16431449389231415,-0.5259537905557914,-0.866309119152813,0.09047652458621039,-0.4912458738467719,0.03162400677268459,0.9914203888713078,0.12682876143015073,0.49850620083236563,0.09433774975621245,-0.861737754019525,6.247511031043672,29.9012201549528,-2.0906139485995823,6.247511031043672,29.9012201549528,-2.0906139485995823,92.73465293408695,0.9999999999999996,0.10000000000000142
1756296087.6752937,0,-0.11439251657776067,0.16817315106344874,-0.500648286672767,-0.8488086286804706,0.10332031262594374,-0.5185063402471142,0.010275578330397946,0.9837576614924779,0.17920735460585038,0.528600344653269,0.14678479639842948,-0.8360836675708458,9.957504239995643,31.9109344479125,-0.6935821482562972,9.957504239995643,31.9109344479125,-0.6935821482562972,86.53419610695862,0.9999999999999996,0.10000000000000142
1756296087.7063065,0,-0.11084532144745729,0.16915135079624935,-0.4766976176048599,-0.8305943151358698,0.11939647026102534,-0.543927905657711,-0.0070008279932730275,0.9744292635223318,0.22458539311080444,0.5568339717289025,0.19034729648863957,-0.8085195326323799,13.247731781167005,33.83712732888982,0.48291734164635614,13.247731781167005,33.83712732888982,0.48291734164635614,82.97056665467203,0.9999999999999996,0.10000000000000142
1756296087.737457,0,-0.1085873235950173,0.17185210591435404,-0.47560284533408875,-0.827388447211182,0.1298873317746207,-0.5464042811563055,-0.014189323829956406,0.9677450843357299,0.2515315384465331,0.5614508175349984,0.21586739630731808,-0.7988580892128346,15.121320626706904,34.15619093583313,0.9824994350652219,15.121320626706904,34.15619093583313,0.9824994350652219,78.36568508400418,0.9999999999999996,0.10000000000000142
1756296087.7890286,0,-0.1082953868688406,0.17442288460924055,-0.4779838968955108,-0.832399971859023,0.1327912806516849,-0.5380304476811543,-0.01435260078666447,0.9653753813569111,0.26046952973554727,0.5539894310361494,0.22453696544864044,-0.8016725400357428,15.646796373881358,33.64113747753038,0.9878207566048332,15.646796373881358,33.64113747753038,0.9878207566048332,74.83954507596597,0.9999999999999996,0.10000000000000142
1756296087.8195539,0,-0.10924440829970009,0.1750544669759082,-0.4654442178227285,-0.8292732947521401,0.13930975254361674,-0.541201067494482,-0.02522566015014361,0.9581124558214785,0.28527914061446047,0.5582736503551999,0.25022652706292337,-0.7910228925088757,17.553874035272486,33.93649304308014,1.742342753721232,17.553874035272486,33.93649304308014,1.742342753721232,74.53618256987365,0.9999999999999996,0.10000000000000142
1756296087.8510077,0,-0.10983957601946588,0.17473691096953903,-0.45637204153955585,-0.8251942670655792,0.14640056228070825,-0.5455467871466152,-0.036163440629811354,0.9501529657774008,0.30967974939641063,0.5636901872162722,0.27527480267598425,-0.7787664321526591,19.467250246168646,34.31138492618245,2.5093334472814774,19.467250246168646,34.31138492618245,2.5093334472814774,74.47794681015729,0.9999999999999996,0.10000000000000142
1756296087.8831465,0,-0.1112183428141002,0.17457533451218135,-0.4507239519711832,-0.8204713857951741,0.1532996594972142,-0.5507503240937633,-0.04753076540008434,0.9417489288598665,0.33294110790314957,0.5697082862587038,0.29934623663799875,-0.7653915985813003,21.360570744225356,34.72988617271746,3.3154987939199714,21.360570744225356,34.72988617271746,3.3154987939199714,75.48516224325229,0.9999999999999996,0.10000000000000142
1756296087.91398,0,-0.11285899575615875,0.17315788233323134,-0.4428247442892586,-0.81465084576262,0.16142751047087522,-0.5570324571884692,-0.05817339980190887,0.9328913520319433,0.3554287282416835,0.5770267368621106,0.3219547859050843,-0.7505899418318074,23.216218432004695,35.241689720957645,4.084500939391717,23.216218432004695,35.241689720957645,4.084500939391717,70.84985403806333,0.9999999999999996,0.10000000000000142
1756296087.9463665,0,-0.11651569144862814,0.17197558780815428,-0.4419335673879618,-0.8070209918379939,0.16886851199653613,-0.5658626550576532,-0.06953784572601084,0.9243975347897245,0.37503824563164984,0.586414193846471,0.3420126069763451,-0.7342654628434037,24.975575037943145,35.902959273402885,4.924789306543062,24.975575037943145,35.902959273402885,4.924789306543062,71.3776301216146,0.9999999999999996,0.10000000000000142
1756296087.9792407,0,-0.11933230383142644,0.1705816983868542,-0.44551409270116127,-0.8028098464697001,0.17652769257278228,-0.5695035769564806,-0.07214961095788316,0.919384627318847,0.38668635958410946,0.5918536846636361,0.3515250784861791,-0.7253546271620269,25.855994234388106,36.28866192321309,5.135453041460266,25.855994234388106,36.28866192321309,5.135453041460266,71.10029401288558,0.9999999999999996,0.10000000000000142
1756296088.0132065,0,-0.12143316304140618,0.16742767400733202,-0.4405825899101121,-0.7948861732356544,0.18666322221412135,-0.5773324978480068,-0.07685919959182264,0.91286199483196,0.4009683800869079,0.6018709454998485,0.36309753491872704,-0.7112745919116344,27.043791181840163,37.00401209188642,5.522879160328301,27.043791181840163,37.00401209188642,5.522879160328301,67.40533356540524,0.9999999999999996,0.10000000000000142
1756296088.0427287,0,-0.12241139723391427,0.16521246817789764,-0.4411065232343898,-0.7899373281461496,0.20075929145001897,-0.5793916848711319,-0.0726391511376109,0.9075941827949144,0.4135170529480482,0.6088699133011336,0.3687390761138801,-0.702359539284085,27.69949314347494,37.50783511952198,5.253891642415425,27.69949314347494,37.50783511952198,5.253891642415425,70.07652025725923,0.9999999999999996,0.10000000000000142
1756296088.0758877,0,-0.12271961646889942,0.1612515858935702,-0.4318718069810231,-0.7789647540744196,0.21647303976770071,-0.5885179138849644,-0.07370632847287595,0.9004098279898776,0.4287534475689816,0.6227208757162613,0.3773613185171082,-0.6854320872516853,28.8347693342445,38.51510061908772,5.40528389340227,28.8347693342445,38.51510061908772,5.40528389340227,69.50712161737819,0.9999999999999996,0.10000000000000142
1756296088.103431,0,-0.12291934401638767,0.1571590175343827,-0.42442509534145845,-0.7662826264615601,0.2301393889181514,-0.5998723181240763,-0.07242933347715097,0.8967551049317259,0.436559587491725,0.6384081202766995,0.37797637948325463,-0.6704990145537142,29.41099907910177,39.67321919884798,5.3995774847810765,29.41099907910177,39.67321919884798,5.3995774847810765,63.61565981558978,0.9999999999999996,0.10000000000000142
1756296088.1396391,0,-0.12190913260802097,0.15378066142507313,-0.4191479229566314,-0.7549301190688088,0.24711291617518066,-0.6074666426908993,-0.06567635424771186,0.8931465533077408,0.4449447727608813,0.6525083385026461,0.3757984046984518,-0.6580337584126025,29.73038063533278,40.73098790154914,4.972019851335972,29.73038063533278,40.73098790154914,4.972019851335972,63.123571907652675,0.9999999999999996,0.10000000000000142
1756296088.18766,0,-0.12159838581787395,0.15155354042817737,-0.41983286159075905,-0.7451000163175996,0.26481509119260677,-0.6121265662917799,-0.051501948874534034,0.8922105703667929,0.44867343066855153,0.6649612883060474,0.36583229163431435,-0.6511476172512254,29.328451818665428,41.67935560659772,3.9540441008239213,29.328451818665428,41.67935560659772,3.9540441008239213,61.8691315991548,0.9999999999999996,0.10000000000000142
1756296088.2201233,0,-0.12302551940899255,0.15150095879367287,-0.42660018435542196,-0.7372664152346955,0.281145592163597,-0.6143251492279654,-0.03315753156271398,0.8931468207967292,0.44854134101703846,0.6747879748985227,0.3510639721014903,-0.6491650610011872,28.404215858577714,42.43768740240169,2.5750627971895597,28.404215858577714,42.43768740240169,2.5750627971895597,60.3585520895474,0.9999999999999996,0.10000000000000142
1756296088.2509491,0,-0.12348815862690604,0.15069718901570325,-0.42925954560809265,-0.7286658982921107,0.2993079531168028,-0.616003861893074,-0.012024741038099335,0.8937174056988136,0.4484691788227471,0.6847637653009381,0.3341914839609355,-0.6476222956159475,27.295018165156904,43.2170314608364,0.9454324417601754,27.295018165156904,43.2170314608364,0.9454324417601754,61.931063109957684,0.9999999999999996,0.10000000000000142
1756296088.281919,0,-0.12473283290324108,0.1503555534913968,-0.43659292413608397,-0.7205545871776196,0.32128834306360804,-0.6144712259404275,0.015297777315221195,0.893323836627208,0.4491530929681543,0.6932294460757595,0.31423927750217173,-0.6486035858430086,25.849532900201126,43.886294329723135,-1.2162387657354259,25.849532900201126,43.886294329723135,-1.2162387657354259,64.00423743650576,0.9999999999999996,0.10000000000000142
1756296088.3149004,0,-0.12620497582526213,0.14870080471445907,-0.44268933747522354,-0.7119704207555116,0.3446268008102371,-0.6118255373327605,0.046837455302882164,0.8926522593016862,0.44830591870322894,0.7006456827455446,0.29052420230833903,-0.6516834470225042,24.027585750787324,44.47883019945065,-3.7638182018093005,24.027585750787324,44.47883019945065,-3.7638182018093005,64.58449915809136,0.9999999999999996,0.10000000000000142
1756296088.3466282,0,-0.12775512993178922,0.1473705458328283,-0.4482696360875767,-0.7011387998450976,0.37165892785584964,-0.6085014582536483,0.08355179325330472,0.8903539739549199,0.44753647773878613,0.7081126190062801,0.26294380085433156,-0.6553144866370227,21.86303838493714,45.0815595749195,-6.795653324252328,21.86303838493714,45.0815595749195,-6.795653324252328,65.24057189573112,0.9999999999999996,0.10000000000000142
1756296088.3790677,0,-0.12852654599973118,0.14645611300080902,-0.45388954302775897,-0.6825736829166262,0.40983265816666026,-0.6050870678585706,0.12441176614202262,0.8810373748253688,0.45639331349861556,0.7201492066475222,0.23624211407128973,-0.652360930546942,19.907046974601514,46.0668005882578,-10.329827067236721,19.907046974601514,46.0668005882578,-10.329827067236721,67.72744994553564,0.9999999999999996,0.10000000000000142
1756296088.4088552,0,-0.13115557705992992,0.14570108681458854,-0.4613752375417689,-0.6611452926233443,0.4463786995427872,-0.6030198658721638,0.1681660597278591,0.8714688010112617,0.4607193345406724,0.7311682969040701,0.20319494447078146,-0.651233242505262,17.32873738668428,46.984426121177265,-14.270883577105337,17.32873738668428,46.984426121177265,-14.270883577105337,67.17047824321759,0.9999999999999996,0.10000000000000142
1756296088.4446464,0,-0.13213860800985233,0.14507014468197751,-0.4664438759788718,-0.6369245456273716,0.4905168203853604,-0.5947439550734438,0.2104312563783318,0.8527890904709052,0.4779847837670599,0.7416507328361533,0.17928752352810914,-0.6463823747525566,15.50245497098831,47.87222316550805,-18.282856504237174,15.50245497098831,47.87222316550805,-18.282856504237174,67.54315507259685,0.9999999999999996,0.10000000000000142
1756296088.475867,0,-0.1349198377108556,0.14494741605931985,-0.47552144276312874,-0.6129086072170434,0.5294129262543178,-0.5865705351567742,0.2549622534142574,0.8351498323740091,0.48735921743575217,0.7478885535513885,0.14915331374295707,-0.6468508332423383,12.984528378297199,48.40780741719647,-22.586694742844486,12.984528378297199,48.40780741719647,-22.586694742844486,67.36882286379202,0.9999999999999996,0.10000000000000142
1756296088.5070696,0,-0.1361504291955096,0.14446228665970412,-0.4834128634199042,-0.5888420714079637,0.5644922432745195,-0.5784578828427179,0.301248783156685,0.8174064069629224,0.49101521005217574,0.7500094569981072,0.11487068006617848,-0.6513758832460245,10.001325460333561,48.59119709163955,-27.094067725543994,10.001325460333561,48.59119709163955,-27.094067725543994,70.20183521592125,0.9999999999999996,0.10000000000000142
1756296088.5392416,0,-0.13498924829849304,0.14219772862902205,-0.4858756513016144,-0.5663587233043221,0.5962871606265416,-0.5689283070906525,0.3470349273796074,0.7986750814151229,0.491614557865385,0.7475323108172177,0.08099219961505069,-0.6592690709306686,7.0037787921771155,48.37706880278759,-31.497782912239217,7.0037787921771155,48.37706880278759,-31.497782912239217,71.55108495990676,0.9999999999999996,0.10000000000000142
1756296088.5865953,0,-0.13182507137029958,0.14049468923481526,-0.4865482017379318,-0.5442702791214897,0.6293284951362905,-0.5547211087334862,0.3896071089369111,0.7752259896194513,0.49722325537364487,0.7429509835317794,0.05450055254797795,-0.6671233213140788,4.670399484298002,47.98340452618779,-35.59637103084913,4.670399484298002,47.98340452618779,-35.59637103084913,75.78335839055539,0.9999999999999996,0.10000000000000142
1756296088.6193051,0,-0.1306248337028409,0.13987040240012313,-0.49280805197616223,-0.5217402172044436,0.6598534927558477,-0.5407222150507309,0.43111501103147654,0.7508751277473169,0.5003262833329675,0.73615690787684,0.027926880032674184,-0.6762344980528951,2.364835934651012,47.405063913908506,-39.56699232805883,2.364835934651012,47.405063913908506,-39.56699232805883,75.51234104782064,0.9999999999999996,0.10000000000000142
1756296088.6523037,0,-0.12879871057419176,0.13946731285722944,-0.49563444623056735,-0.49919814669524654,0.6872913030375958,-0.5276664430347217,0.4670393972344842,0.7263627003693504,0.5042533380583566,0.7298461562321755,0.005281314327822528,-0.6835910297481161,0.4426491685583187,46.873498339579584,-43.09375993091547,0.4426491685583187,46.873498339579584,-43.09375993091547,73.35743866932991,0.9999999999999996,0.10000000000000142
1756296088.6837893,0,-0.12706423107208653,0.13751241173603684,-0.4969099452202975,-0.47771294064322,0.7114865971424944,-0.5153417976727692,0.5008912391947296,0.7025032204809997,0.5055662090288395,0.7217328542057482,-0.016614671240141154,-0.6919722825804558,-1.3754418944880058,46.197734029266506,-46.35680029030317,-1.3754418944880058,46.197734029266506,-46.35680029030317,75.1325833953595,0.9999999999999996,0.10000000000000142
1756296088.7154846,0,-0.12401400554190024,0.13470960462278708,-0.4983482356957277,-0.45722608470668524,0.7349979031178003,-0.5007218687816938,0.5335807362635822,0.677140156357596,0.5067275466524632,0.7115025687600914,-0.03548649123888298,-0.7017868647868412,-2.8947476892028874,45.35730032130919,-49.40668117808801,-2.8947476892028874,45.35730032130919,-49.40668117808801,74.39051266814812,0.9999999999999996,0.10000000000000142
1756296088.7465937,0,-0.1214627359400953,0.130002421645178,-0.4986842782628812,-0.4360528395103108,0.7536378629733554,-0.4918209965505226,0.5706202005555515,0.6541512002148228,0.49646630698915406,0.6958811018219545,-0.06415745280527205,-0.7152854768388647,-5.125423084267823,44.097471283606566,-52.61389577183283,-5.125423084267823,44.097471283606566,-52.61389577183283,72.97149035704558,0.9999999999999996,0.10000000000000142
1756296088.7790997,0,-0.11712893683764866,0.1253817964837891,-0.4968592098687535,-0.41682844356203264,0.7727922003923058,-0.47858778050684936,0.6005038425215417,0.6293662917844014,0.4932476111269224,0.6823849234519453,-0.08179416714149332,-0.7264024576411567,-6.424542029332542,43.03029165336664,-55.2342793196332,-6.424542029332542,43.03029165336664,-55.2342793196332,72.27316305165202,0.9999999999999996,0.10000000000000142
1756296088.810675,0,-0.1148496197719644,0.11738512853158115,-0.4970796043106066,-0.39710416882784744,0.7814563335098984,-0.48128398884318907,0.6422496503327996,0.611221504803849,0.462518819847058,0.65560938503574,-0.12543632202271035,-0.7446086645819223,-9.562232493177191,40.96587291960012,-58.271420083260026,-9.562232493177191,40.96587291960012,-58.271420083260026,68.00461605815138,0.9999999999999996,0.10000000000000142
1756296088.8425226,0,-0.10960096957377435,0.11388853490165911,-0.4932100211869594,-0.3747467948519794,0.7958543570194644,-0.4755845688847603,0.67217015751611,0.5865263123830442,0.45185635353186704,0.6385547111195221,-0.15034203435993046,-0.7547484041795525,-11.26557107520398,39.68413217993445,-60.85955738162673,-11.26557107520398,39.68413217993445,-60.85955738162673,68.16927936310164,0.9999999999999996,0.10000000000000142
1756296088.8765752,0,-0.1057618235181893,0.10825457324082052,-0.4908112424776431,-0.3550356061249288,0.8049762702091977,-0.47535557510519766,0.7041610903058283,0.5647280392686548,0.43039447087885335,0.6149039577713025,-0.18192153820773832,-0.7673315298183171,-13.337619295506556,37.94494202182825,-63.24291531821659,-13.337619295506556,37.94494202182825,-63.24291531821659,68.72014848148912,0.9999999999999996,0.10000000000000142
1756296088.9059803,0,-0.1025752947833836,0.10150186305470604,-0.48972777418129687,-0.3361554390375233,0.8099099495299754,-0.48067181575149903,0.738666988725834,0.5433464369856711,0.39893073231036613,0.5842692877194547,-0.2209536672411868,-0.7809026036327913,-15.798675588998321,35.75138529856116,-65.53048336370443,-15.798675588998321,35.75138529856116,-65.53048336370443,68.05992844256969,0.9999999999999996,0.10000000000000142
1756296088.9390724,0,-0.09880131147915981,0.09457180787933768,-0.48401759608805267,-0.3151264250489475,0.8115927528440716,-0.49194770023535195,0.7735794355267926,0.519947984655107,0.3622553659825365,0.5497910450033895,-0.26640438581989245,-0.7916808132385216,-18.598332904613557,33.35267896536723,-67.83591352527631,-18.598332904613557,33.35267896536723,-67.83591352527631,65.25828455479808,0.9999999999999996,0.10000000000000142
1756296088.9870837,0,-0.0947599485930847,0.0913777850239933,-0.484340106711657,-0.29151770823865897,0.8207914279142801,-0.49124215784653275,0.8002979022068426,0.490576241832284,0.34475820319905337,0.5239663095148461,-0.2926369471070768,-0.7998893196444387,-20.094884561795084,31.598681753286,-69.98526562575066,-20.094884561795084,31.598681753286,-69.98526562575066,66.4228550796578,0.9999999999999996,0.10000000000000142
1756296089.0195508,0,-0.09344024465238006,0.08527775157455422,-0.4821820342924624,-0.2647351276417062,0.8254584266014053,-0.49853154177570547,0.8282013240149224,0.4594401103043995,0.3209320051715172,0.4939614145785671,-0.32792250760844954,-0.8052756980757132,-22.15702245427812,29.601288132555776,-72.27348495395681,-22.15702245427812,29.601288132555776,-72.27348495395681,66.17461280618804,0.9999999999999996,0.10000000000000142
1756296089.050942,0,-0.09285404371579485,0.07766276812401063,-0.480762951843343,-0.23809802718390521,0.8264253300366068,-0.5102259336068855,0.8555063831906365,0.42715707736571734,0.2926527969735713,0.45980230292073154,-0.3668214894608332,-0.8087174024951657,-24.39829635846317,27.37435120818667,-74.44745603764915,-24.39829635846317,27.37435120818667,-74.44745603764915,67.10197729776903,0.9999999999999996,0.10000000000000142
1756296089.085226,0,-0.0921236572708812,0.07055325048793754,-0.47569323593678275,-0.21023961820096124,0.8219101477650801,-0.5293987268019247,0.881602147982778,0.39344495103601007,0.26072729656946997,0.4225836669949121,-0.4119038474025904,-0.8073154680074435,-27.031322043995573,24.997812977759168,-76.58694049015736,-27.031322043995573,24.997812977759168,-76.58694049015736,67.96922752140664,0.9999999999999996,0.10000000000000142
1756296089.1135461,0,-0.09170480646278686,0.06502121429728216,-0.4716648866419888,-0.18148997121060473,0.8135824797514509,-0.5523992568708381,0.9038469604074636,0.35932540767644794,0.23226261765584144,0.38745588460128333,-0.45713105346239036,-0.8005680092585531,-29.72672963452709,22.796289451945643,-78.6461528779092,-29.72672963452709,22.796289451945643,-78.6461528779092,64.0449167681327,0.9999999999999996,0.10000000000000142
1756296089.147617,0,-0.0915433687307353,0.05913146331992395,-0.46680064146249517,-0.15183373586947674,0.8006269717981314,-0.5796058735738215,0.9246895707079046,0.32219611023897016,0.20282717858045785,0.3491356677223763,-0.5051594981550205,-0.7892516499493801,-32.62122281836045,20.434457809110015,-80.67526002070258,-32.62122281836045,20.434457809110015,-80.67526002070258,64.86730699859908,0.9999999999999996,0.10000000000000142
1756296089.178542,0,-0.09134743336068288,0.054866393063946244,-0.4691381326990472,-0.12202465073442376,0.7890780832932829,-0.6020512960532026,0.9426804420302368,0.28195477362198945,0.17847994241776938,0.3105858477568151,-0.5457630292516815,-0.7782539091294106,-35.040674590843224,18.094539934390433,-82.62439777794415,-35.040674590843224,18.094539934390433,-82.62439777794415,67.54366114609064,0.9999999999999996,0.10000000000000142
1756296089.2105234,0,-0.08962304475008175,0.05236219733994595,-0.4684602210751822,-0.09257762684868896,0.7806255334392699,-0.6181044891842481,0.9563643247283528,0.2424836281259578,0.1629999033059653,0.2771221055671069,-0.5760429381856249,-0.7690109699949187,-36.83577476443523,16.088517804998535,-84.47090236545822,-36.83577476443523,16.088517804998535,-84.47090236545822,67.10201229484068,0.9999999999999996,0.10000000000000142
1756296089.2422278,0,-0.0889141016144918,0.04973545410396604,-0.4717791470458793,-0.06306503490368068,0.7758037082203566,-0.6278147877233712,0.9673048947506995,0.2023541020626309,0.15288576771486967,0.24565024315871598,-0.5976465708844738,-0.763200192836777,-38.06377447025122,14.220264323918384,-86.26978658038472,-38.06377447025122,14.220264323918384,-86.26978658038472,68.79132437135618,0.9999999999999996,0.10000000000000142
1756296089.2745802,0,-0.08836388605053389,0.047059332957859634,-0.4705405711919453,-0.032751820069050905,0.7706328012432614,-0.6364372741520793,0.9745676110057208,0.16586574924618952,0.15068684350533953,0.22168736964646188,-0.6153158854401246,-0.7564661732452211,-39.125193437308496,12.80815968318693,-88.07521298193424,-39.125193437308496,12.80815968318693,-88.07521298193424,70.76343698849864,0.9999999999999996,0.10000000000000142
1756296089.309281,0,-0.08947467545838364,0.04400424421087003,-0.4721920931369769,-0.0022678495984090052,0.7638915899693614,-0.6453406043573269,0.9800530986455384,0.1299424433869187,0.15036916320148877,0.19872287410732953,-0.6321270443358031,-0.748949009696791,-40.16499485357417,11.462286121391841,-89.86741740950973,-40.16499485357417,11.462286121391841,-89.86741740950973,71.68628150181577,0.9999999999999996,0.10000000000000142
1756296089.338038,0,-0.08833023677932848,0.03988107844565239,-0.46698266093967855,0.02362137292184427,0.7561808482294105,-0.6539362014083154,0.9847001574676139,0.09536581065068403,0.1458456788602071,0.1726488651122386,-0.6473761556699378,-0.7423587289481203,-41.09015310688554,9.941865526454873,-91.37417004721573,-41.09015310688554,9.941865526454873,-91.37417004721573,71.96585997744945,0.9999999999999996,0.10000000000000142
1756296089.386434,0,-0.08853087965800475,0.03589982291297248,-0.4621682039252058,0.04690111081582448,0.744548162868674,-0.665919153481205,0.9882042569487893,0.06270929164779782,0.13971360452483866,0.14578282598623654,-0.6646168655021585,-0.7328245286134688,-42.20567009058496,8.382613528204912,-92.71727297727082,-42.20567009058496,8.382613528204912,-92.71727297727082,73.92856359880058,0.9999999999999996,0.10000000000000142
1756296089.4182541,0,-0.09062770936297036,0.03561894455716665,-0.47290935993071526,0.06930334889076094,0.7370950972091443,-0.672226050895655,0.9895731266330265,0.034491693985852265,0.1398404451212964,0.12626192172726286,-0.6749082461462659,-0.7270191100689927,-42.87124590134292,7.253636002382631,-94.00608755618191,-42.87124590134292,7.253636002382631,-94.00608755618191,77.3704539338764,0.9999999999999996,0.10000000000000142
1756296089.4503183,0,-0.09076626938164857,0.03489489287137295,-0.47793539319480377,0.0922543227392352,0.7335511258694842,-0.6733438094105696,0.9896944834733694,0.006824812403500871,0.14303234360814365,0.10951698187179049,-0.6796000056439593,-0.7253618841726004,-43.1344434401737,6.287472448719661,-95.32543457305187,-43.1344434401737,6.287472448719661,-95.32543457305187,76.74780907690584,0.9999999999999996,0.10000000000000142
1756296089.4829683,0,-0.09079516075314346,0.03293291716018612,-0.47864248523281894,0.1159690111292872,0.7287289921897628,-0.6749112863182746,0.9890197696735048,-0.022054850136458623,0.1461282956187001,0.09160285832146897,-0.6844469588854575,-0.7232850591708541,-43.419660228630875,5.255825068816443,-96.68776475837925,-43.419660228630875,5.255825068816443,-96.68776475837925,76.13486092711427,0.9999999999999996,0.10000000000000142
1756296089.5155897,0,-0.08993513416434835,0.031160215722417117,-0.48111890563116694,0.14055242237768645,0.7260636927045122,-0.6731095978368249,0.9873750912940161,-0.05263472860701607,0.14939884349150456,0.0730441349863063,-0.6856100199681693,-0.7242951434762965,-43.42830682045499,4.1888511973455795,-98.10160033802852,-43.42830682045499,4.1888511973455795,-98.10160033802852,76.5651030613949,0.9999999999999996,0.10000000000000142
1756296089.547187,0,-0.08736413937506515,0.029082681983090067,-0.48260642422009803,0.1653248936567876,0.7289525558956881,-0.6643010242281098,0.9847159577615644,-0.08458560917272316,0.15224899753563015,0.05479198907775534,-0.6793183686417018,-0.7317953210829378,-42.87024744796355,3.140922657308907,-99.53055882660671,-42.87024744796355,3.140922657308907,-99.53055882660671,75.64713679563535,0.9999999999999996,0.10000000000000142
1756296089.5782664,0,-0.08606996557583975,0.027364025840161912,-0.4893146963884305,0.19184605640773109,0.7380076924643577,-0.6469464711274306,0.9806478574919493,-0.1179209932815957,0.15628313709396585,0.03904958690243887,-0.6644089743575983,-0.7463483399565065,-41.6758909139632,2.2379455299190636,-101.06908676285339,-41.6758909139632,2.2379455299190636,-101.06908676285339,79.08312994155874,0.9999999999999996,0.10000000000000142
1756296089.6108854,0,-0.08571215922314994,0.02432799134588516,-0.4885993262519112,0.21944433215732168,0.7427475160215793,-0.6325901615799928,0.9753942522224077,-0.15292249741462965,0.15881046097774348,0.021218808060724292,-0.6518748631664262,-0.758029633296902,-40.69420051846362,1.2158393959647331,-102.67930024071966,-40.69420051846362,1.2158393959647331,-102.67930024071966,78.3966045475418,0.9999999999999996,0.10000000000000142
1756296089.6422565,0,-0.08456223681815478,0.021469884687318384,-0.4778686470101261,0.24442815382946861,0.7392120986169299,-0.6275510743149695,0.969658573811631,-0.18357241657607534,0.1614416863948532,0.0041385805672845,-0.64797117307082,-0.7616536161668991,-40.38922853711321,0.23712387658720796,-104.14816561440838,-40.38922853711321,0.23712387658720796,-104.14816561440838,75.19746409096152,0.9999999999999996,0.10000000000000142
1756296089.6754754,0,-0.08348025173507816,0.020048662099606658,-0.4820239294778421,0.2703285173819069,0.7420939535195021,-0.6133669838195528,0.9627165481654789,-0.2149512725330188,0.16423397433168782,-0.009966974387729699,-0.6348956722062541,-0.7725335881599735,-39.414585978586956,-0.5710750223518852,-105.68461561824049,-39.414585978586956,-0.5710750223518852,-105.68461561824049,78.03261242131967,0.9999999999999996,0.10000000000000142
1756296089.7081475,0,-0.0829770736798898,0.01880147967305093,-0.47787116800338253,0.2933276886146549,0.7399570512167856,-0.6053283649776737,0.9557544177447351,-0.24167185786872653,0.16771465671103633,-0.022189187759059092,-0.6277406116134575,-0.7781062681136528,-38.89500479772761,-1.27145115926955,-107.06161474926549,-38.89500479772761,-1.27145115926955,-107.06161474926549,74.77670152708436,0.9999999999999996,0.10000000000000142
1756296089.738183,0,-0.08242308264818039,0.01646639625998868,-0.48285579248929755,0.3139664068972676,0.7448087605990719,-0.588799631007777,0.9488449945454296,-0.26798941779556484,0.16695762419152405,-0.03344056916536292,-0.611098668043442,-0.7908477389797784,-37.6937438162642,-1.9163607595789018,-108.30903117967591,-37.6937438162642,-1.9163607595789018,-108.30903117967591,75.64308875205869,0.9999999999999996,0.10000000000000142
1756296089.785819,0,-0.0843551129004,0.014671527640935026,-0.4854442386835821,0.3337645999703813,0.7433362381186595,-0.5797002923116484,0.9416470206183349,-0.2913617151278235,0.16855040646164565,-0.04361284635545182,-0.602129212094358,-0.7972065802383992,-37.06370901623862,-2.4996248707535256,-109.51675351252621,-37.06370901623862,-2.4996248707535256,-109.51675351252621,77.55457341632516,0.9999999999999996,0.10000000000000142
1756296089.818773,0,-0.08369681992136029,0.013783811988070781,-0.489180663297732,0.35315507892593173,0.7477259344310493,-0.5623054483179344,0.9342620585331983,-0.31356393922083364,0.1698000647986452,-0.049354799301888685,-0.5853064009555402,-0.8093086684240709,-35.87512198860904,-2.8289710056713178,-110.70680789339698,-35.87512198860904,-2.8289710056713178,-110.70680789339698,74.54578865765137,0.9999999999999996,0.10000000000000142
1756296089.8512022,0,-0.08477586501946467,0.011656692848839894,-0.4884228517019119,0.36781011817714093,0.7457646977624554,-0.5554734309917907,0.9280509666897515,-0.3320512254756496,0.16871095662800772,-0.05862695790108685,-0.5775612514975302,-0.8142394491646001,-35.34907081996286,-3.3610044944951127,-111.61967782945914,-35.34907081996286,-3.3610044944951127,-111.61967782945914,76.52689597898939,0.9999999999999996,0.10000000000000142
1756296089.8829916,0,-0.08556361536841921,0.009651914371810046,-0.4886138059721869,0.37947810388537867,0.7448088047640963,-0.5488681198771124,0.922819664770354,-0.347236581674967,0.16682512598471355,-0.0663342670472003,-0.5698127768772498,-0.8190928911440682,-34.82491465092829,-3.8034663820101224,-112.3532432828169,-34.82491465092829,-3.8034663820101224,-112.3532432828169,77.28116798144968,0.9999999999999996,0.10000000000000142
1756296089.913869,0,-0.08555238591099831,0.006836527882139905,-0.4874859376636462,0.3876558582720362,0.7444124222530214,-0.5436663325448434,0.9187074639547129,-0.36030685081960734,0.16172683428039125,-0.07549523972589894,-0.5621646723584172,-0.8235723100802276,-34.31717053651869,-4.329678126810058,-112.87769651222608,-34.31717053651869,-4.329678126810058,-112.87769651222608,75.24917954293059,0.9999999999999996,0.10000000000000142
1756296089.9471154,0,-0.08790189047094907,0.006203423286175588,-0.4914882817511532,0.3957340596632839,0.7410058409635224,-0.5424987536210197,0.9149112892022179,-0.3692910577007592,0.1629768314595386,-0.07957315447280428,-0.5608337172105454,-0.8240956587235791,-34.237027435402666,-4.564031071118287,-113.39032501864139,-34.237027435402666,-4.564031071118287,-113.39032501864139,81.72825703461123,0.9999999999999996,0.10000000000000142
1756296089.978167,0,-0.08811865420871588,0.0032769236234888137,-0.4865024781877967,0.39693017024796234,0.7381826741333112,-0.5454656538741163,0.9133581728215355,-0.3763852580109092,0.15527712546337052,-0.09068234716321408,-0.5598396888051569,-0.8236238429960094,-34.20502028922303,-5.202863227466655,-113.48895890162733,-34.20502028922303,-5.202863227466655,-113.48895890162733,80.54781479302505,0.9999999999999996,0.10000000000000142
1756296090.010716,0,-0.09004184469039934,0.0020830301747240053,-0.4947106217040499,0.3990100446409386,0.739726673466665,-0.5418444729233457,0.9115431641263805,-0.38405273507452153,0.14694405947926525,-0.09939841150693882,-0.5525467810454798,-0.827533691487045,-33.73115790512807,-5.704529400134247,-113.64045117212174,-33.73115790512807,-5.704529400134247,-113.64045117212174,80.89890316980171,0.9999999999999996,0.10000000000000142
1756296090.0424395,0,-0.08924105542895806,0.0006292621229067423,-0.4910541450844158,0.40002463163368107,0.7376916807239826,-0.5438669674442124,0.9102217113935012,-0.3891352363147279,0.14166934730620798,-0.10712950197879181,-0.5517107503474143,-0.8271266636718161,-33.70411533798605,-6.149870203722209,-113.72454919235113,-33.70411533798605,-6.149870203722209,-113.72454919235113,80.59807052842052,0.9999999999999996,0.10000000000000142
1756296090.07517,0,-0.09205414574533621,0.002278325369180162,-0.5029386610663267,0.4056397967220796,0.7378273629734259,-0.5395063834311424,0.907699262247554,-0.3945381382635862,0.14290453726439148,-0.10741696621351976,-0.5476773136648845,-0.8297657232413854,-33.42634725241675,-6.166436284473635,-114.07928877594628,-33.42634725241675,-6.166436284473635,-114.07928877594628,83.16105958342219,0.9999999999999996,0.10000000000000142
1756296090.1076467,0,-0.09244811862123331,0.0012847918290411998,-0.5049923665026108,0.4064075320587577,0.7397093189747961,-0.5363422799926867,0.9071456597733418,-0.39680469072425417,0.14011705596970547,-0.10917724048673513,-0.543485198364291,-0.8322885132684634,-33.144575216115044,-6.2678892730943545,-114.13270975476402,-33.144575216115044,-6.2678892730943545,-114.13270975476402,85.59949753090567,0.9999999999999996,0.10000000000000142
1756296090.1399946,0,-0.09209664114485616,0.00020976340657640686,-0.5047483271849975,0.4047668360379845,0.7445011840552284,-0.5309254141441739,0.9074005101715249,-0.39882623950964474,0.1325214881408,-0.11308458154963516,-0.5354022951192484,-0.8369923893302648,-32.60599147852193,-6.493158945510044,-114.04035831446842,-32.60599147852193,-6.493158945510044,-114.04035831446842,85.53253973471762,0.9999999999999996,0.10000000000000142
1756296090.1877348,0,-0.0930224454163122,0.00239729114282858,-0.49635403293689534,0.40138055419336327,0.7402470086154207,-0.5393774345959887,0.9085316372840051,-0.3963908727922214,0.13207778019434732,-0.11603411037050257,-0.5430549163785763,-0.8316414149304878,-33.144202045847294,-6.663274534975606,-113.83538134617659,-33.144202045847294,-6.663274534975606,-113.83538134617659,86.83279574940934,0.9999999999999996,0.10000000000000142
1756296090.218972,0,-0.09354207325511849,0.0065412056591964045,-0.49550428082570325,0.4005612739433497,0.7361278929916046,-0.5455881147684777,0.9095912082291271,-0.391226644830553,0.13994837007591548,-0.11042870880870517,-0.5523200499116152,-0.8262857028513039,-33.76023819169194,-6.34002933512823,-113.76749534715026,-33.76023819169194,-6.34002933512823,-113.76749534715026,84.0894234006437,0.9999999999999996,0.10000000000000142
1756296090.2508874,0,-0.09292618793822835,0.008888974781363225,-0.4961074135157652,0.3975689143707119,0.736077589088451,-0.5478400689688803,0.9117593959786332,-0.384008885381164,0.1457119754618484,-0.10312013465260683,-0.5574288822711377,-0.823795653690391,-34.084607348871856,-5.918870254010217,-113.5594097604354,-34.084607348871856,-5.918870254010217,-113.5594097604354,82.32527823159849,0.9999999999999996,0.10000000000000142
1756296090.2833533,0,-0.09508526981059696,0.011303729432695742,-0.5019006135264423,0.3929720017606868,0.7388377357245983,-0.5474411439612005,0.9146842731698248,-0.3752387127655803,0.15016187551379387,-0.0944758500781471,-0.5597452176762026,-0.8232615653852866,-34.2122447068858,-5.4211525488338275,-113.24961000147468,-34.2122447068858,-5.4211525488338275,-113.24961000147468,85.2191406238954,0.9999999999999996,0.10000000000000142
1756296090.3146186,0,-0.09836309739874026,0.01186977298376362,-0.5075651678394433,0.39187394849895596,0.7398208513282625,-0.5469002801496474,0.9155433621831535,-0.37215013725994595,0.15259301196244413,-0.09063752230839503,-0.5605081473781881,-0.8231740133607637,-34.25137490541883,-5.200284332342645,-113.17205608715906,-34.25137490541883,-5.200284332342645,-113.17205608715906,89.64394806657768,0.9999999999999996,0.10000000000000142
1756296090.3464408,0,-0.10206331156710552,0.012304783985903026,-0.5120404624497213,0.3950262540492866,0.7375598175831268,-0.5476858352180873,0.9142590555680421,-0.3739768529255547,0.15579375079806765,-0.0899146146275503,-0.5622693562365313,-0.8220514175608096,-34.371472010436435,-5.1586949537127635,-113.36784810098935,-34.371472010436435,-5.1586949537127635,-113.36784810098935,92.79134158737699,0.9999999999999996,0.10000000000000142
1756296090.380353,0,-0.1001649863986519,0.012918095999512135,-0.5198749376550492,0.4184149038830123,0.7447325237403524,-0.5199061802786108,0.9051420485540984,-0.389266675440638,0.17084884351579102,-0.07514545992846022,-0.5420746475115017,-0.8369637007525605,-32.929840611208306,-4.309580129940531,-114.80941793683579,-32.929840611208306,-4.309580129940531,-114.80941793683579,70.49831561463898,0.9999999999999996,0.10000000000000142
1756296090.5921552,0,-0.10753289137021899,0.00781260707401806,-0.5972296187902199,0.04534147066171526,0.9090111102133718,-0.4142981445129657,0.9980898107744456,-0.05864286161426311,-0.019435647916187987,-0.04196284864573008,-0.4126255158013665,-0.9099336805741349,-24.39275607262377,-2.4050002959645806,-92.60105852904908,-24.39275607262377,-2.4050002959645806,-92.60105852904908,77.64907206556998,0.9999999999999996,0.10000000000000142
1756296090.7493737,0,-0.12410014517607425,-0.022167985408524545,-0.6658563436682301,-0.4423806388727481,0.8117065319828675,-0.3813553150106675,0.8959525152702957,0.4187802150033579,-0.1479602037798409,0.039603796931227564,-0.40713098317137153,-0.912510768051831,-24.04478851950418,2.2697240095689692,-63.72193330488376,-24.04478851950418,2.2697240095689692,-63.72193330488376,141.36949176752643,0.9999999999999996,0.10000000000000142
1756296090.7792728,0,-0.13217115113432398,-0.016964466095604223,-0.6644368550093247,-0.764562920068188,0.58188612072463,-0.2772220838332451,0.6395389204753936,0.7383898555471591,-0.21394015617039674,0.08020916689489857,-0.34086502274813535,-0.9366843255937081,-19.99674883380078,4.6005887524913955,-39.911689885687395,-19.99674883380078,4.6005887524913955,-39.911689885687395,130.14154340396303,0.9999999999999996,0.10000000000000142
1756296091.053471,0,-0.1601809732720645,-0.06880547843855842,-0.7288243232786401,-0.9226168795247877,0.3443804306886935,-0.17372453072209953,0.37786377224664347,0.8973932690969474,-0.22782513075389796,0.0774407078963027,-0.27583951772391846,-0.9580790662687272,-16.061582078428586,4.441472590084383,-22.271873632579627,-16.061582078428586,4.441472590084383,-22.271873632579627,99.97570777912092,0.9999999999999996,0.10000000000000142
1756296091.0829747,0,-0.1648361027407955,-0.07676928734930831,-0.7166365457067206,-0.9882327255871663,0.12154391422408115,-0.09286095516227322,0.14031757430875616,0.9620396171810404,-0.234074247439278,0.06088561750255311,-0.2443498555130468,-0.9677737802255681,-14.170252706115917,3.49064785808358,-8.081316114940478,-14.170252706115917,3.49064785808358,-8.081316114940478,107.50655610264772,0.9999999999999996,0.10000000000000142
1756296091.3096304,0,-0.18068749716004373,-0.10087641308465484,-0.7523587442693263,-0.9982054825919383,-0.03685629069375671,-0.0471956392020802,-0.026751984421780055,0.9795979526077779,-0.19917877039520773,0.053573742196083934,-0.19755876361970717,-0.9788260259434055,-11.410845181279228,3.071019562639825,1.535163868226789,-11.410845181279228,3.071019562639825,1.535163868226789,112.04754278523437,0.9999999999999996,0.10000000000000142
1756296091.4218793,0,-0.19549386407764205,-0.11445750140742894,-0.7304172409711945,-0.9791442381097231,-0.16231726340621744,-0.1221870164004608,-0.12596811172008882,0.9568884968457974,-0.2617182443657026,0.15940073966643026,-0.24086824324619266,-0.95737865737089,-14.12202859274035,9.17211473098499,7.330904611870693,-14.12202859274035,9.17211473098499,7.330904611870693,113.61964373857006,0.9999999999999996,0.10000000000000142
1756296091.6126819,0,-0.18801124863139484,-0.04689744773061688,-0.7128906052384985,-0.9533692750724122,-0.29328243454650893,-0.07122105681872737,-0.27219330406402553,0.9374826279767025,-0.21688044509499876,0.1303757284566903,-0.18738125794317995,-0.9735966483102841,-10.894103746545653,7.491304758480922,15.934398515477511,-10.894103746545653,7.491304758480922,15.934398515477511,104.31013907974621,0.9999999999999996,0.10000000000000142
1756296091.6421404,0,-0.18993530687997817,-0.03649900953570286,-0.7106914074253207,-0.9103252096638335,-0.4109092139462701,-0.04961482182328519,-0.39348697215619777,0.8963774658264978,-0.204145637969107,0.12835893188183517,-0.1663161346728706,-0.9776824269432434,-9.654317489077926,7.374771546741696,23.37635623154148,-9.654317489077926,7.374771546741696,23.37635623154148,110.32494600822719,0.9999999999999996,0.10000000000000142
1756296091.676546,0,-0.2011417343116398,-0.015221264759386876,-0.7303584326391254,-0.85295001024624,-0.5206118072801447,-0.03794240558321423,-0.5082920652807141,0.8449100339879749,-0.16663196223745763,0.11880848620197867,-0.12284291020218008,-0.985288872879144,-7.106796632867599,6.823341930382047,30.791663615080438,-7.106796632867599,6.823341930382047,30.791663615080438,107.50339494322264,0.9999999999999996,0.10000000000000142
1756296091.7072537,0,-0.20052571433293181,-0.0045269635733551404,-0.7165317708438245,-0.8005818883636083,-0.598413465779438,-0.031144245022163744,-0.5918318141528442,0.7977761406368195,-0.11527503280058224,0.09382826749286408,-0.07385494840877915,-0.9928452562281921,-4.25423554228837,5.383883242487638,36.47374090834333,-4.25423554228837,5.383883242487638,36.47374090834333,104.22800638305716,0.9999999999999996,0.10000000000000142
1756296091.754725,0,-0.19244560839903185,0.00866553755398489,-0.686069544348329,-0.7588119855471627,-0.651175369310501,-0.013229096465946907,-0.6504038671387821,0.7586711646915576,-0.037321220190036454,0.03433919336400242,-0.019715533695240553,-0.9992157512420536,-1.1303567953453921,1.9678777280077375,40.601015797313636,-1.1303567953453921,1.9678777280077375,40.601015797313636,103.93019527166558,0.9999999999999996,0.10000000000000142
1756296091.9181747,0,-0.1787266415500654,0.01903445107702897,-0.6176900964093136,-0.8380829033525117,-0.5447450915363369,0.029492920426649243,-0.5451478711097916,0.838308271275314,-0.007282920832812581,-0.020756823762002337,-0.022181694219848377,-0.9995384568433827,-1.2712956459982365,-1.189363813474866,33.04279833929044,-1.2712956459982365,-1.189363813474866,33.04279833929044,100.4877411824738,0.9999999999999996,0.10000000000000142
1756296091.9470408,0,-0.16949574201480078,0.010715516431010166,-0.586195432626745,-0.8900771250153597,-0.44729005973204405,0.0877172388376208,-0.44883963865483467,0.8936093909166581,0.0022880641942095645,-0.07940837674067609,-0.03733442018384491,-0.9961427863378559,-2.146383026533414,-4.554560032366219,26.760462010209324,-2.146383026533414,-4.554560032366219,26.760462010209324,86.89369703277669,0.9999999999999996,0.10000000000000142
1756296092.2229614,0,-0.24261684054404842,0.05731250487899191,-0.7307230116792596,-0.9882305613905771,-0.14690655339371567,0.042647650622796865,-0.1462354294506965,0.9890774077812383,0.01846836728345774,-0.04489495191037787,0.012014407464610844,-0.9989194648750415,0.6890862327562957,-2.5731561504069083,8.417375340661863,0.6890862327562957,-2.5731561504069083,8.417375340661863,109.37180184203493,0.9999999999999996,0.10000000000000142
1756296092.2508574,0,-0.2657449878317777,0.06967962338629284,-0.7776665986927104,-0.9958394776220654,0.08988631214074398,0.014972832035025994,0.0901584822627071,0.995753376112475,0.018618862389879268,-0.013235667172359907,0.01989132600770687,-0.9997145353870565,1.1398640582433188,-0.7583700113563513,-5.173178902907608,1.1398640582433188,-0.7583700113563513,-5.173178902907608,121.03765750031899,0.9999999999999996,0.10000000000000142
1756296092.283857,0,-0.25196039094907796,0.06451499038259695,-0.7639063803373303,-0.9650542324301234,0.25692326389604025,0.051582603052880545,0.2582477552889275,0.9658549634910192,0.020791497973754253,-0.04447949366770681,0.03338601456850006,-0.9984522766133075,1.9151293784516668,-2.5493283430312035,-14.981289392858656,1.9151293784516668,-2.5493283430312035,-14.981289392858656,115.66230077595783,0.9999999999999996,0.10000000000000142
1756296092.315565,0,-0.2485861160911341,0.06273799202178737,-0.7644132972103231,-0.9258148760198055,0.3693054756278457,0.08050019261916765,0.3718572188454475,0.9280980742952425,0.018872553669067066,-0.06774233634117872,0.04740706867919095,-0.996575910659236,2.7235044053008437,-3.884324715290056,-21.883057176554843,2.7235044053008437,-3.884324715290056,-21.883057176554843,113.82347896090909,0.9999999999999996,0.10000000000000142
1756296092.3489153,0,-0.25066609204354634,0.07012505366376375,-0.7708457301157975,-0.8861899825456425,0.4562306150562737,0.08075234189253015,0.4600580446646747,0.8871304822311172,0.036689276848988886,-0.05489909266162822,0.06966443412358843,-0.9960587112430523,4.000756971747592,-3.147068491036551,-27.43570160827025,4.000756971747592,-3.147068491036551,-27.43570160827025,115.20247119221372,0.9999999999999996,0.10000000000000142
1756296092.3799777,0,-0.2601439281831274,0.07805552209023012,-0.7920640694745724,-0.8529746195444294,0.5174877986059794,0.06812251248283013,0.5212364416507091,0.8513522161563427,0.05926192657171312,-0.027328928049650533,0.0860568552738333,-0.9959153314173028,4.938650108468607,-1.5660272136666573,-31.42830253159036,4.938650108468607,-1.5660272136666573,-31.42830253159036,111.10945867331485,0.9999999999999996,0.10000000000000142
1756296092.4459476,0,-0.26516217298656597,0.08734291318863437,-0.7925412480114281,-0.788896996416459,0.6133360815490866,-0.038214920058818394,0.609815853408855,0.789020059982171,0.07464562865273247,0.0759351958996579,0.03558364815113949,-0.9964776214285681,2.0451306475177375,4.354958326188226,-37.70395386754066,2.0451306475177375,4.354958326188226,-37.70395386754066,139.54381199781878,0.9999999999999996,0.10000000000000142
1756296092.47492,0,-0.2346777778994986,0.061926544097206736,-0.6964430806923343,-0.6950485160816281,0.7009869048121903,-0.1597652013880118,0.7100528728210281,0.7041481965298301,0.0004848942079112087,0.11283828291555864,-0.11310471522272264,-0.9871549246714294,-6.536244852055205,6.478956166555371,-45.611808975352886,-6.536244852055205,6.478956166555371,-45.611808975352886,155.2850305768505,0.9999999999999996,0.10000000000000142
1756296092.5055773,0,-0.18733959102421266,0.05078915701629029,-0.5577204207981695,-0.593285746827506,0.7439501768168536,-0.30749009256478654,0.7912272150674983,0.6092580759308684,-0.05257462362725268,0.1482279216202523,-0.2744863044437529,-0.9500977591411065,-16.114176233412053,8.524245964779354,-53.136343867523664,-16.114176233412053,8.524245964779354,-53.136343867523664,103.98683542270689,0.9999999999999996,0.10000000000000142
1756296092.5558493,0,-0.17020114890858978,0.05219810753179224,-0.511676163901047,-0.5111279011614069,0.7458463004627933,-0.4271551998282357,0.8405412331388102,0.5375712641232335,-0.06713844935979249,0.1795513966746672,-0.3933578931137822,-0.9016822410790084,-23.569183983030257,10.34363102826907,-58.69647555254137,-23.569183983030257,10.34363102826907,-58.69647555254137,89.39906061388503,0.9999999999999996,0.10000000000000142
1756296092.5866547,0,-0.16109892682292737,0.05674498607628914,-0.49767469432706435,-0.45117347575273503,0.7317160423390293,-0.5109149911295464,0.8694631389084145,0.4894593796487302,-0.0668084257665722,0.2011873377146872,-0.4743639415655331,-0.8570312165176298,-28.964382779329725,11.606399895754658,-62.57473133453378,-28.964382779329725,11.606399895754658,-62.57473133453378,87.94854123241912,0.9999999999999996,0.10000000000000142
1756296092.6195579,0,-0.16072270379655423,0.061720368939662956,-0.5046171685822682,-0.4057488026967587,0.7118999400149031,-0.5732071043845535,0.888978898341712,0.45308590194942877,-0.06655586944686986,0.21233093842702944,-0.5365739845179323,-0.8167030866387409,-33.30491671149878,12.258986267369377,-65.46703936337761,-33.30491671149878,12.258986267369377,-65.46703936337761,91.79197188369531,0.9999999999999996,0.10000000000000142
1756296092.6493819,0,-0.15748674588860592,0.06764266926377706,-0.5046687399755683,-0.3763178986096339,0.6888404200209328,-0.6195835011775362,0.8986650240574878,0.4340505701261929,-0.06325564882982193,0.22535752421826113,-0.5806022548341607,-0.7823777910700841,-36.579095652450974,13.023902756665372,-67.2783977087419,-36.579095652450974,13.023902756665372,-67.2783977087419,93.27931267154881,0.9999999999999996,0.10000000000000142
1756296092.6830678,0,-0.152208981517218,0.071025834993335,-0.5041482629339503,-0.36934154654320117,0.666035333010766,-0.6480615381106296,0.8994913438391479,0.43141511376108255,-0.06925548337104265,0.23345694325832533,-0.6085046711404529,-0.7584325420528372,-38.74072658344565,13.500682303948768,-67.6763798702631,-38.74072658344565,13.500682303948768,-67.6763798702631,86.16552400879138,0.9999999999999996,0.10000000000000142
1756296092.714618,0,-0.14790375371511177,0.07731840770114318,-0.5120758249351574,-0.36956357779582777,0.6517786701471016,-0.6622743593919541,0.8981102251512483,0.4333892785032158,-0.07464420109584341,0.23837110866361674,-0.6223811520440976,-0.7455339805365953,-39.855554104201815,13.790421801699216,-67.63331299741799,-39.855554104201815,13.790421801699216,-67.63331299741799,84.9430399088296,0.9999999999999996,0.10000000000000142
1756296092.744664,0,-0.14360635389124865,0.08175396929373474,-0.5090725284722747,-0.3762919801829611,0.6339318373690568,-0.6756735685372621,0.8937056461890092,0.44066807555624216,-0.08427256466635041,0.24432470939279172,-0.6355643734158252,-0.7323683251101716,-40.95212039710779,14.141929675463274,-67.16662540029157,-40.95212039710779,14.141929675463274,-67.16662540029157,84.93978310141766,0.9999999999999996,0.10000000000000142
1756296092.7814848,0,-0.13838432221201377,0.08718423255442716,-0.5054553157723752,-0.39091082758357065,0.618115342109311,-0.6819986427603928,0.8846382117416035,0.45692185751462056,-0.09293896089373538,0.2541730890644137,-0.6396529058594815,-0.7254241523556928,-41.40468753385588,14.724592328748903,-66.15994979193893,-41.40468753385588,14.724592328748903,-66.15994979193893,80.46716925964475,0.9999999999999996,0.10000000000000142
1756296092.810462,0,-0.13572219576658429,0.09532560250633978,-0.5108752296489601,-0.4047014931258932,0.6076420148007835,-0.6833651171303061,0.8738694579765396,0.4771316759207609,-0.09326057178055014,0.26938610186396345,-0.6349145971560982,-0.7240956997805249,-41.24551401026517,15.627739610514814,-65.15046805019028,-41.24551401026517,15.627739610514814,-65.15046805019028,78.02358459529053,0.9999999999999996,0.10000000000000142
1756296092.8413079,0,-0.1309643464584276,0.10147037852570186,-0.5138329925282832,-0.4231747696931881,0.6004943582547332,-0.678475968623321,0.862312949324909,0.4967698698575769,-0.09816350558259102,0.2780997873456476,-0.6265989324168392,-0.7280345363871026,-40.71765643566093,16.146826763828866,-63.86078870102591,-40.71765643566093,16.146826763828866,-63.86078870102591,83.65383040110204,0.9999999999999996,0.10000000000000142
1756296092.8739562,0,-0.12655741020295014,0.10677706199173989,-0.5135704625617876,-0.44820324223659763,0.5926040614530477,-0.6692789254099928,0.8473053034471745,0.520264812072383,-0.10676257803921624,0.28493433699519877,-0.6149349166120273,-0.7353009397059587,-39.9058650899417,16.55492363424126,-62.12228313843063,-39.9058650899417,16.55492363424126,-62.12228313843063,80.04468958379243,0.9999999999999996,0.10000000000000142
1756296092.9066877,0,-0.12386914099762862,0.11286722669984148,-0.521323875677188,-0.4779036718211637,0.5866100167495678,-0.6538323704963848,0.8301256171365958,0.5449897571760812,-0.11780332909872454,0.28722733197492856,-0.5990616435912322,-0.7474126082321172,-38.71266179187802,16.692033029080886,-60.07094741670353,-38.71266179187802,16.692033029080886,-60.07094741670353,86.39261684131729,0.9999999999999996,0.10000000000000142
1756296092.9535136,0,-0.12118184362143179,0.11922469093280891,-0.5292370929782944,-0.5117264646901681,0.5806564468144347,-0.6332251701476639,0.810232011033113,0.5713066681963109,-0.13089224259545623,0.28576233767405335,-0.5800403276042676,-0.7628191821918183,-37.24900734678363,16.604422553644646,-57.72430594144042,-37.24900734678363,16.604422553644646,-57.72430594144042,85.39147800184014,0.9999999999999996,0.10000000000000142
1756296092.9875886,0,-0.11735379593762107,0.12361381027894655,-0.5282688225297624,-0.5455517010903808,0.5741781200513854,-0.6104857311122425,0.7891977544442472,0.5970982645073146,-0.14366825293888374,0.28202880317008383,-0.5601724278975273,-0.778888056915652,-35.72350107847592,16.38132740935961,-55.344911962617715,-35.72350107847592,16.38132740935961,-55.344911962617715,84.57424035582153,0.9999999999999996,0.10000000000000142
1756296093.0182054,0,-0.11224936216605762,0.1268533240038468,-0.519212680676562,-0.5765298176638071,0.5642985161372662,-0.5909150142193181,0.767741728785986,0.6216224192072607,-0.1554291022286961,0.2796176089327046,-0.5432796265498941,-0.791619378331888,-34.461378460939784,16.237383747568717,-53.09556077543384,-34.461378460939784,16.237383747568717,-53.09556077543384,87.86132430423056,0.9999999999999996,0.10000000000000142
1756296093.0508924,0,-0.10746631737185143,0.12959923590925365,-0.5111962370854203,-0.6098212230099107,0.5531969099827311,-0.5675308403534163,0.7431343723662888,0.6479995523579716,-0.16687685505075417,0.2754439699366439,-0.523516722683647,-0.8062635180238,-32.99615468415382,15.988473612015353,-50.627460044381024,-32.99615468415382,15.988473612015353,-50.627460044381024,82.4993429938248,0.9999999999999996,0.10000000000000142
1756296093.0827668,0,-0.10423972844898981,0.13344126860118266,-0.5097051806062253,-0.6415405423936505,0.5429856967197787,-0.5418415502921469,0.7178572025657487,0.673947738814357,-0.17457228322816012,0.27038263477845303,-0.5009600567957009,-0.8221509911844113,-31.355143720382273,15.687037111632048,-48.21321517453924,-31.355143720382273,15.687037111632048,-48.21321517453924,84.05609547208503,0.9999999999999996,0.10000000000000142
1756296093.1140416,0,-0.10072677673987616,0.13633440329272925,-0.5048160783794399,-0.6721989366520231,0.5325598071791056,-0.5143234792824876,0.6914090835630948,0.6999767000714519,-0.17884657817113067,0.2647679526119632,-0.4758284051361741,-0.8387402816934657,-29.566812789002483,15.35316496435556,-45.80711430284646,-29.566812789002483,15.35316496435556,-45.80711430284646,85.34292738758361,0.9999999999999996,0.10000000000000142
1756296093.14501,0,-0.09725638426298872,0.13782817162988487,-0.5024924910812392,-0.7038436981200031,0.52384033865844,-0.47978677369324035,0.6644387754936938,0.7243794635849969,-0.18383554160377383,0.2512472133919071,-0.4481804238591005,-0.8579097536642641,-27.583005737041873,14.551328119859631,-43.35040501886422,-27.583005737041873,14.551328119859631,-43.35040501886422,85.92794775547394,0.9999999999999996,0.10000000000000142
1756296093.1786797,0,-0.09557418527420468,0.13807063785090634,-0.49750760088017804,-0.7326739241709106,0.5118451959318686,-0.44855703789090906,0.6377741888271398,0.7464186459201083,-0.19000865529937372,0.2375563194400082,-0.4252924880882091,-0.8733231330211388,-25.965240143920767,13.742357112280517,-41.03874955092917,-25.965240143920767,13.742357112280517,-41.03874955092917,85.86884399264366,0.9999999999999996,0.10000000000000142
1756296093.2119942,0,-0.09269192290032557,0.13858640112859036,-0.4912532567815746,-0.7596384594916124,0.4994417615626142,-0.4165421199211951,0.6110031788611922,0.7674745842251269,-0.1940563783800648,0.2227656308381714,-0.4019212477285839,-0.8881637148305317,-24.34820652107524,12.8715239207769,-38.81090937329054,-24.34820652107524,12.8715239207769,-38.81090937329054,89.4741565460268,0.9999999999999996,0.10000000000000142
1756296093.2425923,0,-0.09144765016089125,0.13784965502532295,-0.4861889360902931,-0.7827074868466788,0.48535808506098765,-0.38961072790682705,0.5857276013279072,0.786099000434779,-0.19741210337286283,0.21045704330530887,-0.3827216884125759,-0.8995731999908705,-23.047233714900017,12.14913748676035,-36.808803563404325,-23.047233714900017,12.14913748676035,-36.808803563404325,85.55461766165361,0.9999999999999996,0.10000000000000142
1756296093.274951,0,-0.09134799477413773,0.13737062729521302,-0.48228446535037894,-0.8043878764667891,0.4678934726939801,-0.36610905807370764,0.5588483544467133,0.8050361396110828,-0.19901088073843082,0.20161513069571543,-0.36468138440349945,-0.9090428080921693,-21.859212846379563,11.63142338901302,-34.78963488255104,-21.859212846379563,11.63142338901302,-34.78963488255104,87.93499588008866,0.9999999999999996,0.10000000000000142
1756296093.3059437,0,-0.0897516290227163,0.13653408147772703,-0.47671503959421985,-0.8242876420579063,0.4508731503806274,-0.342437272236048,0.5321070599754437,0.823559649990684,-0.19649829422036114,0.19342171510693057,-0.3441844057668363,-0.9187628284557573,-20.536816620471484,11.152539311732108,-32.843684534061,-20.536816620471484,11.152539311732108,-32.843684534061,88.16575062144067,0.9999999999999996,0.10000000000000142
1756296093.354603,0,-0.08802022942035523,0.13293546219184516,-0.46559408079196446,-0.8403793631678377,0.43372435582727464,-0.32503185862901995,0.5084548160555578,0.838571811874279,-0.19562979415160153,0.18771314815837603,-0.32966725571719246,-0.9252476827943786,-19.611066157361705,10.819356126437112,-31.17520097537539,-19.611066157361705,10.819356126437112,-31.17520097537539,84.52450678977405,0.9999999999999996,0.10000000000000142
1756296093.38721,0,-0.086301262650852,0.1294518647220695,-0.4541589623052889,-0.8557415855595617,0.41665797919519415,-0.30676125426296075,0.48505421034349877,0.8523830869009651,-0.19535988890564776,0.18007984832304944,-0.3159734190373605,-0.9315213613706282,-18.73701199005737,10.374410777512367,-29.545571898504107,-18.73701199005737,10.374410777512367,-29.545571898504107,81.59012328816755,0.9999999999999996,0.10000000000000142
1756296093.419952,0,-0.08489860692946946,0.1265724932940467,-0.44764205594397416,-0.8702008551323167,0.4015681497032588,-0.28547065150534473,0.4627702752061219,0.865025134741085,-0.1938432063597232,0.16909803107261512,-0.30078985589622054,-0.9385794151148298,-17.76927919982981,9.735380828490104,-28.00391497105653,-17.76927919982981,9.735380828490104,-28.00391497105653,79.59755222204656,0.9999999999999996,0.10000000000000142
1756296093.4505403,0,-0.08477679498020513,0.1230264345491337,-0.4434210678744337,-0.8836580282928931,0.3862572761801747,-0.2644878175481605,0.44112624515301757,0.876169414632617,-0.19425445348701054,0.15670394018886902,-0.28832702519918163,-0.9446223592891893,-16.973758396376866,9.015632585573213,-26.5285859347415,-16.973758396376866,9.015632585573213,-26.5285859347415,81.89130758207529,0.9999999999999996,0.10000000000000142
1756296093.482605,0,-0.08499060305489768,0.11747995383854817,-0.434524094479135,-0.8971478392242379,0.3651544024916704,-0.24857195520861247,0.41643598467326093,0.8868438430662636,-0.20022254789276916,0.147332363194557,-0.28314353313542556,-0.9476934706956125,-16.634631596784317,8.47236459972505,-24.899675431740576,-16.634631596784317,8.47236459972505,-24.899675431740576,78.48169055125663,0.9999999999999996,0.10000000000000142
1756296093.5136313,0,-0.0847210721231937,0.11458673908230489,-0.4239855267256809,-0.9094252828063021,0.34347597005501673,-0.2344566334899546,0.39050257076245587,0.8991872285079785,-0.19740838461436644,0.14301537407072978,-0.2710840941163936,-0.9518718488832956,-15.896451501397223,8.222370738685974,-23.23843840161817,-15.896451501397223,8.222370738685974,-23.23843840161817,73.91554692493749,0.9999999999999996,0.10000000000000142
1756296093.5455153,0,-0.08653138129184289,0.10974639609709894,-0.41455471405280975,-0.9191658163669453,0.31986719126066754,-0.2298242414922732,0.3664323792688642,0.9084382652104744,-0.2011646830950782,0.14443515308208887,-0.2691187437849611,-0.9522150956048524,-15.781560011169319,8.30457153053893,-21.735070584464097,-15.781560011169319,8.30457153053893,-21.735070584464097,67.57950095933198,0.9999999999999996,0.10000000000000142
1756296093.5782704,0,-0.08637484894263073,0.10741763517898685,-0.4084503594045236,-0.928214162551219,0.2999813781214063,-0.22006735609744815,0.344246942403347,0.916847263326084,-0.20220073782609463,0.14111169719511513,-0.26344310298782214,-0.9542982869118344,-15.432672513431072,8.112180470047422,-20.34831470641717,-15.432672513431072,8.112180470047422,-20.34831470641717,65.9589610241939,0.9999999999999996,0.10000000000000142
1756296093.6104136,0,-0.0864703474554001,0.10536092088153716,-0.4029438973180591,-0.9364897427850828,0.2797046181386301,-0.21154736644603475,0.32143480379302014,0.9258194674728614,-0.19884159665123008,0.1402377572869463,-0.2542118019293969,-0.9569272340104743,-14.877248293251853,8.061604465555963,-18.943945961959713,-14.877248293251853,8.061604465555963,-18.943945961959713,66.74774303049789,0.9999999999999996,0.10000000000000142
1756296093.6469436,0,-0.08617712873925712,0.10306209988702728,-0.39915864419936975,-0.9443935745263744,0.2612323619235133,-0.1996958424133067,0.29928115641653885,0.9344541215477141,-0.1929411416377269,0.13620413285681474,-0.24197757707348172,-0.9606743914492416,-14.137741640468988,7.828254814937802,-17.583564715433624,-14.137741640468988,7.828254814937802,-17.583564715433624,66.38612145593979,0.9999999999999996,0.10000000000000142
1756296093.673561,0,-0.08706055681919687,0.09891245054611726,-0.3938864321814849,-0.9519143757720454,0.23955904438287282,-0.19097247302394665,0.2750475653214379,0.942806765266597,-0.18831951619066237,0.13493649620938958,-0.23179056844897847,-0.9633614453406534,-13.52856036382542,7.7549477894148025,-16.116200268136055,-13.52856036382542,7.7549477894148025,-16.116200268136055,62.91450444816525,0.9999999999999996,0.10000000000000142
1756296093.7061756,0,-0.08976280248554598,0.09252927513973896,-0.3893617501451249,-0.9573922234439126,0.21486190026484564,-0.19296241681659437,0.25147370882790604,0.948783001292821,-0.19123752306000102,0.14198980335735067,-0.23161429202958617,-0.9623895861189348,-13.531799552531226,8.163003990881258,-14.717163613305331,-13.531799552531226,8.163003990881258,-14.717163613305331,59.90508334725355,0.9999999999999996,0.10000000000000142
1756296093.754405,0,-0.09050624247424396,0.08588967368378851,-0.3845671368978122,-0.9631074032882759,0.19114398677527533,-0.18944156368381257,0.22775021979735022,0.9539171510988816,-0.19537631950073356,0.14336654809812963,-0.23131373750611403,-0.9622577553480044,-13.516668141527731,8.24270103050137,-13.304579238932263,-13.516668141527731,8.24270103050137,-13.304579238932263,60.03824994624566,0.9999999999999996,0.10000000000000142
1756296093.7858944,0,-0.09336586541537227,0.07927047541973893,-0.38432427685862075,-0.9677510270045812,0.1677127521285797,-0.18796377976896603,0.20557953839872653,0.9570295643435817,-0.2045274220345557,0.1455850374294876,-0.23657312980512457,-0.9606446539334214,-13.834654165992589,8.371158871019619,-11.99307246707616,-13.834654165992589,8.371158871019619,-11.99307246707616,58.70235596168415,0.9999999999999996,0.10000000000000142
1756296093.8168342,0,-0.09428514030027374,0.07046764432951501,-0.37619899250909133,-0.9728215002350521,0.14345002749784602,-0.1817702348881412,0.18236718631298549,0.9583743775619716,-0.2196833215994986,0.14269035719594947,-0.2468615847870444,-0.9584877776579738,-14.442823144072179,8.20355567490265,-10.617558920904486,-14.442823144072179,8.20355567490265,-10.617558920904486,56.348426284283484,0.9999999999999996,0.10000000000000142
1756296093.8511596,0,-0.09729982804516842,0.06235747793764069,-0.3739508602858417,-0.9770001080660202,0.1205733100161095,-0.1758774168298585,0.16080287033659701,0.9582799361082028,-0.2363091215843564,0.14004722678616746,-0.2591556307785299,-0.9556281354717879,-15.173040341335025,8.050579066120466,-9.346424852493016,-15.173040341335025,8.050579066120466,-9.346424852493016,56.70050473569211,0.9999999999999996,0.10000000000000142
1756296093.8772755,0,-0.10044814154259361,0.0567587774003215,-0.3689302831139401,-0.9802699123439182,0.09643762076000414,-0.17254183334889228,0.1375933421031984,0.9596170839290912,-0.24536324997908732,0.1419118429241179,-0.2642628190525059,-0.9539529292917461,-15.483727658748705,8.158491492221424,-7.989991677001655,-15.483727658748705,8.158491492221424,-7.989991677001655,54.942779322036216,0.9999999999999996,0.10000000000000142
1756296093.908045,0,-0.10449837867302163,0.05103260007852164,-0.3646140190171562,-0.9819915049261444,0.07324104833159259,-0.17415060462764834,0.11677169294077402,0.9599347122159311,-0.25473460701416883,0.14851618087141802,-0.2704830810276435,-0.9512002138862047,-15.87361982261541,8.540946855264908,-6.781377024814418,-15.87361982261541,8.540946855264908,-6.781377024814418,50.271195727422665,0.9999999999999996,0.10000000000000142
1756296093.9419198,0,-0.11033389505618833,0.04578016850015743,-0.3682916082637845,-0.9819053834126581,0.05037314491506628,-0.18254962146388135,0.09798970743957522,0.9600375834630106,-0.2621561663863914,0.16204886689251205,-0.27530053507007324,-0.9476021212138479,-16.199814291113825,9.325839834004976,-5.69899012007096,-16.199814291113825,9.325839834004976,-5.69899012007096,48.81458671754185,0.9999999999999996,0.10000000000000142
1756296093.972891,0,-0.11617951528964657,0.038339017085137955,-0.3703956295120608,-0.9785143692496122,0.02893574979583599,-0.20413806983457675,0.08434908959732078,0.9596372669247165,-0.26829376998611737,0.18813521801124025,-0.279748169454267,-0.9414595591053553,-16.548951266184957,10.843977615711852,-4.926784615532256,-16.548951266184957,10.843977615711852,-4.926784615532256,46.58136201062027,0.9999999999999996,0.10000000000000142
1756296094.0051067,0,-0.12721894412590934,0.034235663132731256,-0.3675224827252664,-0.957660075334166,0.001143664069903516,-0.2878990658954192,0.07191041191217784,0.9692465913752009,-0.23535066978059602,0.27877602617438363,-0.24608888056970282,-0.9282910050681143,-14.84751913517232,16.187167709325347,-4.2942642255393935,-14.84751913517232,16.187167709325347,-4.2942642255393935,45.136098928968515,0.9999999999999996,0.10000000000000142
1756296094.036021,0,-0.13107321935774494,0.02745922416237712,-0.3608221576923016,-0.925085291952017,-0.021826424704314156,-0.37913165233026697,0.05687179246630067,0.9791259883244331,-0.19513558929465444,0.3754767660398198,-0.2020789602416069,-0.9045337428708503,-12.59346709039687,22.053782949275703,-3.5179651523801,-12.59346709039687,22.053782949275703,-3.5179651523801,46.66428623806482,0.9999999999999996,0.10000000000000142
1756296094.0688012,0,-0.1346779792516973,0.0168055604374699,-0.3691868899722354,-0.8916755274520501,-0.04469353511961163,-0.45046336328454123,0.038523167035322214,0.9840120552009769,-0.1738857119510356,0.4510329470722479,-0.17240290930741833,-0.8756977318216951,-11.137661526044468,26.80997609562212,-2.473818210588007,-11.137661526044468,26.80997609562212,-2.473818210588007,47.5266927132857,0.9999999999999996,0.10000000000000142
1756296094.1006238,0,-0.1357189385354498,0.006200110357738685,-0.37559725589041526,-0.8600080929868057,-0.0639111170229956,-0.506262233549048,0.025261639084038633,0.9855766951492348,-0.16733328291018504,0.5096547160460557,-0.15669699135460521,-0.8459894345158392,-10.493590800066983,30.640833289377426,-1.682506542367861,-10.493590800066983,30.640833289377426,-1.682506542367861,44.70585235881237,0.9999999999999996,0.10000000000000142
1756296094.1496863,0,-0.13621537728221308,-0.006081742418749774,-0.39336793645915236,-0.8382247989364516,-0.0908009666673811,-0.5377121636156418,0.008454587833376284,0.9837577071160403,-0.17930224101878703,0.5452593019770623,-0.15484171964319118,-0.8238424215014827,-10.644596733225512,33.042385201360965,-0.5778828961084059,-10.644596733225512,33.042385201360965,-0.5778828961084059,48.57840619094644,0.9999999999999996,0.10000000000000142
1756296094.1868753,0,-0.13664268605527147,-0.01637324889346888,-0.40226868144065386,-0.8088871962870243,-0.11728584219717197,-0.5761471469190984,-0.010116181047229729,0.9825334479709784,-0.1858108890761795,0.5878768294157686,-0.14447164025635162,-0.7959452108014109,-10.287726934997835,36.006485893979686,0.716520505739453,-10.287726934997835,36.006485893979686,0.716520505739453,53.16449718700186,0.9999999999999996,0.10000000000000142
1756296094.218152,0,-0.133692098044225,-0.025721552786869273,-0.4158163008132645,-0.7881150585944473,-0.14378204558941893,-0.5984992713302112,-0.028246273283571287,0.9797586272337212,-0.1981796669860066,0.6148795023923478,-0.13928300588089315,-0.7762238348637088,-10.172706142656267,37.94316524082718,2.052618848179975,-10.172706142656267,37.94316524082718,2.052618848179975,58.68270330922191,0.9999999999999996,0.10000000000000142
1756296094.250372,0,-0.12834586287879865,-0.03223929450626828,-0.42402896698233034,-0.7712065017551215,-0.16260280668845822,-0.6154679999054897,-0.04349383401817914,0.9780273462082938,-0.20388917693482805,0.6350974870466952,-0.1304715958582497,-0.761333267775141,-9.724458345717352,39.42721527395428,3.227898217311349,-9.724458345717352,39.42721527395428,3.227898217311349,62.37394616150093,0.9999999999999996,0.10000000000000142
1756296094.2833211,0,-0.12145777731608577,-0.03940983849219566,-0.44954381998334103,-0.7685220959380815,-0.17392702041485536,-0.6157297943290944,-0.056654880351485644,0.9770621122636723,-0.20527993889128576,0.6373099815531663,-0.12287807106421254,-0.7607476369100606,-9.17532754550399,39.59152280797711,4.216175870993823,-9.17532754550399,39.59152280797711,4.216175870993823,70.20020346142616,0.9999999999999996,0.10000000000000142
1756296094.3139803,0,-0.11140185435344316,-0.04178812350302891,-0.47125216283102683,-0.7816645400066485,-0.173995153977802,-0.5989375871394579,-0.0670558553870742,0.9781774184682684,-0.19665312165603113,0.620083912994445,-0.1135544996510264,-0.7762739957350772,-8.322284889395434,38.32226250390585,4.903170015919272,-8.322284889395434,38.32226250390585,4.903170015919272,80.18440795365618,0.9999999999999996,0.10000000000000142
1756296094.342999,0,-0.10149300901013623,-0.04225195689435415,-0.4897779633559246,-0.8011988147776199,-0.17313656974139496,-0.5728037948696925,-0.07905520441775409,0.9794633813279598,-0.1854771125828398,0.5931532127986872,-0.1033209216750576,-0.7984322471511358,-7.373370809786053,36.38109050363016,5.635199317173658,-7.373370809786053,36.38109050363016,5.635199317173658,87.86516222001329,0.9999999999999996,0.10000000000000142
1756296094.3781726,0,-0.0935873768528581,-0.041190499172024886,-0.5087569764182047,-0.8259350539868511,-0.18199750398318337,-0.5335805423173047,-0.08648498837490881,0.9761587069827462,-0.19908421727390996,0.5570921228859099,-0.11828392674266713,-0.821983746367777,-8.18868187112804,33.85493624893619,5.977749054937135,-8.18868187112804,33.85493624893619,5.977749054937135,79.15039707663279,0.9999999999999996,0.10000000000000142
1756296094.4426181,0,-0.09691148068010076,-0.02796226979761395,-0.5834745653094814,-0.8305704651909191,-0.18227447562860039,-0.5262401712971551,-0.08999979696813702,0.9764328148356902,-0.19616063483213206,0.5495932485922971,-0.11556372115144833,-0.8274009230448054,-7.951108491317029,33.33911259824413,6.184384508263321,-7.951108491317029,33.33911259824413,6.184384508263321,85.02195687367968,0.9999999999999996,0.10000000000000142
1756296094.4747722,0,-0.09884720766415528,-0.009980759023284536,-0.5960622737275583,-0.8241050399365205,-0.1857345613814249,-0.5351201321756416,-0.10143443666061802,0.9778319322451717,-0.18318233359420066,0.5572808432115439,-0.09668187518932209,-0.8246761041762439,-6.686615398078146,33.86795773542296,7.016921164863902,-6.686615398078146,33.86795773542296,7.016921164863902,89.78551624094757,0.9999999999999996,0.10000000000000142
1756296094.50913,0,-0.09818778534108366,0.004201960543106788,-0.6198303354954897,-0.8243867050257888,-0.1933376197347945,-0.53198414015082,-0.11909725785524986,0.9780644566802078,-0.17089693312113693,0.5533555852687161,-0.0775273072803011,-0.82932931509611,-5.340599359313586,33.59752611134763,8.220514911633956,-5.340599359313586,33.59752611134763,8.220514911633956,99.58551366745596,0.9999999999999996,0.10000000000000142
1756296094.5531607,0,-0.09574629325079893,0.017219461990287493,-0.6309493323906602,-0.8251409226060452,-0.19675228457260296,-0.5295573588916559,-0.1448960251997209,0.9797420124316228,-0.1382415674019791,0.5460289367077228,-0.037338018049911825,-0.8369338520372672,-2.5544351458787844,33.095005643748586,9.95968421375568,-2.5544351458787844,33.095005643748586,9.95968421375568,122.34094770384549,0.9999999999999996,0.10000000000000142
1756296094.5871322,0,-0.09580666390888783,0.0235755314002574,-0.6468196743158835,-0.830783693572055,-0.19532099260112507,-0.5211987762304181,-0.16565997192252735,0.980739296928361,-0.10347562593718396,0.5313710833282158,0.0003759119256126556,-0.8471390856835865,0.02542459173062639,32.09814029178761,11.276986391622415,0.02542459173062639,32.09814029178761,11.276986391622415,117.58480369605174,0.9999999999999996,0.10000000000000142
1756296094.618473,0,-0.09717767790485903,0.026294707471183905,-0.6620251006029186,-0.8360675707447934,-0.19633529513986497,-0.5122923667509036,-0.1808323345922822,0.980210387408409,-0.08054354836088243,0.5179678406183197,0.025299175856122805,-0.8550258872023678,1.6948179282463514,31.196036718995728,12.204460203401226,1.6948179282463514,31.196036718995728,12.204460203401226,121.49163076955905,0.9999999999999996,0.10000000000000142
1756296094.6505747,0,-0.09972458370354917,0.02610238505527061,-0.6811651068672732,-0.8421884832849903,-0.20780157630882595,-0.49753096738363434,-0.19772597966765743,0.9774928583726895,-0.07356730792175728,0.5016203699876959,0.036417258462941776,-0.8643209980669512,2.4126705202396863,30.107260843536036,13.212409694279785,2.4126705202396863,30.107260843536036,13.212409694279785,121.04385927583975,0.9999999999999996,0.10000000000000142
1756296094.6826606,0,-0.1027861063738614,0.024356498743362754,-0.7030950643181902,-0.8465879872612845,-0.23034701240312316,-0.4798218770563124,-0.2206470455629717,0.9722736546367154,-0.07745206119721533,0.484359020881432,0.04030129497076643,-0.8739405840870762,2.64029322127044,28.97048573521832,14.608073610463777,2.64029322127044,28.97048573521832,14.608073610463777,125.9676887453563,0.9999999999999996,0.10000000000000142
1756296094.714265,0,-0.10502975844533348,0.02419978124961407,-0.7112765317907687,-0.8472866007315164,-0.2516340150950276,-0.46774537802952953,-0.2430486456261149,0.966725536405837,-0.07980659822444787,0.4722634562192414,0.04606581930241395,-0.8802529001439611,2.9956975996541644,28.181322965660897,16.005818584132953,2.9956975996541644,28.181322965660897,16.005818584132953,130.28782061457258,0.9999999999999996,0.10000000000000142
1756296094.7483597,0,-0.10649371519669312,0.024199933790087457,-0.7176902815631123,-0.8444336657585471,-0.27677944236755414,-0.4586119540704192,-0.2707172088261246,0.9592889486374184,-0.08047922631032897,0.4622163746331095,0.05619478004959592,-0.8849848415177531,3.6332903219142167,27.53021883593205,17.775344370859045,3.6332903219142167,27.53021883593205,17.775344370859045,131.9118148006345,0.9999999999999996,0.10000000000000142
1756296094.77888,0,-0.10885218254172863,0.024295357154676248,-0.7314372521323231,-0.8408842341967538,-0.3033340211370814,-0.4482211243350181,-0.30192341090624875,0.950245247520317,-0.07665652947915261,0.44917252657088863,0.07086918361220435,-0.8906298895658423,4.549552637093569,26.690606500098344,19.75091269415006,4.549552637093569,26.690606500098344,19.75091269415006,134.14966170247308,0.9999999999999996,0.10000000000000142
1756296094.8108618,0,-0.11187236403529986,0.022541243332378294,-0.7385486597837891,-0.8310686301998689,-0.33566443068779406,-0.44345723792577,-0.3369665207643011,0.938224278272386,-0.07866872024040149,0.442468638190003,0.08405113700182641,-0.8928364411172882,5.3779440230164255,26.261496357268587,22.070670917664643,5.3779440230164255,26.261496357268587,22.070670917664643,137.2165226351703,0.9999999999999996,0.10000000000000142
1756296094.8424525,0,-0.11505737604577816,0.021272385224874422,-0.7475154764091099,-0.8183618327719795,-0.3692661319520745,-0.4403707920096883,-0.3759752043865576,0.9235307921094731,-0.07572002187094201,0.43465682595419264,0.10360212265587432,-0.8946172610857808,6.6057746664703245,25.76345919348635,24.675193566848634,6.6057746664703245,25.76345919348635,24.675193566848634,141.55195148911648,0.9999999999999996,0.10000000000000142
1756296094.8750086,0,-0.11866429874037095,0.020199865957084742,-0.754228022828435,-0.8020935709469865,-0.40369660903226906,-0.44008516369148265,-0.4177062393482635,0.9059051945980559,-0.06969416051428057,0.42681073212261544,0.12792508063748237,-0.8952473248710946,8.132147368706768,25.265330785717953,27.50914646546454,8.132147368706768,25.265330785717953,27.50914646546454,141.56305284370893,0.9999999999999996,0.10000000000000142
1756296094.9063425,0,-0.12230765002179131,0.018099571188556835,-0.7747464617264614,-0.7885798697180024,-0.44306715299772237,-0.42641914475083237,-0.4626587348313229,0.8842804394653461,-0.06320600812623947,0.4050786147895468,0.1474435563646899,-0.9023146421990029,9.280449137961767,23.896053641120815,30.40009044092804,9.280449137961767,23.896053641120815,30.40009044092804,146.18882626886761,0.9999999999999996,0.10000000000000142
1756296094.9562712,0,-0.12578416999764477,0.014812475401039527,-0.786537827679385,-0.7749021699640585,-0.4792116154907147,-0.4121684783723435,-0.503204541897816,0.8623167025248729,-0.05652515864674139,0.3825072757457074,0.16360358225115246,-0.9093525454278929,10.199098830781907,22.489075813462673,32.99881364759895,10.199098830781907,22.489075813462673,32.99881364759895,144.94050757541967,0.9999999999999996,0.10000000000000142
1756296094.986169,0,-0.12964761260615268,0.010856100492691657,-0.7830863251173531,-0.7513558589951675,-0.5174262028145656,-0.4095540230476735,-0.5486059500435975,0.8346968320095972,-0.04809064576302184,0.3667368058027394,0.18855058545133874,-0.9110174487876518,11.69324205951088,21.514507851873923,36.13522292470998,11.69324205951088,21.514507851873923,36.13522292470998,157.14298594242854,0.9999999999999996,0.10000000000000142
1756296095.018545,0,-0.13224141541310908,0.003678026878465049,-0.7924835253043636,-0.7254489847773794,-0.5595537855885835,-0.40077840700186845,-0.5909590114010512,0.8048879343549381,-0.05406348096204583,0.3528331295802056,0.197623313815265,-0.9145784867944967,12.193083956805623,20.660700209985357,39.16665277504387,12.193083956805623,20.660700209985357,39.16665277504387,149.4780152407448,0.9999999999999996,0.10000000000000142
1756296095.051043,0,-0.1342095986040168,-0.004474184985943431,-0.7994546891869397,-0.6954049364635674,-0.5999922162767071,-0.39550134607794607,-0.6291280749500339,0.7742834231791939,-0.06843278380698903,0.3472892737355512,0.2012325048228411,-0.9159124627118899,12.391412374112576,20.321604339588344,42.13542820241972,12.391412374112576,20.321604339588344,42.13542820241972,148.14390312102023,0.9999999999999996,0.10000000000000142
1756296095.0828094,0,-0.1362930380121207,-0.01303564098107958,-0.8096871069220514,-0.6608332908279201,-0.6366272604188279,-0.3974985446830715,-0.6649453303458936,0.7422333521627517,-0.08329080734652164,0.34806187579901987,0.2092734627917807,-0.9138148326583483,12.898923301717417,20.368816515290398,45.17770821637805,12.898923301717417,20.368816515290398,45.17770821637805,150.02608230279293,0.9999999999999996,0.10000000000000142
1756296095.1149666,0,-0.13737627051753756,-0.020924326105351613,-0.8164627516842817,-0.6256367062342265,-0.6685002823858242,-0.40210208189272223,-0.6969302076420394,0.7105560761723437,-0.09694507873320074,0.3505238900394838,0.21958468768253375,-0.9104480037030958,13.559811765430396,20.519361910732812,48.08556567935378,13.559811765430396,20.519361910732812,48.08556567935378,144.38733515949465,0.9999999999999996,0.10000000000000142
1756296095.1466296,0,-0.13765029478761887,-0.028125874230060414,-0.821275648033842,-0.5900468248304658,-0.6956792820009585,-0.4097256168487839,-0.7279233426458074,0.6779148030476259,-0.10275761305252802,0.3492454033181253,0.23761703727538036,-0.9064026654073951,14.689753161804589,20.44116756291797,50.972147699490336,14.689753161804589,20.44116756291797,50.972147699490336,141.21500418268354,0.9999999999999996,0.10000000000000142
1756296095.1807694,0,-0.1382105631176817,-0.03687483660456405,-0.820106413588404,-0.5503910566099367,-0.7198149343882965,-0.4230084455839745,-0.7539991113706126,0.6461147514890767,-0.11841059057590848,0.3585457081825472,0.2537758620117,-0.8983556016434108,15.774419200633957,21.010909817396357,53.87195851117983,15.774419200633957,21.010909817396357,53.87195851117983,141.24021195227752,0.9999999999999996,0.10000000000000142
1756296095.2108567,0,-0.13824281672658614,-0.045053772374442136,-0.8133834724465735,-0.5073812767288197,-0.7434053967487056,-0.43578969252373634,-0.7783055104300726,0.6124118445024194,-0.1385361510484862,0.36987129174784206,0.26888686988777344,-0.8893228203204608,16.822698594485445,21.707679733018804,56.89946801308919,16.822698594485445,21.707679733018804,56.89946801308919,141.4649860211189,0.9999999999999996,0.10000000000000142
1756296095.2417371,0,-0.13831459773702962,-0.053369530053547706,-0.8062146472382299,-0.4629328901898245,-0.764279949712215,-0.4489646953251336,-0.7984951860886877,0.579480076627557,-0.16312044195904055,0.38483577922756596,0.2829823302957535,-0.8785342473499238,17.85413078551275,22.633545616570093,59.89670136200348,17.85413078551275,22.633545616570093,59.89670136200348,142.17343977082157,0.9999999999999996,0.10000000000000142
1756296095.2759218,0,-0.1380517396353107,-0.06003366083236205,-0.8106889381512401,-0.42131508175944354,-0.7848055813091385,-0.4545039069447684,-0.8168413582725401,0.5461191612912506,-0.1858065044233191,0.39403527417923545,0.29297450608639364,-0.8711498961062492,18.588193720787615,23.205820158466324,62.71596404265489,18.588193720787615,23.205820158466324,62.71596404265489,142.11541895238594,0.9999999999999996,0.10000000000000142
1756296095.3070693,0,-0.13765641503036244,-0.06611890102656172,-0.8119963655163123,-0.38259968767454644,-0.8077453169926766,-0.4485141936078947,-0.8352298263767627,0.5099190620367082,-0.20584870002564168,0.39497926036943054,0.29585478371661367,-0.8697478547429784,18.78633012906647,23.26468059037704,65.38856706971899,18.78633012906647,23.26468059037704,65.38856706971899,135.05242015503978,0.9999999999999996,0.10000000000000142
1756296095.354059,0,-0.13755097526668894,-0.07361955158647306,-0.8227637468109853,-0.3416416651890333,-0.8302481254182894,-0.4404191445047337,-0.8530869449048861,0.4705882917891898,-0.2253648687435126,0.39436485269317906,0.29872179343052513,-0.8690464044514183,18.969646714259454,23.226367439754426,68.17503600995913,18.969646714259454,23.226367439754426,68.17503600995913,135.5641059502568,0.9999999999999996,0.10000000000000142
1756296095.3882196,0,-0.13690797412131744,-0.08030416374618385,-0.8095297774196656,-0.2953168757785027,-0.8491619154575544,-0.4378492711160796,-0.8663627549216887,0.4312074726788148,-0.2519438278475018,0.4027449810549187,0.3049330366529789,-0.8630251000942362,19.459864958514345,23.749893034001165,71.1773081931176,19.459864958514345,23.749893034001165,71.1773081931176,139.65921175692986,0.9999999999999996,0.10000000000000142
1756296095.419679,0,-0.13794959787895575,-0.08761338767536318,-0.8094546796274055,-0.2503517921576005,-0.8642143816021044,-0.4364143476050828,-0.8739537327503064,0.395682586748053,-0.28220588859231044,0.4165679454486191,0.31075519814873875,-0.8543432294155872,19.98813709163639,24.6180963508917,74.0151704602318,19.98813709163639,24.6180963508917,74.0151704602318,138.47116997522724,0.9999999999999996,0.10000000000000142
1756296095.4506369,0,-0.1394276250564808,-0.09140243144167144,-0.8046004817441584,-0.2076486501425801,-0.8797175874636396,-0.42776045212375324,-0.8787150550692902,0.3598929713240287,-0.31358715086262073,0.42981611194618863,0.31076360066570746,-0.8477523780047722,20.131600490613778,25.455890712514538,76.70437139369672,20.131600490613778,25.455890712514538,76.70437139369672,142.2042784346525,0.9999999999999996,0.10000000000000142
1756296095.4826868,0,-0.14239082036514789,-0.0926897294857826,-0.7965396619493895,-0.1692805217515406,-0.8882305704992227,-0.42707207657039803,-0.8821615337211407,0.3297779841447446,-0.3362105138097165,0.4394714249849371,0.31983266688075235,-0.8393878315877916,20.858384571915707,26.07016083847921,79.13739381460975,20.858384571915707,26.07016083847921,79.13739381460975,145.2662824764893,0.9999999999999996,0.10000000000000142
1756296095.5146952,0,-0.1461235247342491,-0.09758061635505125,-0.7979773897446999,-0.13176396371948895,-0.8987062914314162,-0.41828848849391004,-0.8850222477490887,0.2967246853830967,-0.3587339990486728,0.44651302204312043,0.32292640465885253,-0.8344726827883746,21.155570167424486,26.520182181756226,81.53188660535231,21.155570167424486,26.520182181756226,81.53188660535231,145.81730713264514,0.9999999999999996,0.10000000000000142
1756296095.546046,0,-0.14963485352331238,-0.10028207651368819,-0.7987853063848983,-0.09646168087160437,-0.909657549040616,-0.40400283117429286,-0.8922278723090848,0.25893071611953844,-0.36997879415532275,0.44116274547861406,0.324773810094414,-0.8365987116165846,21.21658065407388,26.178092428050785,83.82953205866865,21.21658065407388,26.178092428050785,83.82953205866865,140.43972761216364,0.9999999999999996,0.10000000000000142
1756296095.5795274,0,-0.15454128557906194,-0.10616811157310833,-0.8084569237581156,-0.062069053913972494,-0.9166996318636192,-0.3947267630745724,-0.8983867608097319,0.2236045880718886,-0.37802409472809934,0.43479726373106625,0.33115370016701645,-0.8374297381378761,21.575852919101067,25.772394158018027,86.04774619378199,21.575852919101067,25.772394158018027,86.04774619378199,143.87726710260077,0.9999999999999996,0.10000000000000142
1756296095.6110377,0,-0.157645911738064,-0.11187750808229925,-0.7998433189946119,-0.9257111765811806,-0.1694777827246519,-0.3381362132564655,-0.2256873160940485,0.9649068234773285,0.13423880720997527,0.3035194440344,0.200579418609257,-0.9314740167731043,12.152252059622697,17.669112270338786,13.701358663663086,12.152252059622697,17.669112270338786,13.701358663663086,140.3484810662132,0.9999999999999996,0.10000000000000142
1756296095.6424398,0,-0.16610968230561982,-0.11651095728747503,-0.8237046558861171,-0.7388949344138748,0.6734454496262146,0.022483377754720146,0.6551135518985858,0.7101733854653588,0.25783715150359865,0.15767215992791725,0.20524373060928414,-0.9659267575904752,11.996007960400561,9.071805799301744,-41.56060034266261,11.996007960400561,9.071805799301744,-41.56060034266261,150.99794129403116,0.9999999999999996,0.10000000000000142
1756296095.674802,0,-0.17219125435570332,-0.12197412857702825,-0.8264542753108222,-0.08910946815988273,0.9544330934281037,0.2848104156338453,0.993162458463947,0.06349190176250699,0.09796483812281429,0.0754177285663782,0.29159260721054125,-0.9535648471069219,17.003218714046852,4.325224367260843,-84.87298193592954,17.003218714046852,4.325224367260843,-84.87298193592954,151.52464815631384,0.9999999999999996,0.10000000000000142
1756296095.7065854,0,-0.17725525927910502,-0.1276771499621029,-0.8232919965821157,0.4837972161309936,0.7915976347138859,0.3732471545494786,0.8726521715220433,-0.46872093358443645,-0.1370360316033601,0.06647135625036887,0.3920125905313706,-0.9175552777152562,23.133914814821907,3.811338389100083,-119.00392838449218,23.133914814821907,3.811338389100083,-119.00392838449218,150.90228298009023,0.9999999999999996,0.10000000000000142
1756296095.7538617,0,-0.18348006888610705,-0.13323985888512982,-0.8246192827506141,0.8231715721891925,0.4572737509035572,0.3365847285219058,0.5577839467364596,-0.7620713937768772,-0.32882253503990033,0.10613967920938902,0.4584189214261989,-0.8823754648536918,27.45314826730521,6.092832319945796,-145.8782952777707,27.45314826730521,6.092832319945796,-145.8782952777707,146.21152756373405,0.9999999999999996,0.10000000000000142
1756296095.7869682,0,-0.19169881314595302,-0.1378363258331124,-0.8336991782176524,0.9649371986840859,0.11593041809984439,0.23549169997030578,0.21475855781220254,-0.8645328175865293,-0.4543806434723206,0.15091376491934755,0.48902264311082017,-0.8591169245700935,29.649201399551657,8.67988427435863,-167.4526303290434,29.649201399551657,8.67988427435863,-167.4526303290434,146.89184312133565,0.9999999999999996,0.10000000000000142
1756296095.8208115,0,-0.19697211112656077,-0.14260992349761453,-0.8292899638786366,0.977466528475588,-0.16883788232306607,0.12670025731049286,-0.07917282212594859,-0.8496323440761863,-0.521398642246236,0.1956804792167464,0.49961850385295775,-0.8438545494700119,30.628378861947283,11.284478028333746,175.36926639434057,30.628378861947283,11.284478028333746,175.36926639434057,146.32454417995862,0.9999999999999996,0.10000000000000142
1756296095.850166,0,-0.20501842781361315,-0.14799549339291143,-0.8453125922975353,0.9235941018775067,-0.38292458623828607,0.01851205637739438,-0.3102478202519455,-0.7749231843330857,-0.5506726327065721,0.22521151170843584,0.5028546704936807,-0.8345160006594801,31.071924285822917,13.015316119566432,161.4320997491433,31.071924285822917,13.015316119566432,161.4320997491433,156.9948413386257,0.9999999999999996,0.10000000000000142
1756296095.8827775,0,-0.2113054753245101,-0.15278276531581647,-0.8535300969578978,0.8425247321107279,-0.5338400576428628,-0.07188093375583945,-0.4796613780167786,-0.6828160444165725,-0.5510782266850601,0.24510617744314714,0.49877554304834393,-0.8313518625925116,30.96195373875065,14.188108569977755,150.3465219170173,30.96195373875065,14.188108569977755,150.3465219170173,154.2306363230966,0.9999999999999996,0.10000000000000142
1756296095.9151032,0,-0.21522289630738373,-0.15798880210671415,-0.8478744277686949,0.7603042316144721,-0.6352503387279731,-0.13562626049229154,-0.5917378041742254,-0.5912296165565265,-0.5479907951941245,0.2679250762810257,0.4968949060439425,-0.8254160198635525,31.047658533267793,15.540834030500184,142.10670544584087,31.047658533267793,15.540834030500184,142.10670544584087,155.0458934726642,0.9999999999999996,0.10000000000000142
1756296095.946774,0,-0.220889896022453,-0.16075738257420719,-0.8440712240312185,0.6821440706348476,-0.7087207976056328,-0.1799841602446056,-0.6719446238744481,-0.5104842480800784,-0.5365596471114312,0.2883919023550185,0.486950370677909,-0.8244449327594299,30.56780906487765,16.76170603085675,135.43156272080532,30.56780906487765,16.76170603085675,135.43156272080532,165.79531085747706,0.9999999999999996,0.10000000000000142
1756296095.9785314,0,-0.2287749721224672,-0.1640896327148774,-0.8520268455107566,0.6141799854469727,-0.7566649439126882,-0.224145283532723,-0.7349706789336463,-0.44500503867842833,-0.511652828252347,0.2874039780242639,0.478987137827749,-0.8294397357321444,30.005692527685056,16.702599632968155,129.88389719495592,30.005692527685056,16.702599632968155,129.88389719495592,162.63242125859216,0.9999999999999996,0.10000000000000142
1756296096.011115,0,-0.2348918691657023,-0.16711036463613513,-0.850060429994513,0.5594690660395187,-0.7873789228656587,-0.25889920040777226,-0.7790166750713985,-0.39284432852619044,-0.48867816966333766,0.2830678083173215,0.4750871134557554,-0.8331655600915742,29.69262460069629,16.443386750396584,125.68490261699077,29.69262460069629,16.443386750396584,125.68490261699077,159.32650581602772,0.9999999999999996,0.10000000000000142
1756296096.044222,0,-0.2423251307018571,-0.1731538037557549,-0.8602831347742005,0.5165960457320687,-0.8041343362613861,-0.2941028642829759,-0.8095434827787139,-0.3468401795962563,-0.47364674527346534,0.2788689208651631,0.48277309272897234,-0.8301579764794184,30.179869708527463,16.192709974534015,122.54327270511986,30.179869708527463,16.192709974534015,122.54327270511986,158.09003933569616,0.9999999999999996,0.10000000000000142
1756296096.0744562,0,-0.24578333543057626,-0.17888159434089193,-0.8602475493846602,0.4867976789911448,-0.8164029533576624,-0.310667406526209,-0.8260994440626575,-0.3146919519397823,-0.4674705166143617,0.28387977780779455,0.48420573430435143,-0.8276213377013555,30.33007121555272,16.49189915676023,120.5096751381939,30.33007121555272,16.49189915676023,120.5096751381939,156.6502145869561,0.9999999999999996,0.10000000000000142
1756296096.101451,0,-0.24962308664760233,-0.18246872380883974,-0.8629035407832213,0.4643638363095465,-0.8242179819749316,-0.3240847816807391,-0.8384599837885109,-0.2912846690025831,-0.46058451687982926,0.28522111267094313,0.4856109139972322,-0.8263358621610962,30.44137921933688,16.5720660030308,118.97897553587045,30.44137921933688,16.5720660030308,118.97897553587045,155.79117785899157,0.9999999999999996,0.10000000000000142
1756296096.1531823,0,-0.25295914380211937,-0.18666907933859772,-0.8674127107958632,0.4481051816742768,-0.83415964980715,-0.32152670929531885,-0.8447438153443994,-0.277379221751765,-0.4576774560515,0.292591238067805,0.4766953387374354,-0.8289462717401841,29.901563019584017,17.013153522035644,117.94428784106363,29.901563019584017,17.013153522035644,117.94428784106363,150.7631670672899,0.9999999999999996,0.10000000000000142
1756296096.186263,0,-0.2543030879136024,-0.18779934607614077,-0.860305838841349,0.43688174764991894,-0.8405915716604361,-0.3202189067244322,-0.8495852504781475,-0.26864013674703924,-0.45391340484558895,0.29553213148545454,0.47035974166798133,-0.831518173389911,29.495270460868795,17.189449040060786,117.21356163674899,29.495270460868795,17.189449040060786,117.21356163674899,155.47330022191937,0.9999999999999996,0.10000000000000142
1756296096.2190948,0,-0.2583054475878812,-0.18714267814348512,-0.8585218848060286,0.42572488350222276,-0.8449483298698189,-0.3237601634191928,-0.8584093152865199,-0.26397724011092333,-0.4398289032484656,0.2861673828310052,0.4651648487940845,-0.837693197089501,29.043090733695436,16.628641304357576,116.37893997848312,29.043090733695436,16.628641304357576,116.37893997848312,150.93742810166546,0.9999999999999996,0.10000000000000142
1756296096.2524762,0,-0.2635030203320772,-0.1897804666897879,-0.8658149519942205,0.415237142499848,-0.8469579659935451,-0.33202457639252875,-0.8658112911488889,-0.25592356376897984,-0.42996969384699574,0.27919334449025696,0.46601001421413907,-0.8395747394035167,29.03267635823991,16.21206689627139,115.62205593886009,29.03267635823991,16.21206689627139,115.62205593886009,145.50329998537916,0.9999999999999996,0.10000000000000142
1756296096.2829998,0,-0.2684859039557714,-0.19234526590938728,-0.8720887008148491,0.4105896637324462,-0.848524843245703,-0.33379891915782545,-0.8726095349383,-0.2594586403633613,-0.4138040761949554,0.2645160251683084,0.4611797961052194,-0.8469619047474967,28.5687636751928,15.3381969255265,115.1984294811095,28.5687636751928,15.3381969255265,115.1984294811095,151.7280351350858,0.9999999999999996,0.10000000000000142
1756296096.3150058,0,-0.2744971707575803,-0.194932056167391,-0.8789990033779346,0.405320386208563,-0.8486779932682925,-0.33979559777290486,-0.8767458504296634,-0.25560586511033984,-0.4074093217828496,0.2589055779200364,0.4630456839916546,-0.8476771769126459,28.64567899171297,15.005132924922854,114.81114268793625,28.64567899171297,15.005132924922854,114.81114268793625,160.2403984932819,0.9999999999999996,0.10000000000000142
1756296096.3464231,0,-0.277279220337577,-0.19719654004398837,-0.8749709695634967,0.405828522956379,-0.8441111456776116,-0.35039917765011064,-0.8779912073583507,-0.2535884568537415,-0.40598563318418524,0.25383981121264165,0.472407946899042,-0.8440355928218682,29.23580280306328,14.704849395967843,114.80750833744302,29.23580280306328,14.704849395967843,114.80750833744302,158.15304605264953,0.9999999999999996,0.10000000000000142
1756296096.3790462,0,-0.2760605347499895,-0.19710416231236555,-0.8635286488071509,0.40848713832558703,-0.8392736793786582,-0.3588285787458717,-0.8778760270054398,-0.2535922818334192,-0.4062322436780029,0.24994387176267685,0.4809476538010443,-0.8403674287307628,29.7827821032312,14.474190832071468,114.9531717386259,29.7827821032312,14.474190832071468,114.9531717386259,148.98187075022813,0.9999999999999996,0.10000000000000142
1756296096.4115064,0,-0.2795799154903985,-0.1968127506421247,-0.8671821909335679,0.40676710238258634,-0.8398964896715598,-0.3593249379832492,-0.8804171787591423,-0.2554796485117706,-0.3994943560829048,0.24373369846015763,0.4788570097990564,-0.8433800142291963,29.5871827691455,14.107011595281385,114.7977075300095,29.5871827691455,14.107011595281385,114.7977075300095,152.42467249507635,0.9999999999999996,0.10000000000000142
1756296096.443021,0,-0.2807538633362768,-0.19753087761263768,-0.8657422382383816,0.40566666981632593,-0.8375725387891766,-0.36593277424464893,-0.8803396760400521,-0.2503574336568787,-0.4028935469853514,0.24583858075946488,0.48558562342700673,-0.8389100038330555,30.063512543121334,14.231396650148767,114.74058022032342,30.063512543121334,14.231396650148767,114.74058022032342,148.47315474557712,0.9999999999999996,0.10000000000000142
1756296096.475629,0,-0.28347906713704984,-0.19703704847554449,-0.8690272650691435,0.40256073723950947,-0.8334447677678226,-0.3785692432219278,-0.8808919211295493,-0.24023837438912596,-0.40781729580727977,0.24894633181044207,0.4976498192015252,-0.830885299741676,30.919047064135327,14.415170298312242,114.56003100608375,30.919047064135327,14.415170298312242,114.56003100608375,154.81259503990577,0.9999999999999996,0.10000000000000142
1756296096.5065057,0,-0.28836103564141025,-0.19426336031130623,-0.8759059566808024,0.3929813082703176,-0.8318224829692616,-0.391965621167217,-0.885760498460438,-0.22794589478424815,-0.4043130079754117,0.2469696959492529,0.5060751188093139,-0.8263739730926144,31.483489136138076,14.298266570026662,113.92520608508825,31.483489136138076,14.298266570026662,113.92520608508825,154.6832838039972,0.9999999999999996,0.10000000000000142
1756296096.5546074,0,-0.2928149691709115,-0.1887193169610575,-0.8901308336569578,0.37619368681759724,-0.827924850022237,-0.41595522921853056,-0.8928428369696587,-0.2039549056733526,-0.4015396181247195,0.24760851857429148,0.5224393162535057,-0.8159333198013269,32.631296589886745,14.33604163896661,112.84781737564072,32.631296589886745,14.33604163896661,112.84781737564072,142.82005153819264,0.9999999999999996,0.10000000000000142
1756296096.5866282,0,-0.29405270090217206,-0.18139728981102993,-0.8906160131036731,0.358126516804935,-0.8367955223270217,-0.41414810367139376,-0.8968299028164278,-0.18492621012902535,-0.4018686629006946,0.25969505843477503,0.5153402280249063,-0.8166902264652101,32.25236190208386,15.05196876637085,111.76805687554568,32.25236190208386,15.05196876637085,111.76805687554568,148.1541977920132,0.9999999999999996,0.10000000000000142
1756296096.619055,0,-0.30216715203799704,-0.1701819289189435,-0.918621396199666,0.32347066350523135,-0.8430704841991937,-0.4296497277127293,-0.9088508119944915,-0.15044128685954605,-0.38904706751882523,0.26335704165341584,0.5163328169700051,-0.8148886370120646,32.35931913039789,15.269350775610453,109.59124067211715,32.35931913039789,15.269350775610453,109.59124067211715,156.44300071634171,0.9999999999999996,0.10000000000000142
1756296096.6507456,0,-0.30399844712446555,-0.1573113677320622,-0.9306415425948611,0.28065297683864304,-0.8437089883294795,-0.4575904824224978,-0.923892941196027,-0.1082738328991703,-0.36701309284203615,0.2601071698353634,0.5257679337135052,-0.8098841522581292,32.99119233459399,15.076421316627048,106.89732242175604,32.99119233459399,15.076421316627048,106.89732242175604,146.38526642683533,0.9999999999999996,0.10000000000000142
1756296096.6839614,0,-0.3069631461368962,-0.1470552739314588,-0.9516867999799489,0.984960488070567,-0.16545603371959788,-0.049770853373936115,-0.17274663130285395,-0.9486683455212374,-0.2649282385468081,-0.0033820575551577192,0.2695415944001554,-0.962982809075487,15.63708259601978,-0.19377799339763488,170.05238996421136,15.63708259601978,-0.19377799339763488,170.05238996421136,150.28296224144225,0.9999999999999996,0.10000000000000142
1756296096.7147746,0,-0.3040726406008396,-0.13179775132256275,-0.9626338564481103,0.7394248917717937,0.6694877485598376,0.07097171236874068,0.669215916539218,-0.7424182113486643,0.03106857750887627,0.07349072376052669,0.02452251997920012,-0.9969943628401438,1.4089885668329032,4.214507805998081,-137.8533547130237,1.4089885668329032,4.214507805998081,-137.8533547130237,151.50535340849834,0.9999999999999996,0.10000000000000142
1756296096.746358,0,-0.29963178259545975,-0.11460312466290576,-0.9687539428350849,0.1359464260435224,0.9904873994263246,-0.021290392755182838,0.9541888178903644,-0.12512234949346698,0.27178686037081345,0.26653755656376543,-0.05726350700849141,-0.962121937025711,-3.4061081262782125,15.458334696381637,-98.10854825705572,-3.4061081262782125,15.458334696381637,-98.10854825705572,163.41213264048685,0.9999999999999996,0.10000000000000142
1756296096.7793245,0,-0.2936059701341853,-0.09800752242708158,-0.9749387273835087,-0.378163708570886,0.9085733503505536,-0.1774448549625619,0.8332126732259494,0.4175862418911911,0.3624615452139156,0.4034214306349896,-0.010779499801118864,-0.9149507919491935,-0.6749994378505448,23.79224362423791,-65.58849943190603,-0.6749994378505448,23.79224362423791,-65.58849943190603,159.30404662800078,0.9999999999999996,0.10000000000000142
1756296096.811162,0,-0.28409912948523613,-0.08113360039154313,-0.9743780282504172,-0.6893202810618158,0.6566124749143549,-0.3061006499563582,0.5561761768807743,0.7503926226161057,0.3571819874988218,0.46422581831167575,0.07596689877945836,-0.8824530695185362,4.920236937802912,27.660129841177127,-38.898229320232986,4.920236937802912,27.660129841177127,-38.898229320232986,162.15833993824785,0.9999999999999996,0.10000000000000142
1756296096.842769,0,-0.26523154741452665,-0.060005094741196606,-0.9446073153024526,-0.8458334428355226,0.3782562886642849,-0.3761488629079295,0.2733208416672224,0.9128398184118195,0.3033466390652745,0.4581064335843017,0.15377140829100178,-0.8754957735482646,9.961778811942423,27.2649864651417,-17.90761091731696,9.961778811942423,27.2649864651417,-17.90761091731696,176.56773897219134,0.9999999999999996,0.10000000000000142
1756296096.8745604,0,-0.24740390357071607,-0.04407831812415948,-0.9151384517718516,-0.9020087565441078,0.13915715251066585,-0.40867528677774967,0.04357604502297916,0.9711386299133086,0.23450136415436315,0.4295129001763601,0.19371383119236799,-0.8820394663431262,12.386669664300655,25.43665153846341,-2.7658089055790356,12.386669664300655,25.43665153846341,-2.7658089055790356,181.88481165214282,0.9999999999999996,0.10000000000000142
1756296096.908194,0,-0.2321019359290256,-0.030949676211079812,-0.8783708509501947,-0.8948204089432404,-0.03679594161421438,-0.444907287442424,-0.1277561018753041,0.9760236267479904,0.1762278594982276,0.4277555542272704,0.2145319060429554,-0.8780667668903644,13.729702161942953,25.325206079790735,8.125371892142397,13.729702161942953,25.325206079790735,8.125371892142397,165.35851452336047,0.9999999999999996,0.10000000000000142
1756296096.954444,0,-0.21794503742525698,-0.019933873454889083,-0.8574232301377799,-0.8720382164643946,-0.16147148211437845,-0.46203496565669566,-0.24494431227352065,0.9612673930413246,0.12636171477305844,0.42373533356382964,0.22336508128917945,-0.8778134241114272,14.276293711386415,25.070640373569873,15.689369152516917,14.276293711386415,25.070640373569873,15.689369152516917,165.12573440549897,0.9999999999999996,0.10000000000000142
1756296096.9869697,0,-0.20645372154266498,-0.01652891063619334,-0.8490397340457241,-0.8456849031906907,-0.25173059768231354,-0.4705834152473473,-0.3181893650798022,0.9457329849503434,0.06591395244579076,0.4284536993252182,0.2054770726076727,-0.8798901068696686,13.144481945377635,25.369467978382453,20.618834238057673,13.144481945377635,25.369467978382453,20.618834238057673,154.58269029517908,0.9999999999999996,0.10000000000000142
1756296097.0183346,0,-0.19563838507229717,-0.010053891624823747,-0.8416178455832757,-0.8295652919304327,-0.31076513956992047,-0.4639466073294037,-0.3608634592686236,0.9323888030948287,0.020704676478398798,0.4261443302322095,0.18459725862395843,-0.8856211729173263,11.774045773097754,25.223117303094217,23.509188744428826,11.774045773097754,25.223117303094217,23.509188744428826,158.53688767430754,0.9999999999999996,0.10000000000000142
1756296097.0496502,0,-0.18809155017717136,-0.0061325183031830065,-0.856905166377832,-0.8311787700837419,-0.3421904925627784,-0.43823226599797677,-0.37372966818604864,0.9274110936332765,-0.015323136868023307,0.41166489682704827,0.1510441333040556,-0.8987311514100325,9.540188422916941,24.309464006419596,24.210500902280188,9.540188422916941,24.309464006419596,24.210500902280188,159.74422576283106,0.9999999999999996,0.10000000000000142
1756296097.0819168,0,-0.18116735179977606,3.552913563016798e-05,-0.8404084600517755,-0.833538118426367,-0.343383499812748,-0.43278398443863453,-0.36765005888132546,0.9294993276973755,-0.029401258726204735,0.41236832969420645,0.13460598748375113,-0.9010180846124758,8.496761335252643,24.35369664789637,23.800917516249314,8.496761335252643,24.35369664789637,23.800917516249314,153.49534365518755,0.9999999999999996,0.10000000000000142
1756296097.1139565,0,-0.17399186727322274,0.0037568359329682964,-0.8301542462506688,-0.8391589358454836,-0.3338236773719015,-0.42938797469954415,-0.35438295841948003,0.9344845764915677,-0.03393073947370946,0.41258332391473707,0.1236944975545649,-0.9024825051502057,7.80434797690765,24.367218806869538,22.89468941319052,7.80434797690765,24.367218806869538,22.89468941319052,146.42716438413586,0.9999999999999996,0.10000000000000142
1756296097.14752,0,-0.16658699268269575,0.007852865231206546,-0.7884337560543391,-0.8332947943627853,-0.310576092301718,-0.4573426249306733,-0.3349066898781907,0.941794097505632,-0.029349394855528954,0.4398378050630905,0.12871040670492448,-0.8888061298411123,8.239875882081549,26.093532922126,21.895520784285907,8.239875882081549,26.093532922126,21.895520784285907,147.151217168036,0.9999999999999996,0.10000000000000142
1756296097.1774876,0,-0.16175351598620274,0.009374043026850996,-0.7638241422380262,-0.8246961461096171,-0.27577290191078574,-0.49378697143975897,-0.3113883305528574,0.9502233824125884,-0.010622199013593486,0.4721372408394085,0.14499941409565809,-0.8695180249566229,9.467434697161849,28.173119130906,20.68550673586722,9.467434697161849,28.173119130906,20.68550673586722,142.54851840898397,0.9999999999999996,0.10000000000000142
1756296097.2091439,0,-0.1536685240759541,0.008323143106848105,-0.7443454399533992,-0.8228097717190819,-0.23390546601241333,-0.5179501062198063,-0.2694771213269629,0.9629828313628837,-0.006793201134785931,0.5003660266694036,0.13398619134015302,-0.8553838552867561,8.902396412927828,30.024219085546086,18.134056690464348,8.902396412927828,30.024219085546086,18.134056690464348,136.02624164467179,0.9999999999999996,0.10000000000000142
1756296097.2403364,0,-0.14566314364642913,0.006707409930339808,-0.7163091362258578,-0.817487997726859,-0.18944727925578647,-0.5438962235161332,-0.23085934544794373,0.972953481835289,0.008092268157663514,0.5276526662416087,0.13217885824582015,-0.8391134686327906,8.95179040928025,31.846991710819903,15.769727402336372,8.95179040928025,31.846991710819903,15.769727402336372,128.6853487435529,0.9999999999999996,0.10000000000000142
1756296097.2733104,0,-0.1380420701521168,0.001454261404281545,-0.6900423201746112,-0.8126342947270964,-0.1550034137993119,-0.5617823820163409,-0.19432953517425341,0.9808804803252944,0.010464945091983029,0.5494192704959967,0.11767508244050179,-0.827218858694764,8.09622570317012,33.32718161706357,13.448878017152822,8.09622570317012,33.32718161706357,13.448878017152822,118.50414438377804,0.9999999999999996,0.10000000000000142
1756296097.3063374,0,-0.13174845617760322,-0.0043736226486299585,-0.667443504098774,-0.8121635868348511,-0.12670557732372897,-0.569505052562846,-0.15747926229473005,0.9875102654746255,0.004874169605398999,0.5617745011716508,0.09364385862028071,-0.8219733800896765,6.499437224964623,34.178605366963225,10.973530372427234,6.499437224964623,34.178605366963225,10.973530372427234,106.10664124874268,0.9999999999999996,0.10000000000000142
1756296097.3553245,0,-0.12831874942168736,-0.010671142515442125,-0.6493594349598533,-0.8114108169525628,-0.10301650873336397,-0.5753260684696667,-0.12561042765882374,0.9920795257674367,-0.0004847849268288379,0.5708191540196793,0.07187359377022007,-0.8179240062027836,5.0218638078995355,34.80736762780737,8.799820467704876,5.0218638078995355,34.80736762780737,8.799820467704876,97.25127751411483,0.9999999999999996,0.10000000000000142
1756296097.3865912,0,-0.12575960358974256,-0.018923301261012885,-0.6471087188480451,-0.8172395506493968,-0.0843571289926438,-0.5700906872090532,-0.0932207831487396,0.9955514934446923,-0.013678797066215994,0.5687085390984628,0.04196544635961244,-0.8214678927799497,2.9244655448528647,34.66021727229727,6.507481389735602,2.9244655448528647,34.66021727229727,6.507481389735602,97.20316423531085,0.9999999999999996,0.10000000000000142
1756296097.4198632,0,-0.12320001037714857,-0.023908027856690175,-0.62773192334144,-0.820246981172768,-0.06921750666982905,-0.5678061523507589,-0.06790872792040782,0.9974150173427674,-0.023488036345324134,0.5679641666066559,0.019293002605592947,-0.8228271297795593,1.3431802091357383,34.60838256608577,4.7327576160353715,1.3431802091357383,34.60838256608577,4.7327576160353715,96.8659261257373,0.9999999999999996,0.10000000000000142
1756296097.4486616,0,-0.12085909931680419,-0.027956205851363245,-0.6156727952435268,-0.8253882617840761,-0.05882043920010713,-0.5614929859235717,-0.04607783253542887,0.9982582751533094,-0.03684086639557659,0.5626820155806463,-0.004535638901660088,-0.8266609808874829,-0.31436146714321467,34.24148067227229,3.1952572894954017,-0.31436146714321467,34.24148067227229,3.1952572894954017,94.72329285088105,0.9999999999999996,0.10000000000000142
1756296097.4814417,0,-0.11810226799700002,-0.02951045261142197,-0.6001184642970467,-0.8299010769905173,-0.051375288591817725,-0.5555400814811539,-0.027642516052199126,0.9983145926283896,-0.05102808492895473,0.5572253527221133,-0.026991737019320304,-0.8299224978372357,-1.862785601939919,33.86412874905067,1.9077143409148505,-1.862785601939919,33.86412874905067,1.9077143409148505,92.66921838190805,0.9999999999999996,0.10000000000000142
1756296097.5145323,0,-0.11643728502819156,-0.030093768127637255,-0.5971106489680246,-0.8377963181943826,-0.04699878778944874,-0.5439562879186701,-0.013632649353292729,0.9977782440736553,-0.06521293219065905,0.5458126785734707,-0.04721958915128012,-0.8365756572533278,-3.230569142158913,33.0802167508096,0.9322365430200819,-3.230569142158913,33.0802167508096,0.9322365430200819,94.09965918256029,0.9999999999999996,0.10000000000000142
1756296097.5450532,0,-0.1143199899276345,-0.03228152498893082,-0.5981548668957569,-0.852368512485972,-0.048448031045068694,-0.5206925265550754,0.0028394497856615575,0.9952557299029564,-0.09725209314070632,0.5229338929992647,-0.08437310224941341,-0.8481870802891566,-5.680788559820144,31.529257802551925,-0.19086566981627584,-5.680788559820144,31.529257802551925,-0.19086566981627584,92.30571957500771,0.9999999999999996,0.10000000000000142
1756296097.5795903,0,-0.11437572495848697,-0.03060802166859776,-0.6010333530603016,-0.8629098083104062,-0.052931351216707744,-0.502578287215108,0.01005952823487629,0.9925034465959396,-0.12180194738538767,0.5052578239012137,-0.1101597955406352,-0.855908494427445,-7.333941267916316,30.34846878274835,-0.6679057284290195,-7.333941267916316,30.34846878274835,-0.6679057284290195,95.82031502884406,0.9999999999999996,0.10000000000000142
1756296097.6109579,0,-0.1122259549638267,-0.029092827381776227,-0.5991071454475274,-0.8750210600122492,-0.0681781481699878,-0.47925972566777514,0.011837226377622377,0.9867229467270264,-0.16198057437241922,0.4839401043587159,-0.1474095197551539,-0.8625963186095975,-9.697627015072726,28.94305424542888,-0.7750461964618012,-9.697627015072726,28.94305424542888,-0.7750461964618012,89.14729295322896,0.9999999999999996,0.10000000000000142
1756296097.6415138,0,-0.10979392940111793,-0.022353402225723934,-0.5984573872210068,-0.8815162297496547,-0.07688023190005307,-0.46585251596502997,0.011432856030072075,0.9828894146320576,-0.18384147629750844,0.47201528205234,-0.16738526980366517,-0.8655540104244245,-10.94504586084048,28.165192566743766,-0.743057984930175,-10.94504586084048,28.165192566743766,-0.743057984930175,90.49704783797513,0.9999999999999996,0.10000000000000142
1756296097.674464,0,-0.10729058551017993,-0.012720800407335833,-0.5909080313639832,-0.8804303751944045,-0.0815866599519659,-0.46710381217982183,0.008904255100868355,0.9820680781338607,-0.1883162344344319,0.47409183569867414,-0.1699585444405416,-0.8639160980648026,-11.129689657613852,28.300235999321995,-0.5794425751789731,-11.129689657613852,28.300235999321995,-0.5794425751789731,90.3173876756749,0.9999999999999996,0.10000000000000142
1756296097.706412,0,-0.10391734811566221,-0.006551380092460254,-0.6025396910203826,-0.8860856689558104,-0.08197508668416097,-0.45621516024158865,0.006512759451675981,0.9819383244357992,-0.18908916142534415,0.4634757504287131,-0.17052041569073056,-0.8695475930604385,-11.095048367226838,27.611619761990422,-0.42111832211105593,-11.095048367226838,27.611619761990422,-0.42111832211105593,93.82074534227722,0.9999999999999996,0.10000000000000142
1756296097.7519205,0,-0.1017729561482287,0.0011758476418713523,-0.6065783787962283,-0.8879854576467692,-0.07830281353112976,-0.45315615013035737,0.005505447567093841,0.9835165451229311,-0.18073432301734824,0.4598385771713198,-0.16298427796128775,-0.8729172973899038,-10.5760424524631,27.37669167392432,-0.35522526362279905,-10.5760424524631,27.37669167392432,-0.35522526362279905,101.11677369557404,0.9999999999999996,0.10000000000000142
1756296097.78798,0,-0.09621319935613586,0.007477893698762252,-0.6087995428956572,-0.8984086595413829,-0.07158795538292345,-0.4332863315466444,0.007000384703401155,0.984164428600796,-0.17711965472774005,0.43910462884722645,-0.16215900258993338,-0.8836807018397415,-10.39832173652843,26.046766885085894,-0.4464386858541616,-10.39832173652843,26.046766885085894,-0.4464386858541616,101.63718357299513,0.9999999999999996,0.10000000000000142
1756296097.8193712,0,-0.09432614809989984,0.014365480114744195,-0.6151060247195828,-0.9063205999131854,-0.06209845426026745,-0.41800329203427267,0.004430220245629786,0.9876938074559847,-0.1563371864326454,0.4225675606593331,-0.1435434592434848,-0.89489213427476,-9.112794107205104,24.996794775314573,-0.2800674515791002,-9.112794107205104,24.996794775314573,-0.2800674515791002,110.85044053499097,0.9999999999999996,0.10000000000000142
1756296097.8502707,0,-0.0940519211784852,0.020531287648311032,-0.6031763496612629,-0.9040070750321676,-0.05296566426836036,-0.4242238167528987,5.750262007465576e-05,0.992280732239375,-0.12401187491502247,0.42751749085298757,-0.11213200629214581,-0.8970257566980251,-7.125254496152195,25.31011673307175,-0.0036445040395847172,-7.125254496152195,25.31011673307175,-0.0036445040395847172,106.57826695058037,0.9999999999999996,0.10000000000000142
1756296097.8821034,0,-0.09709903171484296,0.024307728626014852,-0.5976653314115157,-0.8947552955243552,-0.04474268747334262,-0.4443096364572651,-0.007386253896427584,0.9963145708139824,-0.08545594910319587,0.4464956935788987,-0.07318037921064147,-0.8917882190935722,-4.691195802402575,26.519072583590145,0.4729690497968022,-4.691195802402575,26.519072583590145,0.4729690497968022,109.46162068321077,0.9999999999999996,0.10000000000000142
1756296097.9136124,0,-0.09876619542639112,0.02694328649632804,-0.5850726650744172,-0.8842672210197686,-0.03404829096368331,-0.4657383339520469,-0.01569683344066735,0.9989419952478635,-0.04322614428969325,0.4667173569194871,-0.030912845431467398,-0.8838661124499674,-2.003079313436814,27.82142317450932,1.016963921593316,-2.003079313436814,27.82142317450932,1.016963921593316,105.14667366100095,0.9999999999999996,0.10000000000000142
1756296097.9459863,0,-0.10255196457806251,0.027561742938323516,-0.5858005802941079,-0.8763379887195274,-0.01888671393749098,-0.48132631505420226,-0.02118078483135081,0.999775439654989,-0.0006667957721153625,0.48123082183183347,0.009610530647007766,-0.8765412333825154,0.6281744210513978,28.765819821697388,1.384549528669595,0.6281744210513978,28.765819821697388,1.384549528669595,99.20343887058392,0.9999999999999996,0.10000000000000142
1756296097.9768758,0,-0.10800145032233795,0.029012701285564792,-0.5672301165747741,-0.8607001574638014,0.0013564022958468987,-0.5091103997313351,-0.02611196479143748,0.9985626853400809,0.04680522130209228,0.5084421345999157,0.05357913417757817,-0.8594276421806915,3.5673630059189065,30.560116717648413,1.7377092520561348,3.5673630059189065,30.560116717648413,1.7377092520561348,88.50497715097742,0.9999999999999996,0.10000000000000142
1756296098.0131786,0,-0.11525116667882344,0.03053924464617832,-0.5507354650786456,-0.8365381198562496,0.029193887968187063,-0.5471304149219562,-0.0292869696845908,0.9947694050947724,0.0978575704485166,0.5471254403096835,0.09788537987203948,-0.8313075273166013,6.715580794887245,33.17002879166843,2.005090562335198,6.715580794887245,33.17002879166843,2.005090562335198,80.09976201760001,0.9999999999999996,0.10000000000000142
1756296098.0414717,0,-0.12146232144509682,0.030918028458493636,-0.5423046910801416,-0.8088745088757955,0.06256890506071391,-0.5846427635834076,-0.027566176063527927,0.989193227213578,0.14400300403818556,0.5873347723642587,0.1325967245232343,-0.79840840039264,9.429408548324858,35.968102794692186,1.9518658250759984,9.429408548324858,35.968102794692186,1.9518658250759984,72.74905063586588,0.9999999999999996,0.10000000000000142
1756296098.0752094,0,-0.12900191624542096,0.033465885819208355,-0.5278614041190427,-0.768867387643946,0.09950949252735619,-0.6316176067166922,-0.030914384112226752,0.9808753757537378,0.19216606905207081,0.6386605053332605,0.16727629281195702,-0.7510868130852468,12.555564474456219,39.69200912039059,2.302490884051309,12.555564474456219,39.69200912039059,2.302490884051309,62.696138993746665,0.9999999999999996,0.10000000000000142
1756296098.1053884,0,-0.13225714634408317,0.03420699285857206,-0.508511529960396,-0.7189800327793594,0.14160286608729244,-0.6804530408341607,-0.03422959220595413,0.9706237127200819,0.2381552924520017,0.6941873288111831,0.19452053007677286,-0.6930120604265455,15.678821266600863,43.96249314655992,2.7257105167107056,15.678821266600863,43.96249314655992,2.7257105167107056,60.10395861528962,0.9999999999999996,0.10000000000000142
1756296098.1543565,0,-0.12982591058983242,0.03432579781088957,-0.49549622151146083,-0.6639159285348576,0.1889079908101114,-0.7235533227384039,-0.029590069717317688,0.9601725174647878,0.27783657872831685,0.747221565274867,0.20587012341138478,-0.6318840278680568,18.045798633430508,48.35027108793334,2.5519268392159518,18.045798633430508,48.35027108793334,2.5519268392159518,47.75031710058691,0.9999999999999996,0.10000000000000142
1756296098.1862264,0,-0.1251294429107438,0.029913068906398582,-0.5119778836827873,-0.6482578169854042,0.2145838278625809,-0.7305584052881473,-0.02770888784256466,0.9521833409286705,0.30426814291418,0.7609165658939532,0.21748716301832144,-0.6113144147412163,19.584019055620416,49.54506707275851,2.4475393683240725,19.584019055620416,49.54506707275851,2.4475393683240725,60.26165593763738,0.9999999999999996,0.10000000000000142
1756296098.2208772,0,-0.09817069921034613,0.023885594384941013,-0.6080068893869908,-0.7300336230325997,0.19050723000486175,-0.6563214948162003,-0.009436105829571079,0.9574596077620492,0.28841300145956744,0.6833460829979711,0.21674430746854237,-0.697180059978276,17.26979692955007,43.10567436968781,0.740539772678801,17.26979692955007,43.10567436968781,0.740539772678801,84.68150857253764,0.9999999999999996,0.10000000000000142
1756296098.2493694,0,-0.07964651995477842,0.023618072069675953,-0.6329954546091824,-0.8202739099228669,0.16774290426796556,-0.5468208397341866,0.008093627321811972,0.95933747245072,0.28214554249294876,0.5719136349980026,0.22701086321939065,-0.7882771480156956,16.06553099286998,34.88377743262124,-0.5653180389730608,16.06553099286998,34.88377743262124,-0.5653180389730608,86.03233940805434,0.9999999999999996,0.10000000000000142
1756296098.2827466,0,-0.08162679847428436,0.025600799520019285,-0.6528654373414611,-0.8752526746690514,0.1528878431601659,-0.45886606204698205,0.025013787903213028,0.9617640817993081,0.27273459878692957,0.4830187013971668,0.22723370871102483,-0.8456108890772565,15.041270356378817,28.88274447268171,-1.6370066861688883,15.041270356378817,28.88274447268171,-1.6370066861688883,85.60095987165727,0.9999999999999996,0.10000000000000142
1756296098.3151228,0,-0.07532131973813234,0.032212133304314966,-0.6611039995387815,-0.9208524043914309,0.14730219802910488,-0.36101649793647295,0.037733263989338905,0.9552140670825141,0.2935000627536446,0.38808124164307645,0.2566479076545859,-0.8851693631058927,16.16910150183122,22.835161225319208,-2.346465031549883,16.16910150183122,22.835161225319208,-2.346465031549883,85.51333634565255,0.9999999999999996,0.10000000000000142
1756296098.3466828,0,-0.07030162506862847,0.03412772023406473,-0.649591654577147,-0.9524987360250652,0.13267122021387473,-0.27412498098060056,0.04279237224449314,0.9494959468546695,0.31084764722327096,0.301521095030417,0.2843515328488945,-0.9100710054815186,17.351405919517276,17.54898654206574,-2.572365351975577,17.351405919517276,17.54898654206574,-2.572365351975577,91.8867580695969,0.9999999999999996,0.10000000000000142
1756296098.3793595,0,-0.07116467357224415,0.035417890144576976,-0.6509713270095162,-0.9704957529371907,0.12049232359951789,-0.20885304279436367,0.04962185365176131,0.9474521062356427,0.3160255971117021,0.23595691380215672,0.2963378246920797,-0.9254772976609031,17.75506541856788,13.648036270623516,-2.927008228304004,17.75506541856788,13.648036270623516,-2.927008228304004,83.28068789366219,0.9999999999999996,0.10000000000000142
1756296098.4105814,0,-0.07390952304065591,0.034674779821643784,-0.653226429256621,-0.9783279432200869,0.11469292731704876,-0.17239480252664524,0.05575474732742812,0.9477438705218104,0.3141225302947763,0.19941374994019218,0.29770302032694296,-0.9335989867298522,17.68627371043121,11.502678826829726,-3.2617488168318687,17.68627371043121,11.502678826829726,-3.2617488168318687,88.028071619559,0.9999999999999996,0.10000000000000142
1756296098.444345,0,-0.06536156966365375,0.03559132714604859,-0.6472087544252356,-0.9870083610372802,0.09911324952969543,-0.12645575910241036,0.05594283332430898,0.9498067805973265,0.30779454012537477,0.15061505450037554,0.2967214911310043,-0.9430119098181331,17.46633661478711,8.662571538580606,-3.244007455912964,17.46633661478711,8.662571538580606,-3.244007455912964,87.23108696693365,0.9999999999999996,0.10000000000000142
1756296098.4747458,0,-0.06815477266082487,0.03656102028116984,-0.6474045413161535,-0.9895743951821344,0.09019462560348067,-0.11228288343358922,0.05232601987574868,0.9515015295342285,0.30316138761060385,0.1341808631805437,0.2941254303970875,-0.9463010763757232,17.266075930706506,7.711255854139896,-3.0268270781751596,17.266075930706506,7.711255854139896,-3.0268270781751596,81.95556904725021,0.9999999999999996,0.10000000000000142
1756296098.5076678,0,-0.064657154102057,0.03580593878799651,-0.6495537098391017,-0.991710892862872,0.08783809502022345,-0.09377619122327273,0.056382516234199195,0.9533101616835271,0.2966829073169327,0.11545785742090435,0.2889363332884004,-0.9503606044368782,16.910745850171708,6.630034259561479,-3.2539788489837065,16.910745850171708,6.630034259561479,-3.2539788489837065,88.92431080722065,0.9999999999999996,0.10000000000000142
1756296098.619084,0,-0.10415509567320441,0.03463263560070697,-0.5145294950253585,-0.9438551453478446,0.14696954592075137,-0.295867228959626,0.0409654214411688,0.9407478228741618,0.3366234810640409,0.32780985166182397,0.30560347892223577,-0.8939503424822209,18.873369343014076,19.135896196725707,-2.4852050811919923,18.873369343014076,19.135896196725707,-2.4852050811919923,65.85212388060812,0.9999999999999996,0.10000000000000142
1756296098.6524916,0,-0.10953730292231302,0.03355770812296716,-0.5240870840045287,-0.8918529167300757,0.18336718415510866,-0.41349105273885073,0.028968767575339824,0.9354230845397582,0.35234140178992657,0.4513969266900501,0.30225838066983524,-0.8395717276621615,19.799635077360335,26.833344695435738,-1.860401796474747,19.799635077360335,26.833344695435738,-1.860401796474747,63.288325147879284,0.9999999999999996,0.10000000000000142
1756296098.6827319,0,-0.10684800488521484,0.032645418280316134,-0.5479089210819116,-0.8561666320994101,0.1964542256367646,-0.4778958414853731,0.016583689927408246,0.9348716401287822,0.3545983611232755,0.516433615586694,0.29567000813809385,-0.8036638395372002,20.19869951376694,31.093328075358723,-1.1096632385773546,20.19869951376694,31.093328075358723,-1.1096632385773546,72.96636445862853,0.9999999999999996,0.10000000000000142
1756296098.7134483,0,-0.10032915508556904,0.030554593564185585,-0.5828293068101936,-0.8420926310752205,0.19095408116011842,-0.5043972041725725,0.010884004757919855,0.9410505250060702,0.3380908869316493,0.5392230884608359,0.2792139829487316,-0.7945300577049702,19.362509945422516,32.6307667600832,-0.7405038256523824,19.362509945422516,32.6307667600832,-0.7405038256523824,84.16532405198689,0.9999999999999996,0.10000000000000142
1756296098.7467175,0,-0.09138717648281518,0.029644390616889883,-0.593806214888302,-0.8364178478332314,0.18098291480437229,-0.5173493678114811,0.005705638584674919,0.9467331686856846,0.32196855902200266,0.5480626145928646,0.26634844069240776,-0.7928971425262903,18.568127951813494,33.23420149867779,-0.39083807288585604,18.568127951813494,33.23420149867779,-0.39083807288585604,91.50502679702208,0.9999999999999996,0.10000000000000142
1756296098.778404,0,-0.08162521518207363,0.027262756397606284,-0.6085830751434675,-0.8423488396405416,0.16068739586119918,-0.514420055176292,0.0015022559237987815,0.9552127263967833,0.2959161883992889,0.5389305851251832,0.24849186735378345,-0.8048637252825208,17.15743518187267,32.61086877768022,-0.10218193327798986,17.15743518187267,32.61086877768022,-0.10218193327798986,93.71482048604689,0.9999999999999996,0.10000000000000142
1756296098.8106637,0,-0.0731415109375595,0.027610114281683723,-0.6189410321945817,-0.8524158266773443,0.13735550096938529,-0.5045004705482732,-0.005539687066588472,0.962451434263585,0.2713973996765117,0.5228351272601948,0.23413821353511938,-0.8196479284823446,15.94236426388693,31.52261909239469,0.37234904667167257,15.94236426388693,31.52261909239469,0.37234904667167257,106.06594828835205,0.9999999999999996,0.10000000000000142
1756296098.842467,0,-0.06379235896696023,0.02666794072961673,-0.6386940512589818,-0.8706284124025672,0.1114556966460219,-0.47914903235062,-0.007857412582544868,0.970721693725453,0.24007843384672303,0.4918784693243782,0.21278397734777318,-0.8442621336996996,14.145952724216045,29.4641228614361,0.5170797899006914,14.145952724216045,29.4641228614361,0.5170797899006914,112.02045329406654,0.9999999999999996,0.10000000000000142
1756296098.876049,0,-0.05339364098453225,0.02365794349497831,-0.6598955747039214,-0.8988308342333425,0.07837167706491796,-0.43123196966995153,-0.004110634369320222,0.9823330016055086,0.18709616950059063,0.43827643573032254,0.16994044306975367,-0.8826290340186983,10.898302527768521,25.993962571814578,0.2620296829372819,10.898302527768521,25.993962571814578,0.2620296829372819,118.90377927779633,0.9999999999999996,0.10000000000000142
1756296098.9068568,0,-0.04464197431267652,0.021227701878680835,-0.6672648257939963,-0.9258891118445646,0.0463057417527382,-0.37494683736286155,0.00018615006596768222,0.9925158760158653,0.12211552401153802,0.3777953386634573,0.11299563769096707,-0.9189682627528414,7.009859429877423,22.197187553604728,-0.011519320030743074,7.009859429877423,22.197187553604728,-0.011519320030743074,124.11829686579455,0.9999999999999996,0.10000000000000142
1756296098.955092,0,-0.03941402901775897,0.021583623492178326,-0.6661885985353707,-0.9441152778714222,0.021154029512343176,-0.3289359346820566,-0.002240004126035422,0.9975036616934027,0.0705792270414538,0.32960783435968666,0.06737174440108147,-0.9417110616240382,4.092073735339284,19.244974369490286,0.13593948186178295,4.092073735339284,19.244974369490286,0.13593948186178295,121.7570196509975,0.9999999999999996,0.10000000000000142
1756296098.9871056,0,-0.027184238025613407,0.02345267086861104,-0.6677601628225647,-0.9685840411259762,0.001312472031346111,-0.24868299638946006,-0.009699722727199,0.9990257648739281,0.04305155626778844,0.24849722464262802,0.044111206458563666,-0.9676276819157673,2.6101334285502276,14.38860349008792,0.5737598122522911,2.6101334285502276,14.38860349008792,0.5737598122522911,121.57063231350601,0.9999999999999996,0.10000000000000142
1756296099.0179,0,-0.016537704855668155,0.026530989578366856,-0.6736047439511277,-0.9885200568704506,-0.00863715327232244,-0.1508426224519839,-0.016559637608824146,0.9985436931536513,0.05134463229327159,0.15017947784935784,0.05325309799830673,-0.9872234964720386,3.0876731751498596,8.637327702204196,0.9597262095286112,3.0876731751498596,8.637327702204196,0.9597262095286112,120.34604644537843,0.9999999999999996,0.10000000000000142
1756296099.0497646,0,-0.004095106570159102,0.031249205157023147,-0.6345141653109532,-0.9993326316555128,-0.018476484742533248,-0.03151048746094539,-0.020811985799431772,0.9969303016663787,0.07547737983308377,0.030019203113202567,0.0760828044366287,-0.9966495142794715,4.36541141671924,1.7202320739855086,1.1930628129327374,4.36541141671924,1.7202320739855086,1.1930628129327374,118.24828538984478,0.9999999999999996,0.10000000000000142
1756296099.0851333,0,-0.0021789838487309334,0.03276955889096954,-0.6390648407005851,-0.9978852289080326,-0.035940365608157415,0.054160502648294535,-0.029849357432948323,0.9935549386245807,0.10935081067621888,-0.05774154299985441,0.1075029025406205,-0.9925265941814044,6.181742691007486,-3.3101878654464127,1.7133557429013138,6.181742691007486,-3.3101878654464127,1.7133557429013138,120.35446330786696,0.9999999999999996,0.10000000000000142
1756296099.1149485,0,0.0019601613072759007,0.032621001770336666,-0.6505630517409139,-0.9908582721886912,-0.05103503492299143,0.12488118211184235,-0.03302283187730961,0.9892768901441602,0.14226990968403183,-0.1308028172863453,0.13684538661244186,-0.9819185114625586,7.933941793391796,-7.515986506901193,1.9088187408610224,7.933941793391796,-7.515986506901193,1.9088187408610224,118.53121219247312,0.9999999999999996,0.10000000000000142
1756296099.1449828,0,0.00932581949303708,0.033927767789163156,-0.6391569326969493,-0.977931554164128,-0.06575934904316127,0.1983067910676619,-0.031035382429431276,0.9843672636168077,0.173372129700877,-0.20660755167126046,0.1633915491479852,-0.9646846745229394,9.613126983781825,-11.923619803248435,1.8177139363434947,9.613126983781825,-11.923619803248435,1.8177139363434947,113.71437952077339,0.9999999999999996,0.10000000000000142
1756296099.1792252,0,0.015903575129143702,0.035538762876682214,-0.6259627180361338,-0.9591964066594723,-0.07895366107706636,0.2714932280077793,-0.02228546948657783,0.9783445958104644,0.2057795171979512,-0.28186097867799853,0.19133261941181598,-0.9401841401808979,11.502925568867255,-16.371305178362377,1.3309408413243489,11.502925568867255,-16.371305178362377,1.3309408413243489,112.86984437029956,0.9999999999999996,0.10000000000000142
1756296099.2103224,0,0.02227789959752891,0.03745860675703918,-0.6037992343521366,-0.9341424645868542,-0.09561634430545467,0.3438537051672684,-0.013608043224421051,0.9722861833527564,0.23339751245660836,-0.356640823539875,0.2133473514318636,-0.9095549629471594,13.200785812367911,-20.894040221773,0.8345925045167633,13.200785812367911,-20.894040221773,0.8345925045167633,106.52459487794391,0.9999999999999996,0.10000000000000142
1756296099.2424188,0,0.026394086401576155,0.03787076205824687,-0.589711014877013,-0.9054956175424393,-0.11332384861115091,0.408944240633602,-0.0035067752094984778,0.9656482539040203,0.25982908278279176,-0.42434112355399456,0.23384002024476852,-0.8747876632605538,14.965857189027588,-25.108965807902756,0.221892200046085,14.965857189027588,-25.108965807902756,0.221892200046085,102.11687308056135,0.9999999999999996,0.10000000000000142
1756296099.2747903,0,0.03121540356898354,0.03928836860148921,-0.5748864244979489,-0.8769177505571144,-0.126491547513571,0.4636972580957029,0.01038815265316826,0.9595354234625522,0.2813962640210343,-0.4805281938058425,0.25157833676245495,-0.8401196316177426,16.67061160580107,-28.719904865430006,-0.6787061432452504,16.67061160580107,-28.719904865430006,-0.6787061432452504,93.98982479289384,0.9999999999999996,0.10000000000000142
1756296099.308075,0,0.03496108630452367,0.03925167938003635,-0.5773081025939567,-0.8475387487849912,-0.14518295134206333,0.5104899410836415,0.020366999992424736,0.9522517391642404,0.3046338959636438,-0.530342582317581,0.2685861796487073,-0.8041133063707082,18.47011013195575,-32.02860465646302,-1.3765961646143126,18.47011013195575,-32.02860465646302,-1.3765961646143126,98.1734156862895,0.9999999999999996,0.10000000000000142
1756296099.3542333,0,0.03744705957984556,0.040033114384736855,-0.5746089523484655,-0.8169451757960884,-0.1683773210840182,0.5515883043430743,0.027369643495649187,0.9440337438147826,0.32871141317874353,-0.5760655191542188,0.28363597847172883,-0.766615385547385,20.303703628057576,-35.1742853496204,-1.918829795462898,20.303703628057576,-35.1742853496204,-1.918829795462898,92.92142874721378,0.9999999999999996,0.10000000000000142
1756296099.3873725,0,0.04140808022198609,0.03985877459508355,-0.5701583800326632,-0.7821010395396013,-0.18933124396610768,0.5936932238196095,0.03767272320539239,0.9366184837863978,0.3483196545645381,-0.6220118406247301,0.2947872044168734,-0.7253976662732793,22.1158481930415,-38.46319903648303,-2.757726774195703,22.1158481930415,-38.46319903648303,-2.757726774195703,92.23430053944591,0.9999999999999996,0.10000000000000142
1756296099.4190576,0,0.043799915574173974,0.03971724983051453,-0.5713274264723773,-0.7478242397486233,-0.20954372900374152,0.6299605797822594,0.04857791284808109,0.9290690088576053,0.3667028267734943,-0.6621171292359971,0.30483143278794866,-0.6846011282175398,24.001911848753736,-41.46153766896142,-3.7166545751506703,24.001911848753736,-41.46153766896142,-3.7166545751506703,94.07798427369762,0.9999999999999996,0.10000000000000142
1756296099.4501128,0,0.046052527365816054,0.03941422784978413,-0.5719243499872716,-0.7145037114391215,-0.22655954674738354,0.6619329408009097,0.05843577418664729,0.9234851005565714,0.37915765763759324,-0.6971869954574078,0.3095901174579695,-0.6465943492928412,25.58515308200853,-44.201749691464606,-4.67553633939275,25.58515308200853,-44.201749691464606,-4.67553633939275,91.77893049789999,0.9999999999999996,0.10000000000000142
1756296099.4824896,0,0.04868963440859227,0.039176675267111216,-0.5746302774479565,-0.6844914770672645,-0.23776615372583954,0.6891579455862749,0.06945256130839794,0.9197522728438752,0.3863057057904133,-0.7257050086295243,0.3122867476229924,-0.6130491234061719,26.994258117582774,-46.52752787335231,-5.79374076527651,26.994258117582774,-46.52752787335231,-5.79374076527651,93.15575928044836,0.9999999999999996,0.10000000000000142
1756296099.514129,0,0.05054698938103024,0.03849946654115754,-0.5815878930084661,-0.6613948836426983,-0.24335157388453255,0.7094623452863322,0.08070863455226308,0.9173184416880812,0.3898884364118279,-0.7456828576546273,0.3151299541885405,-0.5870691507592248,28.226239264579277,-48.217784799909616,-6.9572870116898,28.226239264579277,-48.217784799909616,-6.9572870116898,92.32175951685336,0.9999999999999996,0.10000000000000142
1756296099.54678,0,0.05079302340192414,0.03814015608183843,-0.5887650470230754,-0.6392522742396269,-0.24770452544658275,0.7280103007188486,0.08997411661280211,0.9161066571994112,0.3907086522905104,-0.7637153843017771,0.3152634782340072,-0.5633362682027361,29.232964377903812,-49.792841919008374,-8.011695489142426,29.232964377903812,-49.792841919008374,-8.011695489142426,95.92787462397197,0.9999999999999996,0.10000000000000142
1756296099.5788736,0,0.050516960760934156,0.03764542923318865,-0.5968889312769898,-0.6262834165352834,-0.24611295724562432,0.7397279867956236,0.09849956543948128,0.9162767565913653,0.3882457223700492,-0.7733478633714107,0.31601474270391483,-0.5496069182721889,29.898178287784788,-50.65548335989992,-8.938053812541796,29.898178287784788,-50.65548335989992,-8.938053812541796,99.2240268548014,0.9999999999999996,0.10000000000000142
1756296099.6100867,0,0.05046781071569225,0.036953898949569096,-0.5923046485960413,-0.6163721868927681,-0.24042015186102556,0.7498556379758362,0.1082041437008054,0.9173605970192196,0.383068399013175,-0.7799853783956482,0.3172501940356586,-0.5394211006934517,30.461099148272154,-51.25923668139426,-9.956819496028658,30.461099148272154,-51.25923668139426,-9.956819496028658,96.26584786404516,0.9999999999999996,0.10000000000000142
1756296099.6423376,0,0.04942465226477026,0.037021603973489296,-0.5927969566499314,-0.611630613050637,-0.2371155177082119,0.7547742870827466,0.11271692139587222,0.9181799128084203,0.37979013065923484,-0.7830727225554076,0.31736710443442084,-0.5348600117905364,30.683402126294936,-51.54277835889928,-10.441835474045007,30.683402126294936,-51.54277835889928,-10.441835474045007,99.88246690618908,0.9999999999999996,0.10000000000000142
1756296099.6749413,0,0.04672061200604269,0.03779670099414166,-0.5881456732848568,-0.604707792636245,-0.24050810811164675,0.7592656553918112,0.11177837545154327,0.9182517925395999,0.3798937223477453,-0.7885645695226321,0.31459417577311954,-0.5283904089432525,30.76881021482353,-52.05156991044907,-10.472737549687565,30.76881021482353,-52.05156991044907,-10.472737549687565,100.90892731850472,0.9999999999999996,0.10000000000000142
1756296099.706244,0,0.04632225392264737,0.03763498221345069,-0.5894434072047988,-0.6025302046507532,-0.24167427819616136,0.7606253320406088,0.11132638305482853,0.9182817845633191,0.3799539453343471,-0.7902934827767792,0.31361139551612416,-0.5263877883110304,30.785646406313674,-52.21294637632149,-10.468188528040486,30.785646406313674,-52.21294637632149,-10.468188528040486,101.55184830069399,0.9999999999999996,0.10000000000000142
1756296099.754826,0,0.0456109816166794,0.03757490545097772,-0.5881929837871724,-0.6011600875015293,-0.2441787436548962,0.7609095152133862,0.11014125056614935,0.9177696835201978,0.38153337067019566,-0.7915020240775628,0.313170160070133,-0.5248323510634314,30.824744638856714,-52.32610034951492,-10.382270959734683,30.824744638856714,-52.32610034951492,-10.382270959734683,98.9836777426936,0.9999999999999996,0.10000000000000142
1756296099.7859526,0,0.04646350103811053,0.03830207669018157,-0.5863358575348864,-0.599821341613237,-0.24268620024494186,0.7624419757305921,0.11229187756325443,0.9179299953501028,0.3805194579385922,-0.7922151806034873,0.31385973275849344,-0.5233423122337344,30.952029844671443,-52.39300811730673,-10.60354059912737,30.952029844671443,-52.39300811730673,-10.60354059912737,95.71666355096974,0.9999999999999996,0.10000000000000142
1756296099.8185518,0,0.04880736877694789,0.03861432974567974,-0.5875761706948419,-0.5954759383523216,-0.2427387338381786,0.7658239444794478,0.11282645025528967,0.9185443613769084,0.3788752410827056,-0.7954109623120699,0.31201628687830624,-0.5195837158307233,30.985324308962646,-52.69408931568749,-10.728806387330309,30.985324308962646,-52.69408931568749,-10.728806387330309,97.1705515779629,0.9999999999999996,0.10000000000000142
1756296099.8496814,0,0.049902764650783034,0.03979522097766659,-0.5737018740845432,-0.5861152264016313,-0.2493156119881952,0.7709154733167031,0.11572818761551959,0.9159634575665049,0.384210789793885,-0.8019201506206163,0.3144084445776949,-0.5080072853875649,31.753588089296755,-53.31385642659357,-11.169354162872253,31.753588089296755,-53.31385642659357,-11.169354162872253,89.26957015322945,0.9999999999999996,0.10000000000000142
1756296099.882767,0,0.05210702429881057,0.04048415834206494,-0.5673069777202873,-0.570203349565479,-0.26764239599670914,0.7766824885430653,0.11824772648763837,0.9088548416467119,0.40000043999455187,-0.8129487162944614,0.3199225291855376,-0.4865839701374431,33.324391045511106,-54.385037638699835,-11.715828539461,33.324391045511106,-54.385037638699835,-11.715828539461,81.94651965934783,0.9999999999999996,0.10000000000000142
1756296099.9135575,0,0.05507899425342477,0.041972794357707316,-0.5610322922197536,-0.5505791634985782,-0.2868107129696014,0.7839656877995842,0.11719808876967457,0.9032662957090403,0.41276459032335194,-0.8265150892209663,0.319138863133179,-0.46370593410923777,34.53712696526716,-55.742400064940604,-12.016813166790286,34.53712696526716,-55.742400064940604,-12.016813166790286,75.90249646767927,0.9999999999999996,0.10000000000000142
1756296099.9456775,0,0.0597555196688871,0.04196924235229198,-0.5680423377477216,-0.530363319311439,-0.29957894083337505,0.7930745284890356,0.11929966159109412,0.8998003389294316,0.4196748036357803,-0.8393344626983951,0.3171936447529072,-0.44148142821093095,35.69632439717009,-57.069907115171425,-12.677084262301577,35.69632439717009,-57.069907115171425,-12.677084262301577,73.78247823870251,0.9999999999999996,0.10000000000000142
1756296099.9808936,0,0.06361808979360385,0.04232605873445506,-0.5731966482166952,-0.5128805795374668,-0.31601259438147267,0.7981788968180022,0.11804688477256686,0.8949856060383375,0.4301926289229999,-0.8503049124454148,0.31485997709534386,-0.421716433987004,36.745584365713,-58.24484883919175,-12.961713963409352,36.745584365713,-58.24484883919175,-12.961713963409352,80.92404023941114,0.9999999999999996,0.10000000000000142
1756296100.0103483,0,0.06639164412498977,0.04415985374226459,-0.5780549816447794,-0.5012303123405988,-0.3318067312542218,0.7991698612218396,0.11210171357682733,0.8908783223935863,0.4401920268500192,-0.8580217828261032,0.3102258979897999,-0.40933911664088196,37.15740203225755,-59.095189117300485,-12.606909261685871,37.15740203225755,-59.095189117300485,-12.606909261685871,82.1186733229837,0.9999999999999996,0.10000000000000142
1756296100.0425897,0,0.06944085959719709,0.04517393912978361,-0.5926418509121292,-0.49263567493454086,-0.3464195769499904,0.7983129514717766,0.10510411516438929,0.8869522810393877,0.44974301121255655,-0.8638652769716468,0.30546542826450374,-0.4005342124936184,37.330774843113204,-59.753386207166336,-12.04352119698791,37.330774843113204,-59.753386207166336,-12.04352119698791,81.17301015219707,0.9999999999999996,0.10000000000000142
1756296102.0118666,0,0.06020599806773165,0.03715861186551337,-0.6015396637531188,-0.4989218453150751,-0.3501310823422118,0.7927705957244325,0.0989285846554627,0.8857675517219928,0.45346331654775984,-0.8609820714773725,0.30467042766618846,-0.4072908090053525,36.79801328113962,-59.427029280908826,-11.215403699415617,36.79801328113962,-59.427029280908826,-11.215403699415617,81.2704464203592,0.9999999999999996,0.10000000000000142
1756296102.041459,0,0.060246656255030645,0.033603732297146055,-0.6301063441477858,-0.5059021578833252,-0.3368367414850318,0.794105796625828,0.09810863450143213,0.892162471414284,0.4409317639229694,-0.856993408659168,0.30097696620456305,-0.4183003267139982,35.7359074013396,-58.980660686723645,-10.975030467424318,35.7359074013396,-58.980660686723645,-10.975030467424318,91.15724359728056,0.9999999999999996,0.10000000000000142
1756296102.0750315,0,0.05528616649893005,0.030802852245443442,-0.6351141515064812,-0.5210551333978065,-0.3127615393663894,0.7941547503181988,0.09630086851549993,0.90295947634595,0.41879628317382245,-0.8480729276913365,0.2946937453869941,-0.44037246252102447,33.79012293756813,-58.00268492881014,-10.471188323390749,33.79012293756813,-58.00268492881014,-10.471188323390749,100.63381503399067,0.9999999999999996,0.10000000000000142
1756296102.107075,0,0.04568339951412578,0.02969773431717041,-0.6369355575280815,-0.5514257697060583,-0.28953232315513455,0.782368617949667,0.08952345862666204,0.9118863342514085,0.4005606867392869,-0.8294065172517042,0.2909198295990143,-0.47691768879595875,31.383194509056437,-56.03782116015313,-9.221460639022752,31.383194509056437,-56.03782116015313,-9.221460639022752,100.58596921831403,0.9999999999999996,0.10000000000000142
1756296102.1560314,0,0.037230829458218276,0.02795835656836764,-0.6501152321273896,-0.6006761808921185,-0.25397362246519417,0.7580801572398305,0.08190873198316563,0.9236631601818618,0.37434920348221173,-0.7952855369826418,0.28695603428881483,-0.5340198021154904,28.251402339468626,-52.68223365381679,-7.765010913656681,28.251402339468626,-52.68223365381679,-7.765010913656681,100.87116659919869,0.9999999999999996,0.10000000000000142
1756296102.1872768,0,0.026115348835801234,0.0293182848221153,-0.6451249320846417,-0.6561712459868598,-0.2239682377278373,0.7206091342948264,0.06804772814025199,0.9334875273597394,0.35209450856091234,-0.7515376255617563,0.28007010685342154,-0.5972871441878778,25.122050866681207,-48.72374787704221,-5.920650057673896,25.122050866681207,-48.72374787704221,-5.920650057673896,114.84215270100948,0.9999999999999996,0.10000000000000142
1756296102.2196248,0,0.01680834730096829,0.02941475737504751,-0.629472719522527,-0.7056914626249515,-0.19873991007444408,0.6800750015416376,0.05322087864293594,0.942273275885781,0.33058828114129046,-0.7065175848163515,0.26948751677040794,-0.6543770936166613,22.382989221934935,-44.952278188798914,-4.312890748294308,22.382989221934935,-44.952278188798914,-4.312890748294308,107.49085227882962,0.9999999999999996,0.10000000000000142
1756296102.251165,0,0.006986483645427534,0.027360635281421016,-0.6469904729216178,-0.7575162401285105,-0.17123534881748503,0.6299584123233211,0.03111535306117684,0.9544183430360087,0.2968458544097898,-0.6520743674961036,0.24446693394353766,-0.7176593463913103,18.811143484116286,-40.69818348587226,-2.3521301532048824,18.811143484116286,-40.69818348587226,-2.3521301532048824,114.6464171253954,0.9999999999999996,0.10000000000000142
1756296102.2830913,0,-0.005928397652868794,0.026461909494995106,-0.66574935606104,-0.8186314364683764,-0.1339203532910742,0.558487162072788,0.010052419151171568,0.9689431992512509,0.24707898634639097,-0.5742312427018683,0.20788077255760035,-0.7918611395351609,14.709469772831966,-35.045813411850844,-0.7035305743684148,14.709469772831966,-35.045813411850844,-0.7035305743684148,129.11059022355886,0.9999999999999996,0.10000000000000142
1756296102.3147423,0,-0.022171519263943517,0.023850255249185496,-0.6763556297568992,-0.8908042218959157,-0.10546818520192772,0.4419777145542797,-0.01896253308564337,0.9804707375722802,0.1957487039636399,-0.4539914763422198,0.16599275488611157,-0.8754074164261639,10.736825506045705,-27.00006280001945,1.2194700317335787,10.736825506045705,-27.00006280001945,1.2194700317335787,126.8352835872325,0.9999999999999996,0.10000000000000142
1756296102.3466983,0,-0.03210044998771714,0.021820527636529266,-0.689438588338043,-0.9418523228483088,-0.08255482631525496,0.3257282649652977,-0.031760400552283276,0.9868823395651897,0.158286211689762,-0.334522762905611,0.13873697598836335,-0.932119398248744,8.465773513170234,-19.54352002377764,1.931351211092192,8.465773513170234,-19.54352002377764,1.931351211092192,125.67206942345881,0.9999999999999996,0.10000000000000142
1756296102.3793254,0,-0.04325064104754229,0.024703327669637534,-0.6666007062850942,-0.9791662639971306,-0.06725113459663207,0.19160039756056776,-0.03743447822516688,0.9871754316872212,0.15518803727464975,-0.1995797767558413,0.14478242976485184,-0.9691263904886063,8.496849443859134,-11.512386603684762,2.1894070851805907,8.496849443859134,-11.512386603684762,2.1894070851805907,113.08919985901133,0.9999999999999996,0.10000000000000142
1756296102.4108975,0,-0.051749445216784866,0.02623004487656566,-0.6518826195032031,-0.9966720686211918,-0.05221865931555568,0.06259392342424468,-0.041192362947624864,0.9852571273602257,0.16604692776642135,-0.07034185713460668,0.16291594337314544,-0.984129269217054,9.399682628823626,-4.033622590705373,2.3666822387685045,9.399682628823626,-4.033622590705373,2.3666822387685045,106.39177442996689,0.9999999999999996,0.10000000000000142
1756296102.4427295,0,-0.05879410578667814,0.027903348000803792,-0.634551826981721,-0.9978098664087194,-0.03645608983808742,-0.055194420108660915,-0.04581970714516762,0.982739560082194,0.17923033082206555,0.04770770309441787,0.18136678461938197,-0.9822576365202167,10.461427212918238,2.7344880010928714,2.6291911671028174,10.461427212918238,2.7344880010928714,2.6291911671028174,101.60146791760708,0.9999999999999996,0.10000000000000142
1756296102.4745426,0,-0.06516034850106603,0.028880659664177053,-0.6238227159479319,-0.9864011800093557,-0.02263567931642698,-0.16278924441754347,-0.05434248292729337,0.9796813634871275,0.19305781669049257,0.15511159410388267,0.1992788299290391,-0.9675889319936777,11.637573169931073,8.923268400164424,3.153332226090356,11.637573169931073,8.923268400164424,3.153332226090356,100.87999695089809,0.9999999999999996,0.10000000000000142
1756296102.5061483,0,-0.06887380709719149,0.03035215336145403,-0.6158001763874741,-0.966662436018944,-0.0032914219523498753,-0.2560330082849718,-0.06030605023238773,0.9747155887610095,0.21515738735085796,0.24885119066480188,0.22342490364283477,-0.9424194381149511,13.337212662760578,14.409541986459748,3.5698190212681027,13.337212662760578,14.409541986459748,3.5698190212681027,96.68016679573174,0.9999999999999996,0.10000000000000142
1756296102.5543382,0,-0.07101395191641066,0.030967011038711283,-0.6028977667892857,-0.943132482711746,0.01820626852072756,-0.3319181402703522,-0.06393081342256836,0.9699248091790065,0.2348589270907041,0.3262115435558754,0.2427228796912625,-0.9136036517687931,14.878429972905138,19.038992150275693,3.8778972903495514,14.878429972905138,19.038992150275693,3.8778972903495514,92.89649732244825,0.9999999999999996,0.10000000000000142
1756296102.5874116,0,-0.07481543624729355,0.031943860100126654,-0.593310981782263,-0.9128185650215005,0.04612132218628401,-0.4057524996742197,-0.06623587626530686,0.9637229354929352,0.25855543370860906,0.4029579085307244,0.2628895723391648,-0.8766493008654462,16.692935033876722,23.76322233284016,4.1502185499487325,16.692935033876722,23.76322233284016,4.1502185499487325,93.81274020989966,0.9999999999999996,0.10000000000000142
1756296102.6149654,0,-0.07735847440495577,0.03227413114097973,-0.5883610976561605,-0.8822136898437118,0.07434309396040702,-0.46494312537420895,-0.0698181076431837,0.9558856723713793,0.2853208951343053,0.46564411012861323,0.28417544886128104,-0.8381049319548368,18.730207625466193,27.751915716895745,4.524938589706522,18.730207625466193,27.751915716895745,4.524938589706522,92.4918657296366,0.9999999999999996,0.10000000000000142
1756296102.6444974,0,-0.0815726380929134,0.0322358177319367,-0.5914641432790791,-0.8507363937795633,0.09968837005431079,-0.516052145790383,-0.07386435495475853,0.9494274905621907,0.3051745356872016,0.5203764458217353,0.2977409428357081,-0.8003491023255054,20.40589761239133,31.357506126268987,4.962205911592065,20.40589761239133,31.357506126268987,4.962205911592065,87.74282833189199,0.9999999999999996,0.10000000000000142
1756296102.676563,0,-0.08631125302565795,0.0321896256829839,-0.5955814246331225,-0.8194042440276076,0.12096115794641031,-0.5603080252305946,-0.08149505202499345,0.9429688862056719,0.3227510435978148,0.5673933744457972,0.3101259065545775,-0.7628149714830673,22.12442488793195,34.568657115335625,5.679757732406188,22.12442488793195,34.568657115335625,5.679757732406188,84.95744332896268,0.9999999999999996,0.10000000000000142
1756296102.7080722,0,-0.08928761343418264,0.032064664666634324,-0.5950577692907468,-0.789030965959491,0.1411358942063981,-0.5979220635865459,-0.08796071627770748,0.9372742324934487,0.3373128006698377,0.6080238869887808,0.31874389793434077,-0.7271239786863566,23.67084382560526,37.44675387710104,6.361036230448235,23.67084382560526,37.44675387710104,6.361036230448235,81.8166420269304,0.9999999999999996,0.10000000000000142
1756296102.7437665,0,-0.09145664601566919,0.03248181130726938,-0.5856510976474956,-0.7600825154445676,0.16223417050901756,-0.6292492698722102,-0.09233289229107704,0.9315466316262595,0.35170372489772433,0.6432333998764547,0.32542425697083616,-0.6930727568288602,25.151857079542793,40.033350724298344,6.926209225654617,25.151857079542793,40.033350724298344,6.926209225654617,78.76561210377957,0.9999999999999996,0.10000000000000142
1756296102.7774165,0,-0.09313369797114451,0.0327954399827452,-0.5759176038475876,-0.7321539218668917,0.18010485611828608,-0.6568963963194967,-0.09789774353391045,0.9265708135853473,0.36315638397631994,0.6740672566635308,0.3301950457144975,-0.6607605960404287,26.55219887855148,42.38175915192255,7.615957676783097,26.55219887855148,42.38175915192255,7.615957676783097,77.13867705478555,0.9999999999999996,0.10000000000000142
1756296102.8125362,0,-0.09390421429641296,0.03417008232930898,-0.5640904407564826,-0.7041296419789868,0.1997623820063139,-0.6813930128946932,-0.09943143081315191,0.9224183963887814,0.37317247027346295,0.7030752718258504,0.33051368010827137,-0.6296394757385325,27.69611673582466,44.674257183967924,8.037696698178848,27.69611673582466,44.674257183967924,8.037696698178848,75.63726056742208,0.9999999999999996,0.10000000000000142
1756296102.841983,0,-0.09764053129888499,0.034786041064037376,-0.5687566004312914,-0.6789566266361133,0.2159954969437039,-0.7016864288604646,-0.09866764744683376,0.9202288396850868,0.3787394592053305,0.7275181059562826,0.32638141477706917,-0.6034837011833063,28.405802967938115,46.67872965252876,8.268481565370934,28.405802967938115,46.67872965252876,8.268481565370934,74.88889806733653,0.9999999999999996,0.10000000000000142
1756296102.8730702,0,-0.10297835616608639,0.0344502570994044,-0.5777858814545255,-0.6529436765684999,0.22593693948428228,-0.722922578569577,-0.10091484261124857,0.9200098264902485,0.37867943395718007,0.7506535484296051,0.3202099600853464,-0.5779142078995669,28.98990348523151,48.64702202448554,8.785758541629974,28.98990348523151,48.64702202448554,8.785758541629974,79.92529758702514,0.9999999999999996,0.10000000000000142
1756296102.9069788,0,-0.10615868890685522,0.03444732025443177,-0.5807797885686532,-0.6264326653263917,0.23425379888294515,-0.7434428515501256,-0.10371522246359274,0.9202430220738019,0.3773538564183545,0.7725446708387812,0.3134931227848313,-0.5521746042016188,29.58542936282609,50.58295124469294,9.40088731640742,29.58542936282609,50.58295124469294,9.40088731640742,79.2873749492561,0.9999999999999996,0.10000000000000142
1756296102.9514234,0,-0.10918899866708347,0.0337694979165018,-0.5829398794579767,-0.6050519872137784,0.24072881730053453,-0.7589214249774108,-0.10499416506297839,0.9207473404114185,0.37576663027473267,0.7892327401162385,0.3070406677402612,-0.5318248868586622,29.999307221950943,52.11386757254055,9.844456559981438,29.999307221950943,52.11386757254055,9.844456559981438,79.63647080238984,0.9999999999999996,0.10000000000000142
1756296102.9807272,0,-0.11258211736418176,0.03397439256583308,-0.5811049141936437,-0.5772990447891042,0.24942504786631411,-0.7775043140603626,-0.11114178517276105,0.9193368682986345,0.37744830927621226,0.8089334437852103,0.30431376584661146,-0.5030107508215447,31.173292930261482,53.99185650206435,10.89727366955998,31.173292930261482,53.99185650206435,10.89727366955998,81.92080567981586,0.9999999999999996,0.10000000000000142
1756296103.013469,0,-0.11705821730700403,0.0328628694195936,-0.588875178131933,-0.5515046587551189,0.25407550907316634,-0.7945364982558143,-0.11496020693179387,0.9202471246545587,0.3740713573467189,0.8262122985005727,0.2976421765379176,-0.4783120033536395,31.89302132397728,55.71159292857856,11.774601723773742,31.89302132397728,55.71159292857856,11.774601723773742,81.2985791970027,0.9999999999999996,0.10000000000000142
1756296103.0439038,0,-0.11829221884758953,0.032682291833011815,-0.5837202340280041,-0.5237157151343752,0.2625094142022316,-0.8104385585449962,-0.11630862359189689,0.9203965573067989,0.3732860583734025,0.8439159637069609,0.2897567682608881,-0.45149403257137033,32.691259860321054,57.55597571038648,12.521233798122978,32.691259860321054,57.55597571038648,12.521233798122978,78.48554660726718,0.9999999999999996,0.10000000000000142
1756296103.0752661,0,-0.12274504138184812,0.03217726187100273,-0.588525509239414,-0.4960930166808237,0.2677352467684792,-0.8259597789470996,-0.11991948782163857,0.9210272151913272,0.3705781770659258,0.8599482747474501,0.2828899194293255,-0.42480849596512765,33.660574901253085,59.31077567913094,13.589302126140296,33.660574901253085,59.31077567913094,13.589302126140296,79.66966345512513,0.9999999999999996,0.10000000000000142
1756296103.114298,0,-0.12554099606112626,0.03156440196442742,-0.5900629365475323,-0.4730615828581782,0.26861666475641777,-0.8390815373006688,-0.12177434165898929,0.9233110640072233,0.36423575990746593,0.8725730620052599,0.27448454691837876,-0.40407237590037953,34.18809131532504,60.75903674224741,14.435533388120092,34.18809131532504,60.75903674224741,14.435533388120092,77.1895452248036,0.9999999999999996,0.10000000000000142
1756296103.146625,0,-0.1308504378140716,0.03067238085532918,-0.6010415325396389,-0.4530049917700769,0.264680217923731,-0.851311258983011,-0.12636303663582057,0.926207449073646,0.35520718496768067,0.8825071446756492,0.2684849037103131,-0.38613080177071746,34.81170513689776,61.94629365628695,15.586126861202985,34.81170513689776,61.94629365628695,15.586126861202985,80.75876064163717,0.9999999999999996,0.10000000000000142
1756296103.1781046,0,-0.13472539589593652,0.030958325850361255,-0.6072797184467134,-0.438305990454337,0.2588281085808136,-0.8607530824460181,-0.12716171732535747,0.9301531084129384,0.3444489694521013,0.8897852304790796,0.2604288868736095,-0.3747786526779027,34.794942143496996,62.846271442380115,16.178547157743253,34.794942143496996,62.846271442380115,16.178547157743253,79.05817372446975,0.9999999999999996,0.10000000000000142
1756296103.2101233,0,-0.13689878010031625,0.03197035981298069,-0.6084643100633856,-0.4209186524781531,0.260748868233086,-0.868813855616461,-0.12389799419973811,0.9322917952114679,0.3398253898911326,0.8985971149682473,0.25068313923465885,-0.36011274439291807,34.842704328404096,63.97427261578238,16.401866229146776,34.842704328404096,63.97427261578238,16.401866229146776,77.57825998522954,0.9999999999999996,0.10000000000000142
1756296103.2473676,0,-0.14318210704382298,0.03130869456159112,-0.6238770034827864,-0.40817209459054454,0.2601593010916462,-0.8750501009959796,-0.12266814023821082,0.9342105512408319,0.3349674212827274,0.9046259274241849,0.24406512246899947,-0.3494054198579724,34.9348983980841,64.7729488056435,16.727122841888388,34.9348983980841,64.7729488056435,16.727122841888388,84.38717075359861,0.9999999999999996,0.10000000000000142
1756296103.274577,0,-0.14661155353201266,0.03023060004528085,-0.6313323659575583,-0.39479480554649693,0.2590272165272811,-0.8814998369889998,-0.11923159495181711,0.9368779083996304,0.3286998806175325,0.9109999386820781,0.2348716369655207,-0.3389903035049635,34.71640466184323,65.64390344489576,16.804790109913284,34.71640466184323,65.64390344489576,16.804790109913284,82.11804363788059,0.9999999999999996,0.10000000000000142
1756296104.1576092,0,-0.08164742188987198,0.015604574987020519,-0.6760324523486755,-0.5911090673498329,0.18603825852135408,-0.7848438296012479,-0.07337935143622198,0.9565991468290902,0.282016919826907,0.8032468744287837,0.2242940896506159,-0.5518030627571684,22.120507441075432,53.44128426707003,7.076406318698332,22.120507441075432,53.44128426707003,7.076406318698332,114.57042740700608,0.9999999999999996,0.10000000000000142
1756296104.187709,0,-0.07838147837680462,0.02581685869937899,-0.6963748491240443,-0.7149173331875562,0.17713235100953165,-0.6764002786322824,-0.048859594012385016,0.9523587295397533,0.30104084497352224,0.6974997826386314,0.24826796107283644,-0.6722031484036646,20.270938630831523,44.22675381598475,3.909685843967594,20.270938630831523,44.22675381598475,3.909685843967594,97.45141878434684,0.9999999999999996,0.10000000000000142
1756296104.2196815,0,-0.06355714087699027,0.02345732874557689,-0.6586159714039922,-0.828718717880832,0.16054624579650884,-0.5361438142836277,-0.02374224026148622,0.9470248626161528,0.3202814631136539,0.5591615085655628,0.2781524987259758,-0.7810055024077489,19.603186820449622,33.99783028821313,1.6410371067355243,19.603186820449622,33.99783028821313,1.6410371067355243,104.16101479758001,0.9999999999999996,0.10000000000000142
1756296104.2509108,0,-0.06804128421979189,0.023888009654129218,-0.6723152445458632,-0.8898075052950217,0.1567433356189329,-0.42857219958800485,0.006063003589712068,0.943136997634774,0.3323489787556679,0.45629578510887125,0.29312818088937614,-0.8401607144233562,19.23364302203521,27.148338360140873,-0.3903980791115771,19.23364302203521,27.148338360140873,-0.3903980791115771,97.70532280063473,0.9999999999999996,0.10000000000000142
1756296104.2832747,0,-0.0668811389142939,0.025282140974292877,-0.6769861556733605,-0.9292965276535408,0.15937495390056003,-0.33317801212004805,0.03590617328809779,0.9368160565693071,0.3479747445918144,0.3675849703277837,0.31140857442133435,-0.8763024531324759,19.563511119348902,21.566753039045963,-2.212694525496687,19.563511119348902,21.566753039045963,-2.212694525496687,103.52985280721404,0.9999999999999996,0.10000000000000142
1756296104.3166413,0,-0.06475958563883961,0.022775740213634505,-0.6798813176548508,-0.9573123255184239,0.16059315864606916,-0.24033923692686204,0.06873489900604604,0.9340866335638052,0.3503679132798365,0.2807643586161472,0.3188918286715996,-0.9052510019532414,19.40577871554069,16.305829305901664,-4.106781982328016,19.40577871554069,16.305829305901664,-4.106781982328016,100.26445938719817,0.9999999999999996,0.10000000000000142
1756296104.3470232,0,-0.06651443602776863,0.02150340716913816,-0.6945760106865057,-0.972845748049539,0.16049376377252814,-0.16677200691980937,0.093080211075775,0.930992500515771,0.35297172449005265,0.21191324830699515,0.32786386774623455,-0.9206508890010684,19.60192380791932,12.234497090148883,-5.465325203538129,19.60192380791932,12.234497090148883,-5.465325203538129,99.17028736477447,0.9999999999999996,0.10000000000000142
1756296104.379923,0,-0.06900170693821844,0.026085192877014697,-0.7336635762218602,-0.9779796684454833,0.16654800068591888,-0.12576776842572113,0.10885609137480831,0.9212331338182311,0.3734700316304383,0.17806212252430903,0.35155551001650415,-0.9190770391535052,20.932317115794973,10.2569042251945,-6.351284514845162,20.932317115794973,10.2569042251945,-6.351284514845162,102.44062691297222,0.9999999999999996,0.10000000000000142
1756296104.410759,0,-0.05979922399565552,0.024150851943729727,-0.7860581293881854,-0.9882570553335659,0.14705832050515102,-0.04149509553710798,0.12145829638676944,0.9208021108451174,0.3706364187475374,0.09271394081934556,0.3612441321784764,-0.9278506356867826,21.27267275008822,5.319757483398651,-7.00660176311311,21.27267275008822,5.319757483398651,-7.00660176311311,115.25435841894085,0.9999999999999996,0.10000000000000142
1756296104.4425523,0,-0.043162315238579385,0.026074029546685997,-0.774589531564766,-0.9905475921721726,0.1228333267031573,0.061052776291884034,0.13678094501587365,0.9179855994559823,0.37228136170375975,-0.010317011315102948,0.37711326288328345,-0.9261096836957531,22.156227453587633,-0.5911316926077993,-7.862037018703234,22.156227453587633,-0.5911316926077993,-7.862037018703234,116.8033308468091,0.9999999999999996,0.10000000000000142
1756296104.5105681,0,-0.1133538984026712,0.02729488455775066,-0.5760981856300483,-0.9675524737124632,0.17438219107921046,-0.1828471001884018,0.08941551409522511,0.9131409567784321,0.3977165559702747,0.23631986046877293,0.36846227010127347,-0.8991042648435366,22.284328130074726,13.669436802051926,-5.2799424531930015,22.284328130074726,13.669436802051926,-5.2799424531930015,71.82116512787725,0.9999999999999996,0.10000000000000142
1756296104.554323,0,-0.12968168156274576,0.027115257587281855,-0.5882581667425996,-0.9229640279913299,0.1899728610626545,-0.3347352910789199,0.04426302268236024,0.9163195361517261,0.3979940859984059,0.38233256185818226,0.3525178289482037,-0.8541387430719932,22.42678619115236,22.478241948225097,-2.7456571727958305,22.42678619115236,22.478241948225097,-2.7456571727958305,76.81219881054774,0.9999999999999996,0.10000000000000142
1756296104.5872028,0,-0.12605454937504018,0.027002082529882558,-0.6042686935809713,-0.8833587124163889,0.18883136289986685,-0.4289756421796449,0.009207871125977374,0.9220655631279318,0.38692416880171526,0.4686070852082663,0.33784288312609106,-0.8162533834623067,22.484400311689683,27.94391735237483,-0.5972127065762436,22.484400311689683,27.94391735237483,-0.5972127065762436,80.75016952270195,0.9999999999999996,0.10000000000000142
1756296104.6182208,0,-0.119424762260019,0.0290799714270783,-0.6210639904877975,-0.851346371349477,0.18410060665180633,-0.49123957762024384,-0.016462098857566734,0.92656433042342,0.3757759184516794,0.5243456448672787,0.32800229910388795,-0.7857964981413964,22.656330174538454,31.624202827067315,1.1077644642339806,22.656330174538454,31.624202827067315,1.1077644642339806,87.5974686739988,0.9999999999999996,0.10000000000000142
1756296104.6504292,0,-0.1091328707841814,0.032465964263736026,-0.6236451035080424,-0.8305244179473986,0.17760105639326862,-0.5279081889506261,-0.0369542770980857,0.9281420669015114,0.37038720962250915,0.5557549573303804,0.32712408718372554,-0.7642815312350036,23.17165921679984,33.76273012146433,2.547701694377878,23.17165921679984,33.76273012146433,2.547701694377878,94.38774981722845,0.9999999999999996,0.10000000000000142
1756296104.68183,0,-0.10137907399851803,0.03609655530938011,-0.6324639790597638,-0.8197662278336048,0.16698145667030606,-0.547814316015678,-0.05599589104607884,0.9285960645440202,0.36684303059934686,0.5699542015718614,0.3314008781545703,-0.7518814175579561,23.786069825470577,34.7470321519527,3.907641184092938,23.786069825470577,34.7470321519527,3.907641184092938,99.7863670091758,0.9999999999999996,0.10000000000000142
1756296104.711346,0,-0.09527218302870046,0.03910081876896305,-0.6428366176347916,-0.8127585901800279,0.15673874152999362,-0.5611207009121724,-0.07663623678011018,0.9259992599857706,0.36966506153271833,0.5775381903396144,0.343450633147472,-0.7406019857452749,24.879287365911665,35.27757769285416,5.386579557057303,24.879287365911665,35.27757769285416,5.386579557057303,110.22771309605007,0.9999999999999996,0.10000000000000142
1756296104.7423882,0,-0.09012769788603629,0.042490611347376785,-0.6544038690203469,-0.811764879763472,0.14222915130945574,-0.5663997250179312,-0.10221708540549178,0.9203106202105742,0.377597708916295,0.5749690838939104,0.3644162878432036,-0.7325375906537337,26.449018151490208,35.09746715047762,7.176887423332602,26.449018151490208,35.09746715047762,7.176887423332602,124.95477435851211,0.9999999999999996,0.10000000000000142
1756296104.774618,0,-0.08530532314361347,0.04696325326579115,-0.6674377799545701,-0.8155300017542527,0.12580035936045,-0.5648761685745732,-0.12139743030659067,0.9171820103397647,0.3795257880883243,0.5658387404143203,0.3780891819318411,-0.7327176061433532,27.294159968586854,34.46055523114805,8.466712455426858,27.294159968586854,34.46055523114805,8.466712455426858,132.55328627453696,0.9999999999999996,0.10000000000000142
1756296104.804302,0,-0.07913604102833618,0.05144178255457295,-0.6892834496499431,-0.8302535081522682,0.10862207961032569,-0.5466995116350298,-0.12894376012185382,0.9167916437150383,0.37797696853104235,0.542266188256736,0.3843101948106592,-0.7471633390618839,27.219432553352448,32.83804175232695,8.827880910694404,27.219432553352448,32.83804175232695,8.827880910694404,137.6735121863052,0.9999999999999996,0.10000000000000142
1756296104.8422518,0,-0.07334667442117852,0.05572701722756424,-0.7136259519165556,-0.8529766830946541,0.0832380563904985,-0.5152690598756869,-0.13510556118677888,0.9183452736997573,0.37200597523389795,0.5041599601646759,0.386928138343091,-0.7720811811753363,26.61771854420641,30.275604512016834,9.000480096689586,26.61771854420641,30.275604512016834,9.000480096689586,147.493504689515,0.9999999999999996,0.10000000000000142
1756296104.8751495,0,-0.06955926630691192,0.05920275695828448,-0.7176692058004775,-0.8689272890127477,0.06521604110627638,-0.49062433122642973,-0.14262175434996738,0.916240289203065,0.3743831828851582,0.4739455681775013,0.39528546700265715,-0.7868449643871385,26.67347410574982,28.290718258231877,9.321155086427154,26.67347410574982,28.290718258231877,9.321155086427154,147.74179206318442,0.9999999999999996,0.10000000000000142
1756296104.9074893,0,-0.06441216274362686,0.06336327207867927,-0.7273444464664811,-0.8885399751351257,0.050841837188618434,-0.45597348626664286,-0.14269744299266912,0.9139241608617983,0.3799737727217657,0.4360437505001354,0.4026881371289004,-0.8048031510036673,26.581369635289718,25.851727955199163,9.123662586839771,26.581369635289718,25.851727955199163,9.123662586839771,152.76316827543957,0.9999999999999996,0.10000000000000142
1756296104.9560084,0,-0.05962536941385796,0.06657113089600335,-0.7349798078312694,-0.9070816971303839,0.0398141137892475,-0.41906757339865797,-0.14110896600634903,0.909160779804473,0.3918098214414,0.39659936263650475,0.4145377097544921,-0.8190649746801646,26.84446888518363,23.36575960833753,8.842269005231572,26.84446888518363,23.36575960833753,8.842269005231572,157.7161825825535,0.9999999999999996,0.10000000000000142
1756296104.9874225,0,-0.05771042996349421,0.07078184560805177,-0.7434066022278067,-0.9201181180966573,0.02998639188374539,-0.3904913123899951,-0.1435936763613792,0.901799237682225,0.4076015100864834,0.3643672664486889,0.43111361752738986,-0.8254559612257688,27.576863828837617,21.36864839271094,8.870034691747975,27.576863828837617,21.36864839271094,8.870034691747975,156.99326878684406,0.9999999999999996,0.10000000000000142
1756296105.0187995,0,-0.05428791572664974,0.07512662534443533,-0.7423064063228082,-0.9306478778351074,0.021583628559808984,-0.3652788995537564,-0.14696829681092427,0.8921528849235593,0.4271575232336039,0.33510423335658884,0.45121766022703835,-0.8271080799301443,28.61407918501729,19.578876443665404,8.974061935433355,28.61407918501729,19.578876443665404,8.974061935433355,154.9570986213212,0.9999999999999996,0.10000000000000142
1756296105.050169,0,-0.05064077106843874,0.0798442119812046,-0.7459665832601582,-0.9409450206418674,0.01454064384855655,-0.3382470070905959,-0.14841477782222906,0.8802489879946555,0.4507047513154967,0.3042951229534489,0.47428924593633237,-0.8261078557524381,29.861214527139083,17.715761850148215,8.963388710718647,29.861214527139083,17.715761850148215,8.963388710718647,158.06103444244187,0.9999999999999996,0.10000000000000142
1756296105.0822616,0,-0.04710983376580499,0.08355432198517335,-0.7510913519441077,-0.9499823485128617,0.009743663651353304,-0.31215156339931605,-0.14665680963271016,0.8685328265444338,0.4734369117454743,0.27572688969765524,0.4955358617026484,-0.8236618796959533,31.03218195680762,16.005336717379816,8.775953456908269,31.03218195680762,16.005336717379816,8.775953456908269,160.13446841366098,0.9999999999999996,0.10000000000000142
1756296105.113689,0,-0.0447336459318244,0.08756777034391507,-0.7567684788576122,-0.9591670400363095,0.0029960147655549996,-0.2828243504430086,-0.1439028136250198,0.8556803758074212,0.4970946335345753,0.24349654933651108,0.5174960080557099,-0.8203092783259356,32.24597312704546,14.093001866037916,8.532387216328885,32.24597312704546,14.093001866037916,8.532387216328885,161.87859345948445,0.9999999999999996,0.10000000000000142
1756296105.1465392,0,-0.0434564013099551,0.09053705371615145,-0.7481127338391854,-0.9647562800907911,-0.0015756395818865426,-0.2631403378148006,-0.14331962951547095,0.8418003746800552,0.5204148470057972,0.22069164873399164,0.539786667627524,-0.8123580181364899,33.60280319808129,12.749660088951488,8.449793059032856,33.60280319808129,12.749660088951488,8.449793059032856,158.3673555389028,0.9999999999999996,0.10000000000000142
1756296105.1807916,0,-0.041159979956489005,0.0932931778883643,-0.7428928810449442,-0.9693687268722542,-0.0053326431628965415,-0.24555210094593408,-0.14203905417530688,0.8277954075767291,0.5427519417596414,0.20037259905248825,0.5610047469601074,-0.8031964239444649,34.932958947007364,11.558748450775763,8.336078619273678,34.932958947007364,11.558748450775763,8.336078619273678,154.10159640592528,0.9999999999999996,0.10000000000000142
1756296105.210425,0,-0.03854033278420732,0.09460687053056396,-0.7378552763467965,-0.9739017486033706,-0.008304331427591682,-0.22681803752532093,-0.13825961913962473,0.8142271151819706,0.563842604472039,0.17999906050494568,0.5804870739146455,-0.7941253649363872,36.16593060517141,10.36970508257006,8.079982651993788,36.16593060517141,10.36970508257006,8.079982651993788,151.00486413791856,0.9999999999999996,0.10000000000000142
1756296105.2423785,0,-0.03789934734577989,0.09668602100720695,-0.7405634392565126,-0.9765984790917404,-0.012061356937085418,-0.21473223862414306,-0.1382468417673866,0.8000359082979556,0.5838067798297725,0.1647519996147023,0.5998308670806308,-0.7829812957665436,37.455213487758584,9.48282792955709,8.05722952364087,37.455213487758584,9.48282792955709,8.05722952364087,151.48537119210056,0.9999999999999996,0.10000000000000142
1756296105.274835,0,-0.03669045999287689,0.09899666232388998,-0.7434144777188026,-0.9788266997216063,-0.018353011296945915,-0.20386627697695003,-0.14030737171902327,0.7853358575820398,0.6029605561205326,0.14903735556365783,0.6187978327145435,-0.7712827684282696,38.739966573901796,8.571144036137737,8.15734781853854,38.739966573901796,8.571144036137737,8.15734781853854,154.19420362594556,0.9999999999999996,0.10000000000000142
1756296105.3218787,0,-0.035214713719827165,0.10073990600658342,-0.7466788901366062,-0.9800554140280883,-0.022056115766880206,-0.19749661564571327,-0.14272949992806874,0.7696337152975509,0.6223280759595956,0.13827391396975805,0.6381045933344837,-0.7574317478696794,40.112737322791304,7.947977379724088,8.285967812037569,40.112737322791304,7.947977379724088,8.285967812037569,150.64378915410347,0.9999999999999996,0.10000000000000142
1756296105.3549483,0,-0.033633801172572655,0.10350794465276114,-0.7564395227074381,-0.9816932178840435,-0.02170650921685037,-0.1892280460663558,-0.1397362466412651,0.7571856767115289,0.6380780770074425,0.12943031845392178,0.6528389375952716,-0.7463572296322946,41.17620019826782,7.436673849384891,8.101179108948628,41.17620019826782,7.436673849384891,8.101179108948628,153.8635368143131,0.9999999999999996,0.10000000000000142
1756296105.3880773,0,-0.03216529926446141,0.10438458608552154,-0.7469462362859096,-0.983883216120945,-0.027610158694017777,-0.17666775645939842,-0.13877802533648648,0.7409411907975751,0.6570744337311999,0.11275848845746238,0.6710021094723643,-0.7328312850611838,42.47814599583313,6.474354915214222,8.028680052856828,42.47814599583313,6.474354915214222,8.028680052856828,152.17906076584347,0.9999999999999996,0.10000000000000142
1756296105.418258,0,-0.03166416053681799,0.10662594368227749,-0.7511676680012498,-0.9846339741659137,-0.027567725499897763,-0.17244117092214814,-0.13800948634910215,0.727887390630305,0.6716645950465626,0.10700148875551321,0.6851422969516393,-0.7205072618176279,43.55879024130829,6.142493182964062,7.978783261466447,43.55879024130829,6.142493182964062,7.978783261466447,162.3928706537341,0.9999999999999996,0.10000000000000142
1756296105.4503245,0,-0.029295713852433163,0.10744460469472912,-0.7423669231328036,-0.9854887024928122,-0.026839137326425247,-0.1676057217597515,-0.1357894549867335,0.7171340761391437,0.683578774359227,0.101849109831357,0.6964182490053161,-0.7103720020376155,44.431709923284814,5.845660411059213,7.845324376673119,44.431709923284814,5.845660411059213,7.845324376673119,161.26567094274466,0.9999999999999996,0.10000000000000142
1756296105.4829957,0,-0.02869777127583197,0.10835166412941816,-0.7422622638647922,-0.9863676515356687,-0.02785393174870572,-0.1621820412072428,-0.13512406452403053,0.6995874241990998,0.7016544185629949,0.09391668217369578,0.714003917628333,-0.6938141411220138,45.82163293779598,5.388971499120413,7.800484840661056,45.82163293779598,5.388971499120413,7.800484840661056,155.8464678983828,0.9999999999999996,0.10000000000000142
1756296105.5141158,0,-0.028175574745217296,0.10970412767763577,-0.7430678522034687,-0.98669400746086,-0.022133104022718356,-0.16107470734770232,-0.13122169087835217,0.69335161067169,0.708550923944073,0.09599897647295311,0.7202594460923737,-0.6870302226473394,46.35262880858963,5.508819755313158,7.575386156309918,46.35262880858963,5.508819755313158,7.575386156309918,169.18815530495283,0.9999999999999996,0.10000000000000142
1756296105.546633,0,-0.028625697038725344,0.1109173308718495,-0.7463548784944772,-0.9871327055797557,-0.01939711467331958,-0.15872231575031215,-0.12915018088948818,0.6819852614849845,0.7198724427934925,0.09428283168745083,0.7311086479173993,-0.6757150972039833,47.25485103775287,5.410043823730393,7.453878273894958,47.25485103775287,5.410043823730393,7.453878273894958,146.79001860309654,0.9999999999999996,0.10000000000000142
1756296105.578659,0,-0.028426747114995862,0.11254820399811317,-0.7441711296246056,-0.9878222762255569,-0.018050930720959556,-0.15453580327117317,-0.12627106033716898,0.6733061676618275,0.7285014920436815,0.09089977950405954,0.739143401843411,-0.6673861412986213,47.92054068420944,5.215372848150823,7.2844837856256675,47.92054068420944,5.215372848150823,7.2844837856256675,149.2866080380566,0.9999999999999996,0.10000000000000142
1756296105.606076,0,-0.027206871835584533,0.11258846493924247,-0.7363206678915302,-0.9891662946673504,-0.02012961361546601,-0.1454126547098182,-0.12213416835694424,0.6624122294447473,0.7391165558975102,0.08144499010879905,0.7488690385759927,-0.657694364160471,48.708774085952285,4.671628644137181,7.038789305501439,48.708774085952285,4.671628644137181,7.038789305501439,165.16980794073655,0.9999999999999996,0.10000000000000142
1756296105.6374714,0,-0.027603159129556867,0.11314208871848153,-0.7351370078101653,-0.9893848937322431,-0.021761100834381243,-0.14368015362225273,-0.12282958999945273,0.653586398968869,0.7468183921834498,0.07765580387198753,0.7565390099481867,-0.6493214169820778,49.36120595517582,4.453833906577423,7.076914063070518,49.36120595517582,4.453833906577423,7.076914063070518,163.04807952117082,0.9999999999999996,0.10000000000000142
1756296105.6686451,0,-0.02727335560413161,0.11335318972188854,-0.739063807726169,-0.9895853052835504,-0.022264150589322115,-0.14221543926521682,-0.12268987326145826,0.6471766510594201,0.7524025367598125,0.07528690833039894,0.7620148882548489,-0.6431680896251,49.83442562236678,4.317707549339925,7.067528541064121,49.83442562236678,4.317707549339925,7.067528541064121,164.27812830709962,0.9999999999999996,0.10000000000000142
1756296105.7164068,0,-0.02564033003478164,0.11490874365044969,-0.7370402629916263,-0.9903226776525185,-0.01945297150917017,-0.13741388585805103,-0.117718409077613,0.6421672610629436,0.7574718377492018,0.0735076206347466,0.7663176826345459,-0.6382427743345298,50.21010991649456,4.21547855117361,6.7788685814758765,50.21010991649456,4.21547855117361,6.7788685814758765,159.53064358852828,0.9999999999999996,0.10000000000000142
1756296105.7537396,0,-0.024713932729936577,0.11603907610524684,-0.7378642453116611,-0.9912536586865689,-0.02109304125446996,-0.13027381836397003,-0.11368186452912557,0.6378426920345778,0.7617303551095129,0.06702699320179123,0.7698777720058687,-0.6346617984041633,50.498957006312935,3.84324520076397,6.542379667144189,50.498957006312935,3.84324520076397,6.542379667144189,163.7833580347107,0.9999999999999996,0.10000000000000142
1756296105.785572,0,-0.024245366633805495,0.1161802778836453,-0.7416500464477094,-0.9913001272170477,-0.019578961865872144,-0.13015652896309193,-0.1133273948532496,0.6298872493155684,0.7683742283063917,0.06693996829429429,0.7764397706209556,-0.6266261431211094,51.09471635659244,3.8382478171493837,6.521852913589868,51.09471635659244,3.8382478171493837,6.521852913589868,159.00424355533295,0.9999999999999996,0.10000000000000142
1756296105.8200855,0,-0.022637952420176747,0.11692295550711793,-0.7344904492885342,-0.9920918756909457,-0.018322158488095715,-0.12416927436511341,-0.108198680008602,0.6262445236887998,0.7720821473095884,0.06361411661272878,0.7794113772957935,-0.6232745375109244,51.351604193027015,3.647283169842354,6.224143992728244,51.351604193027015,3.647283169842354,6.224143992728244,163.28454445675268,0.9999999999999996,0.10000000000000142
1756296105.8499978,0,-0.021213854665858213,0.11719815902750443,-0.7348403556367694,-0.9931241941706443,-0.019802963048704776,-0.11537841049087283,-0.10266249175534448,0.6209554292620771,0.7770937959194716,0.056256090687965055,0.7835956849832962,-0.618718881832506,51.70575108968143,3.2249391158758227,5.901888853044625,51.70575108968143,3.2249391158758227,5.901888853044625,161.91431493459444,0.9999999999999996,0.10000000000000142
1756296105.882369,0,-0.019865651952780776,0.11841169103108998,-0.7421840302377947,-0.9942065352706595,-0.0197003985724069,-0.10566579163191672,-0.09521764018407008,0.617522006405268,0.7807689623717052,0.049869491905255046,0.7863068522538136,-0.6158202399043178,51.932643217264655,2.8584970795291476,5.470674109146358,51.932643217264655,2.8584970795291476,5.470674109146358,176.7476464729558,0.9999999999999996,0.10000000000000142
1756296105.9139252,0,-0.018518298735159967,0.11800945742952432,-0.7327469276877536,-0.9949912139118263,-0.023011335808437602,-0.09727776036989096,-0.09089962469129065,0.6131652063603271,0.7847073900124046,0.04159017274853656,0.7896194704624557,-0.6121857147935895,52.21386222342039,2.3836288821436025,5.219892951247942,52.21386222342039,2.3836288821436025,5.219892951247942,172.1018524367643,0.9999999999999996,0.10000000000000142
1756296105.946437,0,-0.01714234631929619,0.11964580714473809,-0.7342895450687956,-0.9958985774591146,-0.025433970101765287,-0.08682820152332286,-0.08428216539079138,0.6097780661947109,0.7880781855786128,0.03290197580619658,0.7921640127856742,-0.6094207387637437,52.42850872192673,1.8854846411639323,4.83737312242846,52.42850872192673,1.8854846411639323,4.83737312242846,164.34659981902723,0.9999999999999996,0.10000000000000142
1756296105.9780357,0,-0.014769867592167255,0.11889678776609972,-0.7272874412135945,-0.9969025926227031,-0.02783272939345821,-0.07355650886660624,-0.07533713986257164,0.6064015960807296,0.7915815937906028,0.022572908086020155,0.7946712801185494,-0.6066201615304967,52.64333872464802,1.2934422231291138,4.321697064113181,52.64333872464802,1.2934422231291138,4.321697064113181,181.22746646461755,0.9999999999999996,0.10000000000000142
1756296106.0098288,0,-0.013967445097717992,0.11965597362333982,-0.7296873964226016,-0.9976204411305722,-0.031733422208889805,-0.061208213120093474,-0.06793052842088933,0.6041731001445851,0.7939523338149085,0.01178553125239544,0.7962209837580226,-0.6048911028247197,52.77597085646583,0.6752768332147038,3.895403183058164,52.77597085646583,0.6752768332147038,3.895403183058164,175.32494274636787,0.9999999999999996,0.10000000000000142
1756296106.0425177,0,-0.013476374078515522,0.1194023576735806,-0.7264371869473998,-0.9980571692945663,-0.03195511942227557,-0.05348604642731823,-0.06194481894400638,0.6010763993001986,0.7967873001060586,0.006687766870294074,0.798552460735684,-0.6018880637022737,52.99379397767731,0.38318367246470153,3.5515299359884693,52.99379397767731,0.38318367246470153,3.5515299359884693,181.24845604177926,0.9999999999999996,0.10000000000000142
1756296106.0745687,0,-0.013426397124488322,0.12072154464749014,-0.7300552193011111,-0.9982907847136336,-0.03173372793990774,-0.04907626378274434,-0.05831062977424034,0.5971913549223186,0.7999764721923871,0.003921684736061821,0.801470808025521,-0.59802103999086,53.271375084145504,0.22469655991734874,3.342874903708207,53.271375084145504,0.22469655991734874,3.342874903708207,172.38972291770415,0.9999999999999996,0.10000000000000142
1756296106.1225624,0,-0.012476168196389796,0.12128487081573842,-0.7273531659252523,-0.9985092773786418,-0.035008076200704896,-0.041876695064302354,-0.05449196037363058,0.5952529145419722,0.8016885891566167,-0.0031383504300190324,0.8027754370494985,-0.5962732162579208,53.396340304587795,-0.17981452944682647,3.1237219565530836,53.396340304587795,-0.17981452944682647,3.1237219565530836,184.57748358857359,0.9999999999999996,0.10000000000000142
1756296106.1549842,0,-0.011656601186097987,0.1227658149093877,-0.7335538503226318,-0.9987502546117318,-0.033691491657300024,-0.03691628777257132,-0.049674315602036834,0.5876856734592769,0.8075630078081745,-0.005512828899073178,0.8083875509931003,-0.5886248177888079,53.93988432690449,-0.3158634290242042,2.8473437272568844,53.93988432690449,-0.3158634290242042,2.8473437272568844,165.45813699972595,0.9999999999999996,0.10000000000000142
1756296106.1860478,0,-0.011667772869839546,0.12394278305861826,-0.7350892659112576,-0.9988082778548447,-0.03410383741252928,-0.0349134982833156,-0.04822680209525946,0.579769517080465,0.8133520041310215,-0.007496642468731668,0.8140664809080548,-0.5807233119254572,54.49741883847109,-0.42952999728005414,2.7643421976920024,54.49741883847109,-0.42952999728005414,2.7643421976920024,170.1810631001094,0.9999999999999996,0.10000000000000142
1756296106.2184033,0,-0.010790921685749738,0.12548896888795166,-0.7335228875211048,-0.9989606614159562,-0.03430213025831913,-0.03001600911408224,-0.044268497712001545,0.57326349191426,0.8181743511920867,-0.010858040970537665,0.8186527546512079,-0.5741861808231469,54.954971211820975,-0.6221321463914979,2.5373769224338503,54.954971211820975,-0.6221321463914979,2.5373769224338503,163.48029299855742,0.9999999999999996,0.10000000000000142
1756296106.2517662,0,-0.01026156342786667,0.12680352733632308,-0.7372101892307927,-0.9989548011127906,-0.03905368117788291,-0.02375111197736983,-0.041728499393473326,0.5671037891527199,0.8225886120455331,-0.018655767796426477,0.8227199416053338,-0.5681407044147094,55.37244146320286,-1.0689587707472443,2.391977828819165,55.37244146320286,-1.0689587707472443,2.391977828819165,160.10462268357816,0.9999999999999996,0.10000000000000142
1756296106.2823236,0,-0.010199211130202373,0.12663275041751942,-0.7322844120493284,-0.9989972670406257,-0.039758893127118604,-0.02058375239520915,-0.03937021112662336,0.5612218077815112,0.8267285340099843,-0.02131776069867611,0.8267099327380548,-0.5622243681939045,55.7813779729765,-1.2215102472146504,2.256843213958291,55.7813779729765,-1.2215102472146504,2.256843213958291,160.3254778665653,0.9999999999999996,0.10000000000000142
1756296106.3123531,0,-0.009830717024692563,0.12717749912172438,-0.7395570519528052,-0.9989967747796431,-0.04166297405607305,-0.01642073605763466,-0.03678115955060322,0.5541882729689953,0.8315783212697141,-0.02554584666799261,0.8313480346379882,-0.5551647098128358,56.265454007822,-1.4638284409820157,2.108569104652389,56.265454007822,-1.4638284409820157,2.108569104652389,161.83194080265622,0.9999999999999996,0.10000000000000142
1756296106.3456619,0,-0.01051871610401751,0.12879714568203707,-0.7425001060232088,-0.9988393533749329,-0.0450087422175299,-0.017151072081420488,-0.03903106083066071,0.5477066529056642,0.8357595339888786,-0.028222729137689754,0.8354589370441077,-0.5488276979828464,56.698383032835494,-1.6172580114530448,2.2377751041922807,56.698383032835494,-1.6172580114530448,2.2377751041922807,170.071632042992,0.9999999999999996,0.10000000000000142
1756296106.3781805,0,-0.010243685020874355,0.13243489987002646,-0.7475544157077011,-0.9987222983462792,-0.04678231446205899,-0.019109836197585887,-0.041500356447112065,0.5434938454737018,0.8383866413218729,-0.02883558913371082,0.8381084983376442,-0.5447409052141493,56.97755589741604,-1.6523866019256939,2.3794683683868243,56.97755589741604,-1.6523866019256939,2.3794683683868243,163.48208288088355,0.9999999999999996,0.10000000000000142
1756296106.4106634,0,-0.009286884916753987,0.13300836721426226,-0.7439628305074547,-0.9988464853618689,-0.04489606361034325,-0.017030623962082242,-0.03856595010375541,0.5387804280430991,0.8415630207241104,-0.028607100042410537,0.8412490676547527,-0.5398903962816645,57.30877422106711,-1.639289738282554,2.211119679365794,57.30877422106711,-1.639289738282554,2.211119679365794,168.93344752228148,0.9999999999999996,0.10000000000000142
1756296106.4418364,0,-0.008974148916401005,0.13328288073122158,-0.7398139722671929,-0.9988338236854872,-0.04591199083372013,-0.014935921783204601,-0.03722348385171911,0.5352955194903553,0.8438442504772383,-0.030747437482990567,0.8434161463425014,-0.5363802747836599,57.54520652940275,-1.7619761031649177,2.134250920056985,57.54520652940275,-1.7619761031649177,2.134250920056985,173.0605011953173,0.9999999999999996,0.10000000000000142
1756296106.4769943,0,-0.009561768921970712,0.13488917708497894,-0.7419139179980171,-0.9988212106284894,-0.04554208721521515,-0.016796055808453607,-0.03834945591672908,0.5282457664592278,0.848225046463964,-0.029757493670163233,0.8478692873963443,-0.5293695902301959,58.02128883932015,-1.7052305253586237,2.1987751164174085,58.02128883932015,-1.7052305253586237,2.1987751164174085,157.85571697142072,0.9999999999999996,0.10000000000000142
1756296106.5226767,0,-0.00903333136861045,0.13668253017336066,-0.7478949801204883,-0.9988136949520241,-0.04709820961346104,-0.012367757577315296,-0.03513529480011649,0.5211975640158908,0.8527125015638098,-0.03371518701703523,0.8521354692272279,-0.5222340741940328,58.49781078786158,-1.9321040811033972,2.0146643726099,58.49781078786158,-1.9321040811033972,2.0146643726099,155.53692146524966,0.9999999999999996,0.10000000000000142
1756296106.5539525,0,-0.008575995715641334,0.13808225799706372,-0.7520212089838333,-0.9988932557206565,-0.04605067102900795,-0.00957075616476262,-0.032106999834368585,0.518903189694514,0.8542298404331794,-0.03437156146326654,0.8535917147106322,-0.5198074454448876,58.6600497013475,-1.9697333789147604,1.8409999689336587,58.6600497013475,-1.9697333789147604,1.8409999689336587,169.2511389165032,0.9999999999999996,0.10000000000000142
1756296106.5867872,0,-0.008435447315066468,0.13915682140755806,-0.7507993765570962,-0.9988740871814699,-0.04696889109849525,-0.006669424740047116,-0.029718351975142148,0.509937546936184,0.859697922400996,-0.03697806800343988,0.8589281818019974,-0.5107592397529859,59.2622854793312,-2.119170369368075,1.7041527312126448,59.2622854793312,-2.119170369368075,1.7041527312126448,159.68210646995362,0.9999999999999996,0.10000000000000142
1756296106.618368,0,-0.008155988304260241,0.1396044075710631,-0.7514613854376679,-0.9987112341015058,-0.05067302370192653,-0.0028487801515268522,-0.028194712273334713,0.5072647585758022,0.8613289284047397,-0.042201055428408546,0.8602991975911273,-0.5080397243767375,59.436517303683374,-2.418660640143784,1.6170931122046852,59.436517303683374,-2.418660640143784,1.6170931122046852,170.4575878721134,0.9999999999999996,0.10000000000000142
1756296106.6497533,0,-0.00815933715449638,0.14043094122848856,-0.7495421059890437,-0.998703943940107,-0.050889594799993915,-0.0008255298711999232,-0.0263488005179396,0.5030797915464821,0.8638382163627714,-0.04354506940793225,0.862740385329585,-0.5037686517158625,59.71862413538298,-2.495737844982537,1.5112836434381052,59.71862413538298,-2.495737844982537,1.5112836434381052,158.51581358556808,0.9999999999999996,0.10000000000000142
1756296106.681809,0,-0.008164806723767778,0.14132736139214722,-0.7505616411223018,-0.9986781429492737,-0.05139995777138792,-0.0001055295679982457,-0.025738989828099412,0.4983177895748912,0.8666123037413117,-0.044491248555408945,0.8654694823818424,-0.49898206768148173,60.03461770146332,-2.5500025158921438,1.4763606225823196,60.03461770146332,-2.5500025158921438,1.4763606225823196,163.03858382646678,0.9999999999999996,0.10000000000000142
1756296106.71233,0,-0.008464278633450867,0.14135844788850507,-0.7456646859109263,-0.9985614997698143,-0.05354935082663346,0.002719963879458751,-0.024073966834691242,0.49309164161090535,0.8696442244356626,-0.047910075123105536,0.8683277606984066,-0.49367147446676496,60.380416217919986,-2.746096338367115,1.381056202738904,60.380416217919986,-2.746096338367115,1.381056202738904,156.2380557914437,0.9999999999999996,0.10000000000000142
1756296106.7408779,0,-0.008799374343853113,0.14156980514426362,-0.7443293893395231,-0.9987542925083842,-0.049855914176875404,0.002061799618197871,-0.022657775969202723,0.48993850495379515,0.8714624986491214,-0.044457714563470155,0.8703301954920492,-0.49045780902190234,60.59740439052052,-2.5480792566585535,1.2995912073972988,60.59740439052052,-2.5480792566585535,1.2995912073972988,161.64125005036067,0.9999999999999996,0.10000000000000142
1756296106.7723467,0,-0.008415949100705825,0.14084514763142822,-0.7397725666828459,-0.9987914266685742,-0.048959500421461626,0.004318950316340865,-0.02017297809502553,0.48848899231709625,0.8723368359411435,-0.044818935374813865,0.8711954268150798,-0.4888862764778323,60.700289892655334,-2.5687963352451444,1.1570677776065565,60.700289892655334,-2.5687963352451444,1.1570677776065565,164.20229612290163,0.9999999999999996,0.10000000000000142
1756296106.8048766,0,-0.008685569829991588,0.14179590763845532,-0.7415536613101179,-0.9988327259756814,-0.04807358447089385,0.004702764730373371,-0.01933835853234068,0.487204089786918,0.8730739961676648,-0.04426300271405066,0.871963935820181,-0.4875650533208008,60.78794056047211,-2.536912096436873,1.109162610275689,60.78794056047211,-2.536912096436873,1.109162610275689,160.0880185233239,0.9999999999999996,0.10000000000000142
1756296106.841681,0,-0.00877928601560325,0.14211523862774933,-0.7432558711447305,-0.99899849943165,-0.044458447450777205,0.005044262441429855,-0.017196105056087548,0.4855705221212374,0.874028353097203,-0.041307288754062976,0.8730662715379488,-0.4858487351003532,60.90469584335766,-2.367406882448285,0.9861545844416071,60.90469584335766,-2.367406882448285,0.9861545844416071,159.85665204608907,0.9999999999999996,0.10000000000000142
1756296106.8740127,0,-0.008269517367616913,0.14264604135165035,-0.7415730712034938,-0.9989183925018004,-0.045592511978458705,0.00913060639352585,-0.014057860332139526,0.4833038864839734,0.875339779669797,-0.044321796945763076,0.8742646488112058,-0.4834220745420279,61.0597287723366,-2.5402840669920583,0.8062749714252391,61.0597287723366,-2.5402840669920583,0.8062749714252391,155.17019775413027,0.9999999999999996,0.10000000000000142
1756296106.9236805,0,-0.009254212905676119,0.14340007303796581,-0.7453706048134829,-0.9989536666736448,-0.044935655970844195,0.008506389466203284,-0.014354873805520826,0.484678086143467,0.874574805497125,-0.04342245314705713,0.8735376005844147,-0.48481599698021066,60.96959350453774,-2.488705799356861,0.8232785032045342,60.96959350453774,-2.488705799356861,0.8232785032045342,159.96016173772117,0.9999999999999996,0.10000000000000142
1756296106.9546578,0,-0.009289603994510606,0.14511751877881787,-0.754689155347345,-0.9988790868733687,-0.04668502187441946,0.007815276041866544,-0.015917842359429984,0.4867871949133742,0.8733755487549381,-0.0445779329001013,0.8722721683058298,-0.48698467357546316,60.82562120561927,-2.554974095582396,0.9129713575638334,60.82562120561927,-2.554974095582396,0.9129713575638334,162.89859420828134,0.9999999999999996,0.10000000000000142
1756296106.9865935,0,-0.009591984773074524,0.14614105963000557,-0.7551868034322483,-0.998820659048668,-0.048054418731839056,0.00693281313246117,-0.017431957132637642,0.48820983871153506,0.8725521647762859,-0.045314654672748346,0.8714022757748583,-0.48847175542326665,60.726829026539235,-2.5972278462352203,0.9998553549808094,60.726829026539235,-2.5972278462352203,0.9998553549808094,166.12106080116436,0.9999999999999996,0.10000000000000142
1756296107.0146437,0,-0.009993200486893845,0.14682820659579968,-0.7558421028321068,-0.9987384026763854,-0.0499488861829807,0.005168344851313542,-0.019835400025444542,0.48696491645987644,0.8731962706305246,-0.04613198375588301,0.8719921323649115,-0.4873413189628412,60.79993048228589,-2.644106382772888,1.1377707261262628,60.79993048228589,-2.644106382772888,1.1377707261262628,158.90356847134456,0.9999999999999996,0.10000000000000142
1756296107.0467494,0,-0.010398452333976696,0.1485096385522775,-0.763388858982243,-0.9987329359828838,-0.05025976187754519,0.0025453720793060207,-0.022395178198916236,0.48918057397012793,0.8718949604417355,-0.04506637966875575,0.870733209649356,-0.48968632719046057,60.64730044509767,-2.5829881888881383,1.2845618159070398,60.64730044509767,-2.5829881888881383,1.2845618159070398,166.8688397550878,0.9999999999999996,0.10000000000000142
1756296107.0767927,0,-0.0111471152742273,0.1496955455246182,-0.7640717450810385,-0.9989093783242384,-0.04662417633684397,-0.002498014570452775,-0.024928779970410972,0.4873258062199121,0.8728643162148967,-0.0394792328328471,0.8719746239272238,-0.4879566019656936,60.76864348171942,-2.2625814264374453,1.4295765998714955,60.76864348171942,-2.2625814264374453,1.4295765998714955,159.710867373237,0.9999999999999996,0.10000000000000142
1756296107.1077938,0,-0.010967753086564226,0.14974786756976974,-0.7615782396471571,-0.9989230136949395,-0.04625715505103222,-0.0036177779374973636,-0.0256128024594001,0.4847301020897185,0.8742886894374577,-0.038688461597691196,0.8734397539239191,-0.48539282978277315,60.93795152310645,-2.2172389262769396,1.4687658554133805,60.93795152310645,-2.2172389262769396,1.4687658554133805,169.85204660053526,0.9999999999999996,0.10000000000000142
1756296107.1408136,0,-0.010111601410442317,0.1505260827057687,-0.7653556413393439,-0.9988238852972893,-0.04848208036602386,-0.0005779645408443175,-0.02391689029306254,0.48229464724482113,0.8756825084456715,-0.04217616054523789,0.8746664284870983,-0.48288695401645115,61.09773350048003,-2.4172329973252697,1.3716883244263727,61.09773350048003,-2.4172329973252697,1.3716883244263727,157.58217132551707,0.9999999999999996,0.10000000000000142
1756296107.177962,0,-0.010090621615658324,0.15127746338917286,-0.7690854154795268,-0.9987683389677584,-0.04961327191830084,-0.0005729966369033626,-0.024349367706562014,0.4800512942977592,0.8769024250937713,-0.04323093068482098,0.8758363306535116,-0.48066808562615976,61.2415620213269,-2.477722056375724,1.3965597921907147,61.2415620213269,-2.477722056375724,1.3965597921907147,157.29726402310055,0.9999999999999996,0.10000000000000142
1756296107.2100823,0,-0.01030705845650329,0.1513166440506488,-0.7673316006966816,-0.9986559325553068,-0.05182961605524547,0.00013882239263542095,-0.02484268372849351,0.481017488270515,0.8763589544490837,-0.04548812413429355,0.8751776201877486,-0.48165855508363214,61.17358363393326,-2.6071771737639655,1.4250027320254333,61.17358363393326,-2.6071771737639655,1.4250027320254333,166.87014647407602,0.9999999999999996,0.10000000000000142
1756296107.2424576,0,-0.010718940799713833,0.15387409577277825,-0.7764880014135729,-0.9985295927123126,-0.054208989907017675,0.00019465622182189904,-0.025923388801842924,0.48065629170562546,0.8765258165945973,-0.04760914188275528,0.8752319204971091,-0.48135481191334334,61.19034939918045,-2.728834435445512,1.4871539269451262,61.19034939918045,-2.728834435445512,1.4871539269451262,163.01066748995115,0.9999999999999996,0.10000000000000142
1756296107.274501,0,-0.008975039241418731,0.1530564938877522,-0.768634656002277,-0.9983766481479155,-0.05683567928747074,0.0037113330307839386,-0.023830336727792,0.4760099277399511,0.8791169795564449,-0.051731842074042425,0.8776014210636502,-0.47659160951771695,61.49531517611079,-2.965339853807406,1.3673381781051432,61.49531517611079,-2.965339853807406,1.3673381781051432,161.22232292348448,0.9999999999999996,0.10000000000000142
1756296107.3227105,0,-0.009107434432828299,0.1537097342796663,-0.7709909282987539,-0.9979506869780882,-0.0636119271304971,0.006924527904932046,-0.02396769674549037,0.4719427682982551,0.8813033376560513,-0.059329384563452756,0.8793313062650072,-0.4725002412164444,61.749065288214766,-3.4013207581301748,1.3758033759057753,61.749065288214766,-3.4013207581301748,1.3758033759057753,153.86770005540194,0.9999999999999996,0.10000000000000142
1756296107.3555682,0,-0.010623862070028498,0.15373821833141033,-0.767173319070755,-0.9975912901238068,-0.06924669143294826,0.004063692250769246,-0.028892011254413093,0.4680594952139328,0.8832245244702808,-0.0630624258556058,0.8809796845930493,-0.46893275187337663,61.9742725368541,-3.615610021444398,1.6589235664699515,61.9742725368541,-3.615610021444398,1.6589235664699515,150.3749212895518,0.9999999999999996,0.10000000000000142
1756296107.3876708,0,-0.010812526907387309,0.15343967056635263,-0.768530020557496,-0.9970648047888252,-0.07652551660814058,0.0023707296933391867,-0.03379139782206609,0.46763771303874213,0.8832740858743257,-0.06870164834014209,0.8806013937371163,-0.46885100923811096,61.96820837384965,-3.9394176035083066,1.941061118492314,61.96820837384965,-3.9394176035083066,1.941061118492314,152.25219796338396,0.9999999999999996,0.10000000000000142
1756296107.4178605,0,-0.010846023854973576,0.15421124850758017,-0.7701283659792185,-0.9963020421854353,-0.08591958278018662,-0.0002569669428106672,-0.040245211456891986,0.4640268652664444,0.8849064307969442,-0.07591155176862799,0.881644425834971,-0.465768765271141,62.152708718178175,-4.353599695794098,2.313181851372974,62.152708718178175,-4.353599695794098,2.313181851372974,145.61449329275203,0.9999999999999996,0.10000000000000142
1756296107.4510922,0,-0.011092380063667202,0.15253584390393904,-0.7632214016698338,-0.9957993896334856,-0.0913213613623969,-0.006632085983756426,-0.04817589001796112,0.4609742748546741,0.8861048479402336,-0.07786307999658587,0.8827021733751004,-0.4634373893983086,62.299573198739495,-4.46574602182281,2.7697593613114577,62.299573198739495,-4.46574602182281,2.7697593613114577,141.5304193750635,0.9999999999999996,0.10000000000000142
1756296107.483606,0,-0.01135442064286325,0.1517591323611655,-0.7648277837143274,-0.9954030954284283,-0.09451668461565282,-0.015468482174045013,-0.05742533362115973,0.45974189262702275,0.886193953501276,-0.07664860514061578,0.8830084872145841,-0.4630561551658822,62.327152331447024,-4.395953143983558,3.301764243081493,62.327152331447024,-4.395953143983558,3.301764243081493,133.12694260176985,0.9999999999999996,0.10000000000000142
1756296107.574984,0,0.028403869520330204,0.07703662906849891,-0.7501850435617554,-0.9797799702024232,-0.16478662880039313,0.11347500587680094,0.00250398258941964,0.5570102842055307,0.8305018202029817,-0.20006234043750076,0.8139931880905855,-0.545334896811853,56.17988424955898,-11.540604554469388,-0.14642810259937278,56.17988424955898,-11.540604554469388,-0.14642810259937278,111.68249516348564,0.9999999999999996,0.10000000000000142
1756296107.610472,0,0.026399933245810872,0.0673293495017539,-0.8026948485902426,-0.9615127197798994,-0.189846299071871,0.1986244507359923,0.02858071210996302,0.6498719194586293,0.7595061758764339,-0.2732698896635858,0.7359516771010655,-0.6194341743683351,49.91342602227911,-15.858937381695386,-1.7026006092177113,49.91342602227911,-15.858937381695386,-1.7026006092177113,141.47511672737824,0.9999999999999996,0.10000000000000142
1756296108.7497761,0,0.021202586660460154,0.10301850365694415,-0.99261150944498,-0.9594650936950335,-0.1869763850012338,0.21087096868144511,0.005708503760008879,0.7351800848172878,0.6778478117342176,-0.28176967005978937,0.6515750719141392,-0.7043122735651295,42.77260496697011,-16.36585257877368,-0.3408871419109403,42.77260496697011,-16.36585257877368,-0.3408871419109403,167.63505483956234,0.9999999999999996,0.10000000000000142
1756296108.779461,0,0.02641274948695041,0.10951378864792057,-0.9708508953926857,-0.9497947593578455,-0.19143784721332147,0.2474701310273663,0.005226941299529317,0.7811394860501624,0.6243346718050663,-0.3128299764744807,0.5942833112141191,-0.7409215557880326,38.732635296576404,-18.229861050639943,-0.3153088075143273,38.732635296576404,-18.229861050639943,-0.3153088075143273,188.73726819775794,0.9999999999999996,0.10000000000000142
1756296108.8113215,0,0.014347977205601485,0.12602521509162315,-0.9811082174533345,-0.9564018134207082,-0.1824718520987986,0.22803419585056778,-0.0029944044477175358,0.7868800548832939,0.6170987058557713,-0.2920387043314369,0.5895114947297453,-0.7531199059604767,38.05238807601552,-16.980049767851405,0.17938712997681705,38.05238807601552,-16.980049767851405,0.17938712997681705,145.69940394936125,0.9999999999999996,0.10000000000000142
1756296108.8428082,0,0.006066710358278811,0.14167542571212383,-0.9351196813510312,-0.9724553942797708,-0.15152290066382146,0.17711949839189703,0.001054648574443734,0.75701101635169,0.6534012617362823,-0.2330866659690338,0.6355903804311414,-0.735999642969232,40.813047188108186,-13.478865074815314,-0.06213846809782808,40.813047188108186,-13.478865074815314,-0.06213846809782808,113.64087644231114,0.9999999999999996,0.10000000000000142
1756296108.8764043,0,0.008128996605924945,0.14009188220564464,-0.8429794298822926,-0.9779704443320639,-0.13821036604981005,0.15643434638634485,0.010008364410308002,0.7175020164605331,0.6964845217353358,-0.2085033396729556,0.6827069291368343,-0.7003125061383509,44.27067490860193,-12.034658536040432,-0.5863336936868961,44.27067490860193,-12.034658536040432,-0.5863336936868961,171.48945269346817,0.9999999999999996,0.10000000000000142
1756296108.9229462,0,0.005822691376519695,0.13396887825067946,-0.79435605783092,-0.9838355283524398,-0.12014317212227385,0.1327903285027691,0.01200580530948004,0.6956153206501203,0.7183141278825729,-0.1786715248447455,0.7082972143593593,-0.6829286509880996,46.04465463336584,-10.292389445571677,-0.6991492092626288,46.04465463336584,-10.292389445571677,-0.6991492092626288,184.34694974202796,0.9999999999999996,0.10000000000000142
1756296108.9539516,0,0.0018510138665938664,0.12701990928816362,-0.7740584421180184,-0.9891825652938522,-0.10727881958232852,0.1000455265751365,0.0013113519713348273,0.6755273574675933,0.7373337573099836,-0.14668378531617396,0.7294888924321417,-0.6680792040944292,47.51598052633403,-8.434795648214548,-0.07595654435721144,47.51598052633403,-8.434795648214548,-0.07595654435721144,156.41494775348806,0.9999999999999996,0.10000000000000142
1756296108.9858775,0,-0.000688494997977422,0.12152182918522594,-0.7701341119629656,-0.9936851339063174,-0.089109092557145,0.06818668695006556,-0.009390525638328963,0.6716130328251716,0.7408425960807133,-0.11181087908526595,0.73552396545797,-0.6682086676743747,47.745487259054386,-6.419715359183216,0.5414405954850281,47.745487259054386,-6.419715359183216,0.5414405954850281,160.94781462489524,0.9999999999999996,0.10000000000000142
1756296109.0187068,0,-0.00308497623005031,0.11480447818367912,-0.7589057564876797,-0.9963548571995855,-0.0769906033244544,0.03673480004750837,-0.025637053613274056,0.6809711817492539,0.7318613195879771,-0.08136178474458398,0.7282518085296881,-0.6804627567739581,46.942949550422924,-4.6668454536586,1.4739436614447072,46.942949550422924,-4.6668454536586,1.4739436614447072,162.73842549424586,0.9999999999999996,0.10000000000000142
1756296109.0490088,0,-0.004743018460614548,0.10953134480153257,-0.760185215792601,-0.9978570893925948,-0.0651098403837533,0.0064759427222343645,-0.0405455642427599,0.6929848691186079,0.7198111060499848,-0.051354516541154596,0.7180060444438252,-0.6941397797079175,45.96824707875845,-2.9436919179880183,2.326798613170496,45.96824707875845,-2.9436919179880183,2.326798613170496,158.2031568496354,0.9999999999999996,0.10000000000000142
1756296109.0806165,0,-0.005167266073110508,0.10285706387213772,-0.7538747371336337,-0.9983793025379721,-0.05438076610758528,-0.016777977868150083,-0.0505349967216961,0.7115550437615432,0.7008106975523749,-0.026172167853087656,0.7005227704900536,-0.713149960144996,44.48823697397853,-1.4997260062429691,2.897669281002891,44.48823697397853,-1.4997260062429691,2.897669281002891,161.87221239528577,0.9999999999999996,0.10000000000000142
1756296109.1158135,0,-0.0067121947536135955,0.09763540292678125,-0.7611567118571296,-0.9983883425341904,-0.05057868729932868,-0.025739345036529866,-0.054543669397640084,0.7299109031860682,0.6813626505310805,-0.01567499985562193,0.6816684456546124,-0.7314932840281936,42.9807187985613,-0.8981481181629083,3.1270582529979265,42.9807187985613,-0.8981481181629083,3.1270582529979265,155.14555548875668,0.9999999999999996,0.10000000000000142
1756296109.1453397,0,-0.008067431700766226,0.09274027558959856,-0.7634404388163103,-0.9981667232907682,-0.047656112848807615,-0.03731068778664954,-0.060436586427141,0.7516262759300733,0.6568145555272997,-0.0032575352654793527,0.6578653633074409,-0.7531285097673325,41.137541292076946,-0.18664335242342997,3.4648912119433533,41.137541292076946,-0.18664335242342997,3.4648912119433533,168.14470696890922,0.9999999999999996,0.10000000000000142
1756296109.1795173,0,-0.008371371703603253,0.08790659064749692,-0.7727556039640209,-0.9980155607694872,-0.04497234991579512,-0.04407298724862681,-0.06269232819347288,0.7750729416634694,0.6287540115870579,0.00588323445463668,0.6302693256411799,-0.776354277832076,39.07080068315997,0.33708644872021254,3.5944252330332063,39.07080068315997,0.33708644872021254,3.5944252330332063,159.5602942937353,0.9999999999999996,0.10000000000000142
1756296109.2097754,0,-0.010989794437222368,0.08274001705322633,-0.77729416581106,-0.9974111636879464,-0.046471322850894885,-0.054876103206633955,-0.06992851675531012,0.804704812753106,0.5895423367972747,0.016762252087937333,0.591853512690832,-0.8058712343919865,36.2945615026226,0.9604512801823816,4.010445843757594,36.2945615026226,0.9604512801823816,4.010445843757594,162.44375743533152,0.9999999999999996,0.10000000000000142
1756296109.2420456,0,-0.010930960121108354,0.07787519814538495,-0.763234205055081,-0.9969166686957978,-0.04698429785673626,-0.06284609320699724,-0.07386573388093068,0.8321664144752872,0.5495843083436572,0.026476575207239814,0.5525319306377271,-0.8330710993612978,33.55420890556786,1.5171733092547315,4.237541112145266,33.55420890556786,1.5171733092547315,4.237541112145266,150.24378884911707,0.9999999999999996,0.10000000000000142
1756296109.2741358,0,-0.011090552860574369,0.07077791669652515,-0.7358780018871736,-0.9965190282895852,-0.048466029717283685,-0.06782971487647853,-0.07562459288965832,0.8679451151026131,0.4908688196654839,0.03508200688464727,0.49428971376405895,-0.8685890464770957,29.642992855392293,2.0104634706208886,4.33978729359697,29.642992855392293,2.0104634706208886,4.33978729359697,140.53059993595338,0.9999999999999996,0.10000000000000142
1756296109.3249006,0,-0.012747814715118726,0.06519097778871476,-0.709750933581849,-0.9955637811974611,-0.04766123558570743,-0.08112437482198429,-0.0785046869591195,0.8960355914184461,0.43698653644803104,0.05186300891063645,0.441416612208738,-0.8958022118597924,26.23229126194201,2.9728652619767297,4.508700568120361,26.23229126194201,2.9728652619767297,4.508700568120361,130.47968605897634,0.9999999999999996,0.10000000000000142
1756296109.3547134,0,-0.015017922623062892,0.05932865640776952,-0.6927327161054897,-0.9933575634682041,-0.047768853526658064,-0.10468470630068864,-0.08426968954196774,0.9214890533021678,0.3791524021666946,0.07835413534085568,0.38545565409917554,-0.9193935872073307,22.745862011469086,4.4939676419669565,4.84897375533987,22.745862011469086,4.4939676419669565,4.84897375533987,126.785348191323,0.9999999999999996,0.10000000000000142
1756296109.3859735,0,-0.016232396951576543,0.053479130604133146,-0.6873635058450083,-0.9908685596828464,-0.04861080303063897,-0.12576361660177351,-0.08678060743706695,0.9437980681602269,0.3189268453891541,0.10319216833120207,0.32692842697712926,-0.9393983074443792,19.18886585120211,5.9230196159010715,5.005212853200135,19.18886585120211,5.9230196159010715,5.005212853200135,121.55759603397699,0.9999999999999996,0.10000000000000142
1756296109.4179692,0,-0.01670216826562991,0.04822498879161453,-0.6810469462445666,-0.9881326185763945,-0.04911416205011766,-0.14553943517642431,-0.08612797618109151,0.9616993369539951,0.26022366729641555,0.12718451094495414,0.2696705107874441,-0.9545165874867404,15.776074105540403,7.306926091281714,4.981445972366572,15.776074105540403,7.306926091281714,4.981445972366572,117.55070121828477,0.9999999999999996,0.10000000000000142
1756296109.4499533,0,-0.014839974077055333,0.04381686954013401,-0.6787739713577601,-0.9877342921321257,-0.04744670518910324,-0.14876080906255795,-0.07800846753861074,0.9752460187595027,0.2069054902268596,0.1352614029889015,0.21597225067225168,-0.9669851807556493,12.590149586855489,7.773735823297808,4.515685868511156,12.590149586855489,7.773735823297808,4.515685868511156,119.25094094830285,0.9999999999999996,0.10000000000000142
1756296109.4826303,0,-0.013088758432975961,0.039787142827139015,-0.6763103563115086,-0.9887060276016016,-0.04022951416142636,-0.14436750733664647,-0.0629742038347729,0.9856493028525432,0.15661960744961834,0.13599500224507352,0.16394217876017042,-0.9770508284566014,9.525094371490582,7.816159972972007,3.6444489740148924,9.525094371490582,7.816159972972007,3.6444489740148924,115.5783379518712,0.9999999999999996,0.10000000000000142
1756296109.5118532,0,-0.014323291595755482,0.03522384004294212,-0.664173283224268,-0.9874116576897034,-0.03563932589159463,-0.1541040450749584,-0.05252042745278836,0.9928817144354789,0.10689951281386109,0.1491972619006411,0.11364743547329684,-0.9822547721704866,6.599808940655464,8.580409587759323,3.0446934306712876,6.599808940655464,8.580409587759323,3.0446934306712876,112.38499619344665,0.9999999999999996,0.10000000000000142
1756296109.5407043,0,-0.012262032236492266,0.029300127254955954,-0.6671614006451237,-0.9891845859912978,-0.03310414642179905,-0.1428914634500942,-0.041812728736091605,0.9974184788039164,0.05837871064115545,0.14059000872347774,0.06372200271621904,-0.9880151597100963,3.690178376684372,8.081988937404962,2.4204457065918064,3.690178376684372,8.081988937404962,2.4204457065918064,110.6382757619655,0.9999999999999996,0.10000000000000142
1756296109.5714812,0,-0.013522834659115959,0.02427653239752395,-0.6559639773002333,-0.9892419890995866,-0.03395007987717163,-0.14229433958744694,-0.035609771153429816,0.9993240393539508,0.009132829118314386,0.1418880939356589,0.014101646912245356,-0.9897822550206022,0.8162504298485658,8.157116865571243,2.0615876033876077,0.8162504298485658,8.157116865571243,2.0615876033876077,102.52003823247547,0.9999999999999996,0.10000000000000142
1756296109.6118171,0,-0.016475163570203247,0.01844628807458936,-0.655116039029815,-0.9874648725416748,-0.04011682046278174,-0.1526557113645299,-0.03481085747198673,0.9986985739783079,-0.03727415372291309,0.15395236178220442,-0.03149284124449977,-0.9875762609804015,-1.8264874245469684,8.856041735571257,2.018997994697969,-1.8264874245469684,8.856041735571257,2.018997994697969,101.66921204605808,0.9999999999999996,0.10000000000000142
1756296109.6419082,0,-0.015408638774985956,0.010136016803178353,-0.6476989841126383,-0.9884051502577872,-0.042370671096426366,-0.14580804221550997,-0.027506749586346343,0.994353818749009,-0.10248834990601254,0.14932728374639215,-0.09728930758362751,-0.9839899150696735,-5.646611077343124,8.587943690498282,1.5940973031456167,-5.646611077343124,8.587943690498282,1.5940973031456167,96.71006817519645,0.9999999999999996,0.10000000000000142
1756296109.6743627,0,-0.014141239518899548,0.0012599991753983403,-0.6548128030943773,-0.9905498676565377,-0.04346800194657201,-0.13008263716725885,-0.02066829805689562,0.9849262736246566,-0.17173542726903962,0.13558680297524248,-0.1674239180362862,-0.9765169996105197,-9.728775734297756,7.792553220328416,1.1953304691211883,-9.728775734297756,7.792553220328416,1.1953304691211883,98.67685513125303,0.9999999999999996,0.10000000000000142
1756296109.722881,0,-0.01446215133026285,-0.006648618019041176,-0.680404772580226,-0.9922601792183565,-0.041604669259727285,-0.11699909501079112,-0.013623049098196787,0.9729872589928672,-0.23045651731034977,0.1234266959406414,-0.2270789407526293,-0.9660232944374791,-13.228118401295433,7.089908525569056,0.7865821855484967,-13.228118401295433,7.089908525569056,0.7865821855484967,99.70336368976957,0.9999999999999996,0.10000000000000142
1756296109.7553465,0,-0.014775709420952658,-0.012456685486329885,-0.688053748771352,-0.9935093334318879,-0.04120226971344299,-0.10602630501053438,-0.009533011151474854,0.9589741402366774,-0.28333323147084505,0.11335045691179206,-0.2804834599896869,-0.9531425405416034,-16.39769614646923,6.508491063745614,0.5497528052635801,-16.39769614646923,6.508491063745614,0.5497528052635801,107.37484735641863,0.9999999999999996,0.10000000000000142
1756296109.786218,0,-0.015636945332139416,-0.018641255563936695,-0.6976614479772162,-0.9942273410985574,-0.04186153683122113,-0.0987907179153056,-0.006641202533434351,0.9429929199406744,-0.3327465211999535,0.10708822830266206,-0.33016959986632555,-0.9378273544118383,-19.39502401007323,6.147491713531237,0.3827165086725586,-19.39502401007323,6.147491713531237,0.3827165086725586,105.1642709348864,0.9999999999999996,0.10000000000000142
1756296109.8191516,0,-0.014729738734046567,-0.0232391518554315,-0.7140798271021924,-0.9951559111689398,-0.03980104555054223,-0.0898920977539243,-0.003542523946204957,0.9283049330470879,-0.37180290720290543,0.09824542223232584,-0.3696834159839002,-0.9239491376460433,-21.806956172549917,5.638143024692893,0.20395880818406908,-21.806956172549917,5.638143024692893,0.20395880818406908,112.79556282141196,0.9999999999999996,0.10000000000000142
1756296109.8491728,0,-0.014873216581800358,-0.028471112290686194,-0.7210211105592127,-0.9958948052643449,-0.03780265085252131,-0.08224655880956523,-0.0008186086017559699,0.9123436187864892,-0.4094245365626377,0.09051445590318728,-0.4076764413699863,-0.9086292161406951,-24.164435947015107,5.19320404352672,0.04709614624195524,-24.164435947015107,5.19320404352672,0.04709614624195524,113.47665607038974,0.9999999999999996,0.10000000000000142
1756296109.883157,0,-0.015293326253604128,-0.032794788322252785,-0.7322974303445151,-0.996309166384713,-0.03921461443547147,-0.07635613264483723,-0.0016150084265606525,0.8979510278899523,-0.44009242581435193,0.08582212258841426,-0.438344802097682,-0.8947001719840919,-26.10184422509809,4.923301784902019,0.09287587507478179,-26.10184422509809,4.923301784902019,0.09287587507478179,112.78190199967987,0.9999999999999996,0.10000000000000142
1756296109.9138467,0,-0.015530287799016159,-0.03716459083996492,-0.7305746394969082,-0.9968940787740533,-0.03910712802910266,-0.06835808834766471,-0.0021952852684380478,0.8814567014282845,-0.47225974233440504,0.07872341727733839,-0.4706428752722003,-0.8788048176516187,-28.171222801577557,4.515191497728016,0.1261722584869176,-28.171222801577557,4.515191497728016,0.1261722584869176,112.86079556508913,0.9999999999999996,0.10000000000000142
1756296109.9466767,0,-0.01580507788594273,-0.04109820713051724,-0.7330520179962546,-0.9971708681494025,-0.03998750437320793,-0.06364950281164736,-0.0028507089974205736,0.8662694793263062,-0.4995688767787104,0.07511413430493127,-0.497974084347502,-0.8639326814896446,-29.959312002766467,4.307780216940887,0.16379655125462023,-29.959312002766467,4.307780216940887,0.16379655125462023,113.08672358980522,0.9999999999999996,0.10000000000000142
1756296109.9804242,0,-0.014622370301879307,-0.04442010434629957,-0.728163910886188,-0.9977650929740354,-0.03820249075886446,-0.05482142776627982,-0.003528994435102222,0.8494257153504299,-0.5276964092162156,0.06672604769347258,-0.5263235922901704,-0.8476621442284531,-31.836641856048658,3.8259636041979794,0.20264854458281434,-31.836641856048658,3.8259636041979794,0.20264854458281434,117.12472146662043,0.9999999999999996,0.10000000000000142
1756296110.0104952,0,-0.01372794297842705,-0.04728885909190381,-0.724649682637823,-0.99838041939417,-0.036640346441416,-0.04352037664099941,-0.006369006438445084,0.8321606581021151,-0.5544980386476059,0.05653294550355994,-0.5533228028192114,-0.8310462694417103,-33.656258919571115,3.2408270129886376,0.3655042020342876,-33.656258919571115,3.2408270129886376,0.3655042020342876,112.55686634319166,0.9999999999999996,0.10000000000000142
1756296110.0378456,0,-0.011618415691517739,-0.050297447793846914,-0.7251516907957137,-0.9991242650484911,-0.03126480335360636,-0.027806744911505775,-0.009398126938266305,0.8152824663435971,-0.5789871978573916,0.040772272457706614,-0.5782188272133332,-0.8148623255830845,-35.359161978805844,2.3367268588167716,0.5389290874636004,-35.359161978805844,2.3367268588167716,0.5389290874636004,114.99346288228996,0.9999999999999996,0.10000000000000142
1756296110.070314,0,-0.012239764936676972,-0.05284860679032428,-0.7341995169066099,-0.9994861620942673,-0.027193167056468757,-0.016968896472998797,-0.011632626217449432,0.8010336152331822,-0.598506331857687,0.02986793915484423,-0.5980014037875644,-0.8009383417459456,-36.74597554646135,1.7115613995601247,0.6668129290338527,-36.74597554646135,1.7115613995601247,0.6668129290338527,114.42021494025869,0.9999999999999996,0.10000000000000142
1756296110.118853,0,-0.012088202078300303,-0.05774738920892743,-0.7475053741356312,-0.9996647327480789,-0.024752222754431393,-0.007599313681341054,-0.014750978426378094,0.7856380599731559,-0.618510507070883,0.02127981990471105,-0.6181910434407241,-0.7857397807636396,-38.194361723625406,1.2193359066107312,0.8453909058155489,-38.194361723625406,1.2193359066107312,0.8453909058155489,118.09172689933243,0.9999999999999996,0.10000000000000142
1756296110.1519227,0,-0.011476293817084829,-0.06401801745598898,-0.7449457222063753,-0.9997651319634456,-0.021604387687004036,0.001712116463284309,-0.017580650575703603,0.7622889205633697,-0.6469980852457506,0.01267287005572271,-0.6468762261971004,-0.7624897024521372,-40.31039798077438,0.7261214054426601,1.0074298844378404,-40.31039798077438,0.7261214054426601,1.0074298844378404,122.44820349542726,0.9999999999999996,0.10000000000000142
1756296110.1872356,0,-0.012019884779895141,-0.06931605017236687,-0.7535695221561658,-0.9996726164029841,-0.0227435084786749,0.011721469024523683,-0.02470949214648844,0.7392477382302047,-0.6729801055896003,0.006640859272342065,-0.6730494144887189,-0.7395677011907145,-42.304008382179546,0.3804960053902744,1.4159249485105363,-42.304008382179546,0.3804960053902744,1.4159249485105363,122.35142251242162,0.9999999999999996,0.10000000000000142
1756296110.2140262,0,-0.011758888918071716,-0.0701918237112753,-0.7402972390147783,-0.9996623613711503,-0.017577392600191824,0.019136314358690797,-0.02593746427626896,0.7190468770731956,-0.69447738373413,-0.0015528054524586964,-0.6947392488125768,-0.7192600120641793,-44.006509072630195,-0.08896923458465043,1.486275707309943,-44.006509072630195,-0.08896923458465043,1.486275707309943,118.12396765213481,0.9999999999999996,0.10000000000000142
1756296110.31658,0,-0.00898760444407034,-0.03949182356474297,-0.6199130229881633,-0.9994342801023246,-0.01594822697115742,0.02961036664455817,-0.031811726778742944,0.7340037357026479,-0.6783999778994044,-0.010914842907862897,-0.678958150426839,-0.7340958358234044,-42.76543939222415,-0.6253868505395621,1.8230938801749517,-42.76543939222415,-0.6253868505395621,1.8230938801749517,98.72100320875101,0.9999999999999996,0.10000000000000142
1756296110.3454409,0,-0.011205806180737726,-0.033352158944834225,-0.5794782309302156,-0.9994221322642156,-0.01858244886457677,0.028462152670594508,-0.03285338821090174,0.7429131554905766,-0.6685811082300323,-0.008721033397059269,-0.6691298349298361,-0.7430943463539861,-42.00190251241659,-0.49968474081967973,1.8827708967508556,-42.00190251241659,-0.49968474081967973,1.8827708967508556,86.14376622909332,0.9999999999999996,0.10000000000000142
1756296110.3784318,0,-0.011439155924760679,-0.03281684873928285,-0.5608828545473957,-0.9994727804305396,-0.02121466804764929,0.024578426273360057,-0.032165935658183736,0.7499835675150798,-0.6606738991670457,-0.00441743836182595,-0.6611161670364613,-0.7502705511489424,-41.38554628384759,-0.2531013975564212,1.8433083010275482,-41.38554628384759,-0.2531013975564212,1.8433083010275482,82.68508142442094,0.9999999999999996,0.10000000000000142
1756296110.4120018,0,0.005340960818582874,0.027072855418911933,0.33619545882040647,-0.8282590230475035,0.44139860309443424,-0.3451872881881338,0.5582586066240902,0.5968955552348427,-0.5762490991498541,-0.04831478935610589,-0.6699872904221178,-0.7407986985695265,-42.12657137928514,-2.769311641016569,-33.98054209883739,-42.12657137928514,-2.769311641016569,-33.98054209883739,103.20976190761303,0.9999999999999996,0.10000000000000142
1756296110.440665,0,0.00709122826834563,0.03932923003206479,0.49626696875653015,-0.45862334602384547,0.6910438635726008,-0.5586796981281358,0.8839916345723078,0.29062928954037603,-0.3661876650946012,-0.09068305513199096,-0.6618103917889995,-0.7441663717422465,-41.64769394033715,-5.2029039589098245,-62.57928227919972,-41.64769394033715,-5.2029039589098245,-62.57928227919972,111.97074149083113,0.9999999999999996,0.10000000000000142
1756296110.4715793,0,-0.008475426929483186,-0.027605605813435435,-0.36714050558979994,-0.6449488735516221,0.5933394088830272,-0.48165267192327876,0.7609293455898894,0.4400994550636346,-0.4767588496009639,-0.0709047355586093,-0.6739887354541112,-0.7353310159080276,-42.507707703226146,-4.06595387857606,-49.716039846548455,-42.507707703226146,-4.06595387857606,-49.716039846548455,92.21003104651359,0.9999999999999996,0.10000000000000142
1756296110.51971,0,-0.010041352614057133,-0.04223405185513895,-0.524857127057969,-0.7728700359187816,0.48978448873149943,-0.4034638300726914,0.6320676832977538,0.5378424455806087,-0.5578673206618945,-0.056234787360781996,-0.6861753845263572,-0.7252592573422237,-43.413834554036214,-3.2237165898460622,-39.276947279886315,-43.413834554036214,-3.2237165898460622,-39.276947279886315,96.89918470234447,0.9999999999999996,0.10000000000000142
1756296110.5531762,0,-0.01049935354361825,-0.0465846249162977,-0.5505149250227263,-0.8568314438831054,0.3928684942147866,-0.3339075066939933,0.5141240760408636,0.6021038385259979,-0.6108579229799573,-0.038939840887209254,-0.6950721645165094,-0.7178846529255335,-44.07502781529618,-2.231652760250596,-30.964996043566458,-44.07502781529618,-2.231652760250596,-30.964996043566458,92.58627446744035,0.9999999999999996,0.10000000000000142
1756296110.5825706,0,-0.010192486070591207,-0.04867885671817227,-0.5545609548617482,-0.910511037525685,0.3116806424967896,-0.27170724619834724,0.4125216774193602,0.6399118264944029,-0.6483353453049701,-0.02820489679148218,-0.7024016168869387,-0.7112218025282943,-44.64251239258684,-1.6162358863799178,-24.37366832055727,-44.64251239258684,-1.6162358863799178,-24.37366832055727,91.835066588876,0.9999999999999996,0.10000000000000142
1756296110.6203034,0,-0.010786440250339957,-0.05015039394691939,-0.5553488726161495,-0.9438142890776114,0.2438481703082997,-0.22305303757227224,0.33006279647838105,0.6617862930731194,-0.6731251389462515,-0.016526890626910137,-0.7089266338189263,-0.705088568726208,-45.15551769943525,-0.9469641934018169,-19.27532362303674,-45.15551769943525,-0.9469641934018169,-19.27532362303674,93.63652553957337,0.9999999999999996,0.10000000000000142
1756296110.6498249,0,-0.008371405376134872,-0.052850482603224676,-0.5543639326633015,-0.9658953949652282,0.18753228274517506,-0.17854335303603358,0.2587404101723499,0.6724704225765454,-0.6934240628241614,-0.009974273347473847,-0.7159714894380266,-0.6980582641750499,-45.72579611814379,-0.5714932427289208,-14.99609914917636,-45.72579611814379,-0.5714932427289208,-14.99609914917636,95.70037110829199,0.9999999999999996,0.10000000000000142
1756296110.682142,0,-0.009368394143809534,-0.05516973085877998,-0.5518874885826015,-0.9790849293967133,0.14386449708771593,-0.14386002747786397,0.20339997889197925,0.6761681097722975,-0.7081137874054572,-0.004598871054465867,-0.7225646640991082,-0.6912880416876653,-46.267265128869326,-0.26349683076075814,-11.73597721948758,-46.267265128869326,-0.26349683076075814,-11.73597721948758,88.24497197162516,0.9999999999999996,0.10000000000000142
1756296110.7131445,0,-0.007358233992986785,-0.056456053782679136,-0.5557886926798302,-0.9875828158372,0.11043069225505314,-0.11173738886843948,0.15706025322245643,0.678183228752625,-0.7179133548669803,-0.003501245601922373,-0.7265483951167566,-0.687106375194191,-46.5981802634833,-0.20060700589452857,-9.036359634256172,-46.5981802634833,-0.20060700589452857,-9.036359634256172,89.3516759907569,0.9999999999999996,0.10000000000000142
1756296110.7457075,0,-0.008627789781239844,-0.05715576045202338,-0.5528792713326702,-0.9921513241910097,0.08702008615406244,-0.08979562635098524,0.12501860685124885,0.6761430403815777,-0.7260860395879604,-0.0024693819062830136,-0.7316133497615361,-0.6817153427961743,-47.02200539025114,-0.14148530502885867,-7.18185231688355,-47.02200539025114,-0.14148530502885867,-7.18185231688355,91.81062078406063,0.9999999999999996,0.10000000000000142
1756296110.7782896,0,-0.008280739084045124,-0.058748249613430316,-0.5541840626044773,-0.9951943186602179,0.06904608616614516,-0.06943274509597025,0.09785453246402154,0.6754082211264083,-0.730922858659591,-0.0035719158266226403,-0.7342045851259701,-0.6789188969216644,-47.240442525482024,-0.20465613683007336,-5.615674190424215,-47.240442525482024,-0.20465613683007336,-5.615674190424215,83.92945046529886,0.9999999999999996,0.10000000000000142
1756296110.8082798,0,-0.05573379964392305,-0.3958882065166869,-3.802019070058765,-0.9830541470912282,0.1305099717040991,-0.12873108083339227,0.18331378575298404,0.696904515375447,-0.6933398534645351,-0.0007744931550279777,-0.7051888000635781,-0.7090191509580288,-44.84481603041422,-0.04437519348120864,-10.562841491422773,-44.84481603041422,-0.04437519348120864,-10.562841491422773,20.33382802645663,0.9999999999999996,0.10000000000000142
1756296110.8773763,0,-0.008727513612355221,-0.037578342545420695,-1.3136134096667278,-0.9846095007238146,0.16868199141368173,-0.045722170301897985,0.1649596191406386,0.8105662700942461,-0.5619347345007938,-0.05772742101788905,-0.5608285901754803,-0.8259169675605454,-34.177975068376895,-3.3093773835763054,-9.510896140603279,-34.177975068376895,-3.3093773835763054,-9.510896140603279,130.51901371616566,0.9999999999999996,0.10000000000000142
1756296110.9189072,0,-0.023168332340025445,0.01938364129715241,-0.856332795580599,-0.981187895928662,0.1807763287821511,-0.06775124969425086,0.1895379969889583,0.8353584242675169,-0.5159957855474258,-0.036683246591581294,-0.5191302552898829,-0.8539075579137136,-31.297370330908564,-2.102266878036038,-10.933272723867503,-31.297370330908564,-2.102266878036038,-10.933272723867503,135.2764920688066,0.9999999999999996,0.10000000000000142
1756296110.9526584,0,-0.018712869117176022,0.035705590646645885,-0.7805174539570864,-0.9796239432620808,0.19211103795111395,-0.05856858274704209,0.19854900617171223,0.8824268149089687,-0.42649877898751143,-0.030252635188968844,-0.4294371495655196,-0.9025898917211319,-25.44432239977789,-1.733612824162703,-11.457436917012728,-25.44432239977789,-1.733612824162703,-11.457436917012728,126.5250359067953,0.9999999999999996,0.10000000000000142
1756296110.9862602,0,-0.02392559605929953,0.028395219038037087,-0.7518051117741428,-0.9771996747744689,0.19550645974631753,-0.08281316210684198,0.2121830768397498,0.8850884539967576,-0.4142424054879541,-0.00769009255402079,-0.42236909545928103,-0.9063913115632893,-24.98503846449637,-0.44061419028847787,-12.25068474647128,-24.98503846449637,-0.44061419028847787,-12.25068474647128,139.04806353547664,0.9999999999999996,0.10000000000000142
1756296111.0137672,0,-0.018959566481182816,0.03418795895094881,-0.7763569216843401,-0.9763578468592489,0.2022827972397445,-0.07620383728682002,0.21614413445253675,0.909269897779122,-0.35568239503032567,-0.0026585744555023827,-0.3637443098298712,-0.9314950397335755,-21.330404870005594,-0.15232527526157144,-12.48270463396699,-21.330404870005594,-0.15232527526157144,-12.48270463396699,135.79414666859003,0.9999999999999996,0.10000000000000142
1756296111.0482066,0,-0.014904555016446473,0.037104578972333074,-0.7643687978335277,-0.977159260100944,0.20474577550185674,-0.056911754612902016,0.21247105431875424,0.9362861156394269,-0.2796861826002688,-0.003978878692907684,-0.2853900437558696,-0.9584031987891997,-16.582299834320793,-0.2279735578271431,-12.267300389784566,-16.582299834320793,-0.2279735578271431,-12.267300389784566,126.71790701253174,0.9999999999999996,0.10000000000000142
1756296111.0826015,0,-0.014331718381985725,0.036310116464736794,-0.7021184308686138,-0.9788132384304904,0.20039017003381027,-0.042052634008308096,0.2047452537664755,0.9558887246561363,-0.2106089436262547,-0.0020063233332734513,-0.21475689937481873,-0.9766654743757437,-12.401290878088304,-0.1149539364565944,-11.814610978527327,-12.401290878088304,-0.1149539364565944,-11.814610978527327,134.11627091004306,0.9999999999999996,0.10000000000000142
1756296111.1145039,0,-0.019027828507133505,0.03239472630268425,-0.6862180757432503,-0.9802022512605658,0.1917367245125642,-0.049402177046279486,0.19750656476912762,0.9644248570621757,-0.17571525816986,0.01395361948804984,-0.18199374591945516,-0.9832006778625549,-10.486943978641534,0.7995094515758122,-11.39231143117209,-10.486943978641534,0.7995094515758122,-11.39231143117209,128.27049020819697,0.9999999999999996,0.10000000000000142
1756296111.1463132,0,-0.019988019104440768,0.034963117790887274,-0.7148332807404081,-0.9806235196498877,0.18864988394986845,-0.052808465184737675,0.19375694914931565,0.9737639180539716,-0.1193401715790956,0.02890946844575313,-0.12725978619296682,-0.9914480266016491,-7.314348233280214,1.6566213401554433,-11.176848845397444,-7.314348233280214,1.6566213401554433,-11.176848845397444,136.51484420459337,0.9999999999999996,0.10000000000000142
1756296111.1775963,0,-0.008654141131814,0.03359677530850043,-0.7222943932423842,-0.9824194330599495,0.1865532765040158,-0.007066298308461428,0.18659967105128852,0.9800978935977388,-0.06773980904037769,-0.0057114192385824955,-0.06786747373294624,-0.9976779970007305,-3.891574668936272,-0.32724199653958946,-10.754588511779701,-3.891574668936272,-0.32724199653958946,-10.754588511779701,118.64299751937011,0.9999999999999996,0.10000000000000142
1756296111.2093384,0,-0.02336620333294288,0.02202576231725486,-0.7169355224571704,-0.9808982677237864,0.1901100317812382,-0.04119179763753517,0.19343646822412064,0.9756407252914016,-0.103477088835388,0.02051636267601583,-0.10946849304253994,-0.9937785104808524,-6.286005866851383,1.175583473455311,-11.15577909248276,-6.286005866851383,1.175583473455311,-11.15577909248276,132.76789357187488,0.9999999999999996,0.10000000000000142
1756296111.241398,0,-0.02351017847828168,0.021064849646375203,-0.7281287738532157,-0.9791707715347638,0.19503069605148898,-0.056459080489208974,0.20015297201322751,0.9738994950550429,-0.10704466976830095,0.03410847352619914,-0.11611546464276044,-0.9926498934188773,-6.671867255114563,1.954650706540805,-11.552719183565927,-6.671867255114563,1.954650706540805,-11.552719183565927,136.84124571466776,0.9999999999999996,0.10000000000000142
1756296111.275954,0,-0.024755919094800682,0.01712661375971006,-0.7251158911611811,-0.9784989980885825,0.19197241253191966,-0.0754075829496924,0.2006369725174132,0.9706892881907572,-0.13231444006898063,0.047796610744770075,-0.14459909618803135,-0.9883352596072434,-8.32364499610415,2.7395878520593513,-11.587636798981833,-8.32364499610415,2.7395878520593513,-11.587636798981833,139.01751768276725,0.9999999999999996,0.10000000000000142
1756296111.3178408,0,-0.03129196990732159,0.02086416614312714,-0.7225554873417929,-0.9751922870268798,0.1924065719671294,-0.1094518816062186,0.20371566762089377,0.9735230192090992,-0.10369598755869713,0.08660213674648778,-0.12342059039665057,-0.9885683728387656,-7.116430153214992,4.9681603224482895,-11.799289793625519,-7.116430153214992,4.9681603224482895,-11.799289793625519,135.52779181079933,0.9999999999999996,0.10000000000000142
1756296111.352122,0,-0.030912074908299184,0.022234827609382515,-0.7120705840791803,-0.9712634506122152,0.1988079105800237,-0.1308538275926941,0.21053675785014828,0.9740742188561459,-0.08278701440284922,0.1110026265401015,-0.10795754188844256,-0.9879390598870986,-6.236281159928751,6.373115811007242,-12.230551123730379,-6.236281159928751,6.373115811007242,-12.230551123730379,133.28585772477487,0.9999999999999996,0.10000000000000142
1756296111.381646,0,-0.02867089531841018,0.02526526229446974,-0.7127473350957392,-0.970238755870215,0.19970891620665243,-0.136941978206034,0.20874621619287131,0.9764212996956263,-0.0550132959007444,0.12272641864153232,-0.08196215155953447,-0.9890502676199806,-4.737251167855362,7.049478206494767,-12.142057755526736,-4.737251167855362,7.049478206494767,-12.142057755526736,144.02992703464741,0.9999999999999996,0.10000000000000142
1756296111.4152858,0,-0.029833020385518272,0.020844265477793306,-0.7242520162382743,-0.9697702623474459,0.19408543738141185,-0.1479070020757371,0.20586083952628517,0.9761580126582409,-0.06882477077801917,0.13102271946536254,-0.09719247563252971,-0.9866036031073074,-5.626179198821006,7.5286953473582585,-11.984725699627091,-5.626179198821006,7.5286953473582585,-11.984725699627091,138.09889209912893,0.9999999999999996,0.10000000000000142
1756296111.4503467,0,-0.028894619794331708,0.021764634824125977,-0.7553150916874206,-0.9702068045447698,0.1921908017712752,-0.14751763328342024,0.20477853993716008,0.9759023780918585,-0.07536775182968423,0.12947782047992698,-0.10333075122716535,-0.9861836795722174,-5.9815345531727075,7.439418611011613,-11.91831333652766,-5.9815345531727075,7.439418611011613,-11.91831333652766,138.85359687704945,0.9999999999999996,0.10000000000000142
1756296111.6135495,0,-0.006740073379113726,-0.036284931620738405,-0.6565874135001741,-0.9846601481822282,0.1394633137332371,-0.10485407337961328,0.1573337276336048,0.9694854114774248,-0.18800035925860173,0.0754353413902748,-0.201613543828269,-0.9765559319436546,-11.665032723356376,4.326236390624114,-9.078254394227514,-11.665032723356376,4.326236390624114,-9.078254394227514,106.27334214188251,0.9999999999999996,0.10000000000000142
1756296111.6720645,0,-0.018437880449688655,-0.059718708100357475,-0.6133805311623673,-0.9895727386896073,0.1038253279312362,-0.09983033668340367,0.12867329687255383,0.9486979882223864,-0.288817087123918,0.06472231079232334,-0.2986510144345211,-0.9521652136383337,-17.41427378927,3.710909149520405,-7.408554241321099,-17.41427378927,3.710909149520405,-7.408554241321099,59.70940600933814,0.9999999999999996,0.10000000000000142
1756296111.7239654,0,-0.024685022668164407,-0.05243972194687994,-0.6540240572615148,-0.9914075887986332,0.07684137502780546,-0.10586026618290933,0.1099133507841993,0.9281303828589552,-0.35565861121794723,0.07092283265542779,-0.36423810275412644,-0.9286013979691204,-21.41728450821381,4.0669933828506775,-6.326316354672969,-21.41728450821381,4.0669933828506775,-6.326316354672969,91.47671357641926,0.9999999999999996,0.10000000000000142
1756296111.7536466,0,-0.025914722351377244,-0.040386118740921725,-0.6773870944126489,-0.9931567883520103,0.05683628760683049,-0.1020256348247532,0.09239047803467249,0.9167319371898677,-0.3886728121500616,0.07143943811960553,-0.39543923900794925,-0.9157096783009171,-23.35657478496728,4.096667968337955,-5.314763016054542,-23.35657478496728,4.096667968337955,-5.314763016054542,103.43224039984274,0.9999999999999996,0.10000000000000142
1756296111.7806542,0,-0.028731881692668187,-0.027857496322624808,-0.6793276771148243,-0.9935335127272125,0.038179756827809455,-0.10692738309944441,0.07739002413412974,0.9168245962628563,-0.3917185773638639,0.08307793481090409,-0.39746064692749133,-0.9138506939820832,-23.505644645258116,4.7655076708661515,-4.453988011729791,-23.505644645258116,4.7655076708661515,-4.453988011729791,107.04968191669536,0.9999999999999996,0.10000000000000142
1756296111.8161983,0,-0.029345368514912137,-0.016551396579588425,-0.6501732222368815,-0.9939272306901981,0.019801936800841854,-0.10824298310490794,0.06046743336092453,0.9201347847357229,-0.38690524346677857,0.09193666077934347,-0.3911008325461357,-0.9157443907480207,-23.126608528341336,5.2750315875955325,-3.4814057508797873,-23.126608528341336,5.2750315875955325,-3.4814057508797873,101.03139584667936,0.9999999999999996,0.10000000000000142
1756296111.848595,0,-0.03495988793521786,-0.008630752910453062,-0.6530099506108155,-0.9921069925260178,-0.0011417829374147821,-0.12538904143785373,0.04416539454344244,0.9326995590018188,-0.3579398700377407,0.11735899328897653,-0.3606525044548235,-0.9252873271177235,-21.29451986100446,6.739706956014648,-2.5489399007475697,-21.29451986100446,6.739706956014648,-2.5489399007475697,106.24877891274184,0.9999999999999996,0.10000000000000142
1756296111.881772,0,-0.03820774882513839,-0.0023561473672839843,-0.6414126748422636,-0.9887194398897892,-0.02085555544980043,-0.14832031213189176,0.028344357132202604,0.9463121931381737,-0.32200905350126696,0.1470729975311024,-0.32258065491423993,-0.9350461242485935,-19.033872645139724,8.457340373141728,-1.6420910704827634,-19.033872645139724,8.457340373141728,-1.6420910704827634,104.87194319480287,0.9999999999999996,0.10000000000000142
1756296111.9142833,0,-0.04029492704484299,0.002314896718790177,-0.634193012737988,-0.984426329577993,-0.03187899097351713,-0.1728829996503742,0.01734661432473525,0.9610066100697353,-0.2759807789932934,0.17493969419508473,-0.2746816800166814,-0.9454872172896595,-16.199566949349133,10.075148702876444,-1.0095066651833235,-16.199566949349133,10.075148702876444,-1.0095066651833235,104.72457851190839,0.9999999999999996,0.10000000000000142
1756296111.9469037,0,-0.04290771374361136,0.005284258854927795,-0.6278814195127641,-0.9792178005934387,-0.04000760230779171,-0.19882628286655218,0.0067092391760863665,0.9734234971745694,-0.22891413512081146,0.20270048127872492,-0.22549076900399415,-0.9529251953765103,-13.313028024163629,11.694920426126314,-0.3925634042768422,-13.313028024163629,11.694920426126314,-0.3925634042768422,105.89924733533066,0.9999999999999996,0.10000000000000142
1756296111.9768472,0,-0.046424681157396265,0.0070815600606265435,-0.6099508850374183,-0.9719210501271549,-0.045844826482127024,-0.23079801603253036,-0.001485528197047753,0.9820129921478136,-0.18880751165902893,0.2353024979164145,-0.1831631380428994,-0.9545072023492402,-10.862606024457904,13.609454655480908,0.08757339883473492,-10.862606024457904,13.609454655480908,0.08757339883473492,100.59230466015703,0.9999999999999996,0.10000000000000142
1756296112.0103767,0,-0.047426330270621535,0.007966554716979681,-0.597038909279978,-0.9660657163557349,-0.046380663624508156,-0.25409814191337704,-0.0061571901034281375,0.987601937478269,-0.15685822292503385,0.2582230057375034,-0.14997082093167188,-0.954373947767315,-8.930459565747753,14.964647679479292,0.36516794245426354,-8.930459565747753,14.964647679479292,0.36516794245426354,100.01837181144275,0.9999999999999996,0.10000000000000142
1756296112.041447,0,-0.048873235149211144,0.008227205982142587,-0.5795756133439859,-0.9613243197325655,-0.04561489379596394,-0.27161523108011326,-0.010116053669163596,0.9913720930016475,-0.1306867961031098,0.27523302445179615,-0.12288472110688181,-0.9534915456204115,-7.343723289215944,15.975901375643181,0.6029034904791502,-7.343723289215944,15.975901375643181,0.6029034904791502,98.1201230624995,0.9999999999999996,0.10000000000000142
1756296112.0731976,0,-0.05170958273771487,0.006706538836692217,-0.5718825872997131,-0.9580555996957589,-0.042793014484419106,-0.2833694157860655,-0.013517939351950208,0.9944360250964437,-0.1044713228884473,0.2862633983017682,-0.09625876532410704,-0.9533034757573278,-5.765835406309037,16.634382778424104,0.8083763409435676,-5.765835406309037,16.634382778424104,0.8083763409435676,93.98407238567829,0.9999999999999996,0.10000000000000142
1756296112.1182687,0,-0.05450575820644474,0.0056531555069856895,-0.5627829091957312,-0.9550559476832077,-0.041471610700583555,-0.2935102081714184,-0.017422246612392424,0.9963064378366304,-0.08408297835032547,0.295913166516644,-0.07519034134237965,-0.9522509177999827,-4.5147441187164645,17.212302904932233,1.045080654557779,-4.5147441187164645,17.212302904932233,1.045080654557779,93.60121040354178,0.9999999999999996,0.10000000000000142
1756296112.1488216,0,-0.0581790094473851,0.00420894266844845,-0.5558991169463329,-0.9506370472807231,-0.039373677493176745,-0.30779687759633223,-0.01862270585428311,0.9973683916175249,-0.070067726015167,0.30974570079995145,-0.06087696545438979,-0.9488685872727645,-3.6709184929846117,18.04390591358201,1.1222642681718753,-3.6709184929846117,18.04390591358201,1.1222642681718753,91.84623857243662,0.9999999999999996,0.10000000000000142
1756296112.1864114,0,-0.059969750553279896,0.004113453605600268,-0.5503470445529353,-0.9472835994137175,-0.03568063520333743,-0.3184033205751443,-0.01692820241957824,0.9979653719718112,-0.06146993011226449,0.3199487744071441,-0.05283946079069366,-0.9459602386668878,-3.1971061328150654,18.659827007455778,1.023781397262809,-3.1971061328150654,18.659827007455778,1.023781397262809,90.19179132381551,0.9999999999999996,0.10000000000000142
1756296112.216915,0,-0.0639152309366261,0.003772450471830141,-0.5474958146705899,-0.9413090789753481,-0.036777950081183036,-0.33553628749571646,-0.019436200420719314,0.9983028163050344,-0.054897368522021844,0.3369858334586006,-0.045153840869443795,-0.9404263281634292,-2.7489013112790417,19.693340781359463,1.1828782482623978,-2.7489013112790417,19.693340781359463,1.1828782482623978,93.25010888787445,0.9999999999999996,0.10000000000000142
1756296112.2505813,0,-0.06586851396378055,0.006281709014948171,-0.5398167322398529,-0.934831709447536,-0.038284449563716086,-0.35302121173238404,-0.023909091156766774,0.998701115642108,-0.044993743734727934,0.35428523871515566,-0.03362116203839825,-0.9345328175573788,-2.0604094379984588,20.749644678094555,1.4650673768621516,-2.0604094379984588,20.749644678094555,1.4650673768621516,91.93929907557951,0.9999999999999996,0.10000000000000142
1756296112.282652,0,-0.06736810009991509,0.007820184676209886,-0.5369821888248298,-0.9299832666491891,-0.037566945645410625,-0.36567724614388913,-0.024705736829992966,0.9989026433426434,-0.0397886377093665,0.3667707053735219,-0.027968441464530272,-0.9298908623929233,-1.722772817073178,21.51659563499674,1.521749521277144,-1.722772817073178,21.51659563499674,1.521749521277144,90.9956731244572,0.9999999999999996,0.10000000000000142
1756296112.31373,0,-0.0685866152652194,0.009501789044930384,-0.5355564655861983,-0.9259916476917933,-0.036178416831674845,-0.3758065866381159,-0.024944819124636138,0.9990858461084711,-0.03471639532786196,0.3767190258055429,-0.022772664782031868,-0.9260476128876141,-1.4086907034401008,22.130599041494992,1.5430887390172927,-1.4086907034401008,22.130599041494992,1.5430887390172927,91.16583064348382,0.9999999999999996,0.10000000000000142
1756296112.342553,0,-0.06989350619085107,0.012310551030822146,-0.5322083317217408,-0.92048068605362,-0.032062726443987735,-0.38947052285793743,-0.024232886798157133,0.9993936600915324,-0.025001587275180946,0.39003599039022646,-0.013575483115852544,-0.9206995342990495,-0.8447506465730896,22.956738846724644,1.508039796962322,-0.8447506465730896,22.956738846724644,1.508039796962322,91.59107463012843,0.9999999999999996,0.10000000000000142
1756296112.3749118,0,-0.0696227504912012,0.012956453498341146,-0.5354544760346366,-0.9199878722084178,-0.03165189387422276,-0.39066670270654436,-0.025172178543826695,0.999447647349361,-0.021697042083786686,0.3911376693912084,-0.010127083588222207,-0.9202764615924997,-0.6304798097354478,23.025307050069383,1.5673030940440356,-0.6304798097354478,23.025307050069383,1.5673030940440356,92.02239408145925,0.9999999999999996,0.10000000000000142
1756296112.409962,0,-0.0701048974036289,0.014608928686238217,-0.531290397361497,-0.9162179202424636,-0.030986988346670682,-0.39948032389565563,-0.028668783263000364,0.9995195694010499,-0.011778423093049505,0.39965337918350413,0.0006610125135481119,-0.9166661003711567,0.041316266251925526,23.556511327533347,1.792220475837098,0.041316266251925526,23.556511327533347,1.792220475837098,93.31628556856228,0.9999999999999996,0.10000000000000142
1756296112.441496,0,-0.07010578636016643,0.01499020345070952,-0.536424986725006,-0.9149945952021477,-0.030638294108658353,-0.4023011132037413,-0.032087632771046926,0.9994801337673487,-0.0031378380381131654,0.40218810844430564,0.01003778553837177,-0.9155020307391335,0.6281796034405431,23.715039153899546,2.008463038287289,0.6281796034405431,23.715039153899546,2.008463038287289,95.54153341580401,0.9999999999999996,0.10000000000000142
1756296112.4725463,0,-0.06910295293352178,0.014962683072708923,-0.5400532786449375,-0.9155758471357519,-0.030243395377730353,-0.40100649019395784,-0.033699683099344,0.9994307756977331,0.0015671462062522342,0.40073083173204216,0.014948632855691544,-0.9160738719530711,0.9348782751256692,23.623874250475097,2.107939368944301,0.9348782751256692,23.623874250475097,2.107939368944301,95.93995470724568,0.9999999999999996,0.10000000000000142
1756296112.5185754,0,-0.06825601631805857,0.01488545339654994,-0.5409404667825702,-0.9162900877764364,-0.03129421559204665,-0.3992908051948218,-0.03623423257515376,0.9993316621660111,0.004827979101791175,0.3988728562240608,0.018891825295512622,-0.9168116183298856,1.1804700907418066,23.50773416938333,2.264552983322176,1.1804700907418066,23.50773416938333,2.264552983322176,95.84564180809166,0.9999999999999996,0.10000000000000142
1756296112.5511227,0,-0.06666561645820045,0.014622511101003715,-0.5431836115430644,-0.9191681906420386,-0.03243570556107547,-0.392527403268353,-0.03653006764658569,0.9993281594178394,0.002963773319488644,0.39216755535048653,0.01706325875407908,-0.9197355346680449,1.0628496253789592,23.089438426541648,2.2758814039690094,1.0628496253789592,23.089438426541648,2.2758814039690094,93.59815415233712,0.9999999999999996,0.10000000000000142
1756296112.5816653,0,-0.06698783642668518,0.014899222198712635,-0.5448588448981394,-0.9193975907313249,-0.035116353125887394,-0.39175874195807453,-0.04057695476261922,0.9991603542493536,0.005665442480404313,0.3912308537163545,0.021105170917204034,-0.92005053712333,1.3140856242992243,23.031108415646443,2.5270683096184143,1.3140856242992243,23.031108415646443,2.5270683096184143,95.06619695601262,0.9999999999999996,0.10000000000000142
1756296112.617916,0,-0.06692316455218887,0.015698098461689732,-0.5425693065308065,-0.9177427023791384,-0.03651482422007612,-0.39549336257643264,-0.04362489925047481,0.9990074777019354,0.008995980269158163,0.39477233995712335,0.025509353339394997,-0.9184247778108904,1.5909877927666116,23.25177624618175,2.7215062891728508,1.5909877927666116,23.25177624618175,2.7215062891728508,94.2471696570009,0.9999999999999996,0.10000000000000142
1756296112.6498163,0,-0.0662757868685582,0.016038210688075472,-0.5437664777346575,-0.9184873403363107,-0.038460212497494824,-0.39357568229830714,-0.045887948405044864,0.9989016474524568,0.00947601751495813,0.3927789477977484,0.026763982727079236,-0.9192433776728981,1.6677086904597047,23.12752453339326,2.8601390726211378,1.6677086904597047,23.12752453339326,2.8601390726211378,94.84776965144931,0.9999999999999996,0.10000000000000142
1756296112.682111,0,-0.0660250292513655,0.01677421524630917,-0.5468046143662426,-0.920357843186792,-0.039038711348104424,-0.38912391278464964,-0.04566033935723526,0.9989267334516907,0.007779113401729897,0.38840259254327636,0.02492709794208392,-0.9211525747094493,1.5500896149075913,22.85514050018503,2.840201282656807,1.5500896149075913,22.85514050018503,2.840201282656807,94.58339427645873,0.9999999999999996,0.10000000000000142
1756296112.7135916,0,-0.06661887034108588,0.017738017076996612,-0.5463118194839037,-0.921023102816223,-0.04007149877336712,-0.387441245951994,-0.04650132310568253,0.9988920540900215,0.007231267194531307,0.3867222142936689,0.024676694711282268,-0.9218660367482512,1.5333387405890448,22.75069912244184,2.8903391336909863,1.5333387405890448,22.75069912244184,2.8903391336909863,96.21581183035056,0.9999999999999996,0.10000000000000142
1756296112.7469294,0,-0.0679442702182339,0.017551008709375884,-0.5480212462294615,-0.9206448963607878,-0.04144767306262188,-0.38819462284082207,-0.047606554664111796,0.9988465688494734,0.006256824326071957,0.3874875362612932,0.02424092191581003,-0.9215561767721079,1.5067798899805496,22.798256631402108,2.9601286902211825,1.5067798899805496,22.798256631402108,2.9601286902211825,96.09824453962399,0.9999999999999996,0.10000000000000142
1756296112.7787461,0,-0.06871236880522005,0.01784368734374272,-0.5466397192797839,-0.920699918888807,-0.04218906494119023,-0.38798420348969437,-0.04765522987189969,0.9988538287693733,0.004473010017852419,0.3873507950475911,0.02260777636459283,-0.9216551687175891,1.4051572738517848,22.789758244168002,2.962973108605013,1.4051572738517848,22.789758244168002,2.962973108605013,95.16215415289055,0.9999999999999996,0.10000000000000142
1756296112.8133721,0,-0.06883566345480752,0.01818474004736162,-0.5506790920925235,-0.9227046427348474,-0.04024477917673597,-0.3834012259038482,-0.04803826376125345,0.9987874332989802,0.010769786387821546,0.3825028986692285,0.028355261117662473,-0.9235190911272962,1.7586280302941475,22.488804384175403,2.9802678937870155,1.7586280302941475,22.488804384175403,2.9802678937870155,98.77388534297248,0.9999999999999996,0.10000000000000142
1756296112.8428597,0,-0.07103147934989186,0.017904419679596766,-0.5543950246571644,-0.9231386330761916,-0.0410463633137146,-0.3822698787256713,-0.05018639027439736,0.998642232015326,0.013964908401915936,0.38117763621892453,0.032076291777051985,-0.9239451938033917,1.9883195870371821,22.40664724579826,3.1118191785146223,1.9883195870371821,22.40664724579826,3.1118191785146223,99.26815774308453,0.9999999999999996,0.10000000000000142
1756296112.873762,0,-0.07189716260518657,0.017570358641158072,-0.550511399273609,-0.9226925054070461,-0.04343897351966021,-0.383081709358756,-0.05070882228784679,0.9986738731800571,0.008894401032282404,0.3821873307788312,0.027632419494169405,-0.9236716373176403,1.713540720392416,22.469236932915006,3.1456652049435263,1.713540720392416,22.469236932915006,3.1456652049435263,97.85587865882091,0.9999999999999996,0.10000000000000142
1756296112.9232583,0,-0.07148691837200351,0.017935727268233056,-0.5509169154947634,-0.9238950972117063,-0.04225941841040404,-0.3803051286845689,-0.05019761533875823,0.9986790051135496,0.010974705449949669,0.37933896288474533,0.02922988711961603,-0.9247959585424778,1.8103364300249325,22.292742511714295,3.109970372630613,1.8103364300249325,22.292742511714295,3.109970372630613,101.97356191397648,0.9999999999999996,0.10000000000000142
1756296112.9531906,0,-0.07239610373384242,0.016803192802684018,-0.5515369910983169,-0.9251299630848022,-0.0456312292876052,-0.3768983182722022,-0.05050968336307017,0.998718867704949,0.0030651552500848677,0.3762755948626946,0.021872681679362786,-0.9262495681547596,1.3527450094389053,22.10317434787039,3.1250974305899035,1.3527450094389053,22.10317434787039,3.1250974305899035,95.46964361465338,0.9999999999999996,0.10000000000000142
1756296112.9869735,0,-0.07465399843589214,0.016505108319155658,-0.5427112404692537,-0.918907756763291,-0.04875817961749936,-0.391447537328624,-0.05194348685549507,0.9986470086982387,-0.002454830208662137,0.3910376052677668,0.018077387489568806,-0.9201971524233284,1.1254379479611032,23.01907764765641,3.235339644483105,1.1254379479611032,23.01907764765641,3.235339644483105,83.7806143415648,0.9999999999999996,0.10000000000000142
1756296113.0205266,0,-0.07389317909253847,0.015433680350510728,-0.5402639652395202,-0.917078696186908,-0.04954711818834844,-0.39561565701998064,-0.049133969023906675,0.9987295817198794,-0.011183724137892136,0.39566718095904657,0.009181812286500045,-0.918348069217253,0.5728346161808417,23.307590924864748,3.066781611380918,0.5728346161808417,23.307590924864748,3.066781611380918,85.23763315850903,0.9999999999999996,0.10000000000000142
1756296113.0505202,0,-0.07345162713368127,0.013667414346740401,-0.5434718715391418,-0.9171929479147374,-0.051273643239998924,-0.3951304971833628,-0.047054380535132466,0.9986846376770515,-0.0203685969156309,0.39565512958627125,-8.931267443249534e-05,-0.9183991563886138,-0.005571912006075763,23.306839078849798,2.936847562663843,-0.005571912006075763,23.306839078849798,2.936847562663843,88.8719331630866,0.9999999999999996,0.10000000000000142
1756296113.0822628,0,-0.07218385098476615,0.012212420380876355,-0.5393778952669775,-0.9189170086658163,-0.05534109619473014,-0.390549477347793,-0.04382759310419167,0.9983031924113832,-0.03833898934419559,0.3920085117282047,-0.018113505823185022,-0.9197832503581655,-1.1281933021328712,23.079532725986226,2.730643326570174,-1.1281933021328712,23.079532725986226,2.730643326570174,87.58218470681732,0.9999999999999996,0.10000000000000142
1756296113.114864,0,-0.07024647560320327,0.011858543310856342,-0.5359005360714385,-0.9207644772734044,-0.06151296771308171,-0.38523879892160956,-0.044790595557757516,0.9976294897309067,-0.05224178183056696,0.38753913343173013,-0.030847301703399128,-0.9213369980830052,-1.9176047755002799,22.801463503334336,2.7849583328722076,-1.9176047755002799,22.801463503334336,2.7849583328722076,88.40121318048055,0.9999999999999996,0.10000000000000142
1756296113.1463275,0,-0.06542437574845955,0.008668957633327574,-0.5463420228672882,-0.9333137452368763,-0.07036723019664862,-0.3520992841037421,-0.04818684002343304,0.9962846604964957,-0.07137859418578471,0.35581382969254,-0.04965207119380552,-0.9332369422744118,-3.045501365493095,20.8433303611461,2.955547692773706,-3.045501365493095,20.8433303611461,2.955547692773706,91.01316390644597,0.9999999999999996,0.10000000000000142
1756296113.1785336,0,-0.061640603015930974,0.006012481139491438,-0.5532430667680848,-0.9464821558736477,-0.08041079294339279,-0.3125790027992716,-0.054138420596281434,0.994299763680223,-0.09185320550091332,0.3181832177034363,-0.07001488644329644,-0.9454402972415655,-4.2353262941650485,18.5530891174985,3.2737296566771477,-4.2353262941650485,18.5530891174985,3.2737296566771477,92.08284115046513,0.9999999999999996,0.10000000000000142
1756296113.2111788,0,-0.05115945642330359,0.007066664145798034,-0.5588860143236863,-0.969863069880616,-0.0831730883689626,-0.2290149843414541,-0.06336403596920968,0.9936904380389385,-0.09254356971543372,0.23526713460966117,-0.07524327691662146,-0.9690138413105401,-4.440069595753812,13.607369962556406,3.737991140174927,-4.440069595753812,13.607369962556406,3.737991140174927,93.40445197353175,0.9999999999999996,0.10000000000000142
1756296113.2428887,0,-0.04394454573904999,0.008270845663858942,-0.5602624596980191,-0.9857678316298748,-0.08606768818011566,-0.14440960901223068,-0.07594312873767987,0.9943456913773792,-0.07422457299826117,0.1499814099189201,-0.06220127884997541,-0.9867302456032048,-3.6070256696548313,8.625849238203688,4.405340530035488,-3.6070256696548313,8.625849238203688,4.405340530035488,96.20961885184234,0.9999999999999996,0.10000000000000142
1756296113.273553,0,-0.02945902969603829,0.014001492420745887,-0.5225655494746735,-0.9962070078928287,-0.08116402838813822,-0.031368741145083284,-0.0800126777317022,0.9961302569631558,-0.03636595337290356,0.03419895944938259,-0.033718120622699646,-0.9988460940076067,-1.9334036441255762,1.959838194470151,4.591986320899849,-1.9334036441255762,1.959838194470151,4.591986320899849,85.68253355900595,0.9999999999999996,0.10000000000000142
1756296113.3221493,0,-0.023608767935118694,0.017466073923659772,-0.506820592511158,-0.9941490256305523,-0.08319641935802158,0.06889173131681191,-0.08176937801223427,0.9963792030959697,0.023286314807901533,-0.07057962636140779,0.01751683315683994,-0.9973523333801548,1.006201517669325,-4.047279707970119,4.702029361363145,1.006201517669325,-4.047279707970119,4.702029361363145,80.74299682275682,0.9999999999999996,0.10000000000000142
1756296113.3543317,0,-0.022508051367614273,0.01719594161833706,-0.5086502144260633,-0.9841891943372911,-0.09784283828170894,0.14764284184034512,-0.08744878277542607,0.9933163045187754,0.07533544695732416,-0.1540270759990274,0.06123314604152567,-0.9861674105774574,3.553050334406862,-8.860374220800061,5.0776035196312534,3.553050334406862,-8.860374220800061,5.0776035196312534,86.58371483572671,0.9999999999999996,0.10000000000000142
1756296113.386537,0,-0.017342256520457632,0.01905336188510003,-0.5002091012211146,-0.9675872672949459,-0.1094036677300237,0.22760869415713772,-0.08439662261035959,0.9895551507316134,0.11686664944499056,-0.23801699573909305,0.09386927691077812,-0.9667142641916402,5.546111318724343,-13.769531347763467,4.98493844609456,5.546111318724343,-13.769531347763467,4.98493844609456,85.40314811158399,0.9999999999999996,0.10000000000000142
1756296113.41802,0,-0.01825558929965038,0.020285356822672466,-0.5018439431349005,-0.9493800063681483,-0.13242633506104054,0.28485236402514785,-0.08938152705122518,0.9831945549944447,0.15918357217774354,-0.301145390352244,0.12566516148709161,-0.9452617209313079,7.572622727030534,-17.52641090903871,5.378387267393947,7.572622727030534,-17.52641090903871,5.378387267393947,90.17989468216112,0.9999999999999996,0.10000000000000142
1756296113.4522042,0,-0.015099539016047651,0.019422311447947593,-0.49513891182744696,-0.92592206903825,-0.15450178024586353,0.34467016402465855,-0.0880276322684471,0.9756549625338063,0.2008694353065397,-0.3673138413198408,0.15564894469290816,-0.9169808874730415,9.633603197280081,-21.550050005543223,5.4308008671155505,9.633603197280081,-21.550050005543223,5.4308008671155505,86.28681987176756,0.9999999999999996,0.10000000000000142
1756296113.481551,0,-0.011013461439015427,0.018348880573336154,-0.4882844406763884,-0.9007262002937929,-0.16928790590914206,0.4000423940249382,-0.07940467735455739,0.9695845760789824,0.23151813545370262,-0.4270681553552373,0.17676921322062225,-0.8867724826238338,11.273566243358658,-25.28164128834641,5.03795923027846,11.273566243358658,-25.28164128834641,5.03795923027846,79.01805917380011,0.9999999999999996,0.10000000000000142
1756296113.5140297,0,-0.009539561965024368,0.01727684795571878,-0.4882009840254206,-0.8785449618680384,-0.17914472139665324,0.4427933138293787,-0.0706599713882679,0.9655489853025284,0.25044425612233,-0.4724044013551274,0.18873877655896143,-0.8609365573625797,12.365054809610967,-28.190484959192275,4.598310221900789,12.365054809610967,-28.190484959192275,4.598310221900789,79.45633779239974,0.9999999999999996,0.10000000000000142
1756296113.5464761,0,-0.010593593812455284,0.016482238395468682,-0.4896275923818017,-0.8601281867913372,-0.19151601203025714,0.4727590500699837,-0.06627224071719788,0.9609399384545662,0.2687050888860442,-0.5057543795137801,0.1997900193176865,-0.8392237221287718,13.390872640329718,-30.38144256845012,4.4058925431717455,13.390872640329718,-30.38144256845012,4.4058925431717455,77.82068175374724,0.9999999999999996,0.10000000000000142
1756296113.578172,0,-0.012995351386302229,0.015314086379330094,-0.49942158420670624,-0.8463362814923323,-0.20552246108051667,0.4914014821112563,-0.06355083574115314,0.9549337352284579,0.28993594568322534,-0.5288442019218258,0.21415433526789207,-0.8212561907100819,14.615229468292398,-31.927395424096257,4.29424366592113,14.615229468292398,-31.927395424096257,4.29424366592113,80.18797322149602,0.9999999999999996,0.10000000000000142
1756296113.6110203,0,-0.012741144203618215,0.016167204270896594,-0.5002092042620206,-0.8354506757823028,-0.21391347716837283,0.5062244488570554,-0.0594565113031722,0.9509111418877532,0.3036987380569522,-0.5463397217835705,0.22362697627850164,-0.8071579051722066,15.485647843822079,-33.11626315490268,4.070705166497419,15.485647843822079,-33.11626315490268,4.070705166497419,78.96578097766384,0.9999999999999996,0.10000000000000142
1756296113.6427522,0,-0.012174650119478023,0.01628945335368038,-0.4966058532714874,-0.8244198840385406,-0.22416140119818206,0.519695604190325,-0.05573552210376796,0.9459160462116207,0.31958783627540527,-0.5632276683346616,0.2345090610877168,-0.7923257498592722,16.487466431750022,-34.27930773600013,3.867638743251433,16.487466431750022,-34.27930773600013,3.867638743251433,79.20036377149715,0.9999999999999996,0.10000000000000142
1756296113.676285,0,-0.01268142166370098,0.01635215161364629,-0.5010759727824616,-0.8160191719536347,-0.2313820786092438,0.5296933496869394,-0.05432145960358835,0.943027348109891,0.32825081834378134,-0.575466671520289,0.23908524508068693,-0.7820974079704315,16.998262860953957,-35.132320040019366,3.808495236750531,16.998262860953957,-35.132320040019366,3.808495236750531,85.02791718498753,0.9999999999999996,0.10000000000000142
1756296113.7227268,0,-0.01230926735554111,0.01657626288308496,-0.4987566850531075,-0.8075469878227318,-0.2389961899730914,0.539211167945155,-0.05236282031630039,0.9396635093577409,0.3380689637189682,-0.5874742526332155,0.24477195582795064,-0.7713369511006226,17.606037573253218,-35.97797761877994,3.7099692395646002,17.606037573253218,-35.97797761877994,3.7099692395646002,85.00773730980184,0.9999999999999996,0.10000000000000142
1756296113.7551062,0,-0.013210939667499361,0.015850865546080797,-0.5043815601466947,-0.805391590625505,-0.24549067959888418,0.5395171099972611,-0.05143260125076368,0.9357142232144996,0.34898936946942316,-0.5905074709758538,0.2533243350019173,-0.7662425908402232,18.29419147557556,-36.19302815432437,3.6539676664808667,18.29419147557556,-36.19302815432437,3.6539676664808667,83.07837352155299,0.9999999999999996,0.10000000000000142
1756296113.7861137,0,-0.01179553732351631,0.014591605255716946,-0.5089605266959024,-0.8016134183120767,-0.24299675616031083,0.5462311818979161,-0.04648498756097738,0.9362382845355715,0.348277217890212,-0.596032778891802,0.2537921414572501,-0.7617968728086639,18.42546154965501,-36.58629163292627,3.318824383296601,18.42546154965501,-36.58629163292627,3.318824383296601,81.77601900738408,0.9999999999999996,0.10000000000000142
1756296113.8196266,0,-0.01367543002747204,0.014544067220250777,-0.5138250724728098,-0.7995206668609244,-0.2421940793912502,0.5496441859695123,-0.04745512192530954,0.9377103277484945,0.34416181170615867,-0.5987609829183236,0.2490810493426511,-0.761212136130952,18.118942019859674,-36.78121102688901,3.39677522247581,18.118942019859674,-36.78121102688901,3.39677522247581,85.22593080430177,0.9999999999999996,0.10000000000000142
1756296113.8506117,0,-0.014502598087871446,0.014782871472968454,-0.5114956985192489,-0.8040783862743002,-0.23726209336814624,0.5451281021714829,-0.04612760739525758,0.9390494643086407,0.3406733735084741,-0.5927311300771259,0.2487826413402277,-0.7660137105857003,17.99253730258809,-36.351057957078076,3.2832914275305143,17.99253730258809,-36.351057957078076,3.2832914275305143,81.41113601814558,0.9999999999999996,0.10000000000000142
1756296113.8837636,0,-0.017301140898771473,0.012862739328351339,-0.5217463566286924,-0.8140184830236868,-0.2265261854492796,0.5348455820156078,-0.047257770320103046,0.94359220219219,0.32772009261939655,-0.5789133030430275,0.24149460297880793,-0.7788066154649177,17.227768741160475,-35.37414640969991,3.322571942150063,17.227768741160475,-35.37414640969991,3.322571942150063,83.0777671123247,0.9999999999999996,0.10000000000000142
1756296113.9152513,0,-0.02202679409569762,0.011607544860287679,-0.5289572233060205,-0.8295465591699291,-0.20834928608567282,0.5181149304516536,-0.04659047980614711,0.9503806754464827,0.3075807193718754,-0.5564906408563978,0.23101330421747973,-0.7980921124242226,16.143453811834945,-33.813447914195734,3.2145710565055197,16.143453811834945,-33.813447914195734,3.2145710565055197,86.13784774310972,0.9999999999999996,0.10000000000000142
1756296113.9462678,0,-0.026572805729810918,0.011179673607249857,-0.5318941277944984,-0.8464722030988083,-0.18608686144275993,0.49885517876377,-0.046610337391067194,0.9592370767734963,0.2787323213969423,-0.5303888062820903,0.21268735397625438,-0.8206410930664139,14.529780785320298,-32.03172866567561,3.151764914340731,14.529780785320298,-32.03172866567561,3.151764914340731,87.80139203083039,0.9999999999999996,0.10000000000000142
1756296113.9785633,0,-0.03602066682294829,0.007691963107311317,-0.5484158297714885,-0.8714853881132768,-0.1657777074605058,0.4615527813957907,-0.055058541426046013,0.9682579513179669,0.24381365163905439,-0.48732101875569456,0.18706761189118964,-0.8529501352718337,12.370160280392753,-29.164651480683098,3.6150174843919274,12.370160280392753,-29.164651480683098,3.6150174843919274,88.93524407661702,0.9999999999999996,0.10000000000000142
1756296114.0108695,0,-0.04366412145482404,0.004695947034344341,-0.5581248322475179,-0.8965346032255592,-0.1444638218987362,0.4187551902742212,-0.06580451513184207,0.9782722780557904,0.19660395666363756,-0.43805875291729096,0.14870626802507197,-0.8865613204074512,9.521799677208321,-25.980087391574727,4.197910561745573,9.521799677208321,-25.980087391574727,4.197910561745573,90.2530184766211,0.9999999999999996,0.10000000000000142
1756296114.0427165,0,-0.05484952425617785,9.953201970397006e-05,-0.5714795409257734,-0.9265620464425272,-0.12821105317263795,0.35361660019942454,-0.08496926796657087,0.9871580711143281,0.1352744104960894,-0.3664191556038817,0.09529359096079038,-0.9255572018672514,5.87835086014303,-21.49494608948074,5.239586366390597,5.87835086014303,-21.49494608948074,5.239586366390597,94.73741719539818,0.9999999999999996,0.10000000000000142
1756296114.0746007,0,-0.06646172531134781,-0.00014455538200633085,-0.5704922041955491,-0.9584496433493077,-0.11353088818487585,0.26169642449131414,-0.09608807485452113,0.9922682220760553,0.0785548046193009,-0.2685914425932755,0.05014491884506156,-0.9619480880378553,2.9840425437845965,-15.580466662279553,5.724981944728086,2.9840425437845965,-15.580466662279553,5.724981944728086,95.09233829905625,0.9999999999999996,0.10000000000000142
1756296114.1241984,0,-0.07178830621749174,-0.0009430596803650195,-0.5717767227566425,-0.9789326649424651,-0.1024141421226786,0.17664139096462905,-0.09922423293801802,0.9947035409856188,0.02682195273527728,-0.17845276435658003,0.00872977914653597,-0.9839097528988864,0.5083457860689578,-10.279650663237948,5.787711326765248,0.5083457860689578,-10.279650663237948,5.787711326765248,94.85684623167562,0.9999999999999996,0.10000000000000142
1756296114.1541135,0,-0.07439695017990162,-0.0006461683472165154,-0.5642459214572372,-0.9904759702244418,-0.09496880636131107,0.09969091345884529,-0.09730603310634948,0.9950761896919357,-0.018839124960709518,-0.09741092510112609,-0.02836022789906687,-0.9948400922482247,-1.6329070553458962,-5.590099409778416,5.610829584706437,-1.6329070553458962,-5.590099409778416,5.610829584706437,93.21217393601601,0.9999999999999996,0.10000000000000142
1756296114.1868122,0,-0.07753989186267814,0.0002945103976079791,-0.5553862390266969,-0.995674962208926,-0.0907106058388967,0.02007375447180634,-0.09166545682482183,0.9943628975437591,-0.053290449552210045,-0.015126587696859208,-0.05490003621784084,-0.9983772695569193,-3.147483111257685,-0.8667226886054036,5.260030366478674,-3.147483111257685,-0.8667226886054036,5.260030366478674,90.34107238232227,0.9999999999999996,0.10000000000000142
1756296114.219437,0,-0.07790546980667092,0.00028540808969231,-0.5600807419707345,-0.9955261547677753,-0.08782078968837786,-0.03485949041218692,-0.0848497677288097,0.9932483644424147,-0.07910880765651453,0.0415715297969018,-0.07579706742993471,-0.9962562985895583,-4.350789635593429,2.3825597950891995,4.8716075070243505,-4.350789635593429,2.3825597950891995,4.8716075070243505,92.22667940792269,0.9999999999999996,0.10000000000000142
1756296114.2511554,0,-0.07794674610506774,0.0013324115486404216,-0.5596153027312504,-0.9930629570381947,-0.08611045262759998,-0.08006842890195166,-0.07803645145537724,0.992020979012911,-0.09901863179482111,0.08795610042975745,-0.09208347922692577,-0.9918590410187603,-5.304094887405512,5.046033906887684,4.4931592725330916,-5.304094887405512,5.046033906887684,4.4931592725330916,90.23868054365718,0.9999999999999996,0.10000000000000142
1756296114.2830033,0,-0.07902746026497935,0.002671400144718876,-0.5527868377532448,-0.9880199853256239,-0.08677270043280305,-0.12762055891099017,-0.0723930069482012,0.9909202456014655,-0.11329748188785674,0.13629292403552057,-0.10270134038429368,-0.9853307432233694,-5.95047104772641,7.833390062520616,4.190618591532029,-5.95047104772641,7.833390062520616,4.190618591532029,89.12239830365003,0.9999999999999996,0.10000000000000142
1756296114.3156059,0,-0.07817051813807169,0.0031334104521666614,-0.5594025156475376,-0.9845711454364562,-0.08653139219120384,-0.15209200419284638,-0.06868583660105343,0.9905262526168693,-0.11891172661767045,0.16094072021821612,-0.10663048833346996,-0.9811870481887782,-6.202277618239066,9.261503192080902,3.990613489208215,-6.202277618239066,9.261503192080902,3.990613489208215,91.99540195483956,0.9999999999999996,0.10000000000000142
1756296114.3486795,0,-0.0786990551803372,0.003433489904814281,-0.5575634657773312,-0.9800990242893975,-0.08710273347716274,-0.17837885639216755,-0.06503819334870542,0.9898939291061176,-0.12601604074398162,0.187552488634269,-0.11190676002663458,-0.9758590784879925,-6.541824610785113,10.809984567755365,3.796512962195777,-6.541824610785113,10.809984567755365,3.796512962195777,89.40684152075293,0.9999999999999996,0.10000000000000142
1756296114.3788915,0,-0.08004148965029127,0.004217287592734306,-0.5539589903160513,-0.9736528330293404,-0.08918345263892706,-0.20987251489735415,-0.06278960534091439,0.989624096071454,-0.12923472418777385,0.219220496749442,-0.11265194294888137,-0.9691500985682096,-6.6301855096652105,12.663253154972763,3.689820923588968,-6.6301855096652105,12.663253154972763,3.689820923588968,91.20178194593876,0.9999999999999996,0.10000000000000142
1756296114.4068973,0,-0.07974113488857403,0.005973915097278447,-0.5504931358779876,-0.968138803352694,-0.0902277646676615,-0.23359410935614652,-0.06111118485410327,0.9897565594285399,-0.1290247114079581,0.24284291327634386,-0.1106386169077341,-0.963735656661204,-6.548990038114027,14.054392365314103,3.611851595250357,-6.548990038114027,14.054392365314103,3.611851595250357,90.14140242522754,0.9999999999999996,0.10000000000000142
1756296114.4419463,0,-0.07977978279645388,0.006011700765282499,-0.554431609847046,-0.9642744025796428,-0.09066736311835019,-0.2489062188753793,-0.06036218027071418,0.9900890778293019,-0.12680703906364416,0.2579365885690489,-0.1072522597817314,-0.9601904337416995,-6.373459338700201,14.947661762836002,3.581958920049658,-6.373459338700201,14.947661762836002,3.581958920049658,91.8002579011395,0.9999999999999996,0.10000000000000142
1756296114.4750025,0,-0.08086077756235444,0.005659796403597345,-0.5569383846147082,-0.9604166838808939,-0.09147903252118542,-0.26311856630085095,-0.0607344665909525,0.9905825130223964,-0.12270945139697433,0.27186599252414756,-0.10187183861706743,-0.9569279025118027,-6.076659783042118,15.775334497230578,3.618430578489523,-6.076659783042118,15.775334497230578,3.618430578489523,93.5400285718082,0.9999999999999996,0.10000000000000142
1756296114.522346,0,-0.08042051252408017,0.005279047113241662,-0.5556832641425725,-0.9575972534726619,-0.09050996166682886,-0.27352412504326507,-0.057465676430002874,0.9902996534899141,-0.12650807219382643,0.282321087016285,-0.1054255336093935,-0.9535094444677085,-6.309326846150867,16.39878339993233,3.4342170783186816,-6.309326846150867,16.39878339993233,3.4342170783186816,90.33994823552153,0.9999999999999996,0.10000000000000142
1756296114.554781,0,-0.08126794048596508,0.00583596793374315,-0.5534982760961206,-0.9533688465595888,-0.08902692479982716,-0.2883783089456024,-0.05557573858163348,0.9909494883459747,-0.12219021576196983,0.29664655684963764,-0.10046550755128213,-0.9496881078026186,-6.038740172691462,17.256298424462617,3.3362278438663964,-6.038740172691462,17.256298424462617,3.3362278438663964,91.78256634491278,0.9999999999999996,0.10000000000000142
1756296114.5873036,0,-0.08232827595900705,0.005964396208958845,-0.559307485115465,-0.9498488247966459,-0.0894050159976181,-0.2996563918005031,-0.05788514730537486,0.9919667704350044,-0.11247771367778814,0.3073052550052895,-0.08949116977229143,-0.9473936936558744,-5.396169622362748,17.896907457959724,3.487373898687906,-5.396169622362748,17.896907457959724,3.487373898687906,93.49833427583134,0.9999999999999996,0.10000000000000142
1756296114.6169422,0,-0.08128628189701452,0.005833903906214104,-0.5565568058708422,-0.9478504681590849,-0.08859660602090877,-0.306153770860624,-0.05607174825788133,0.9919589327514973,-0.11346115979407004,0.3137442414737016,-0.09037763626078404,-0.9451965053923999,-5.46189273542808,18.285021438081948,3.385486292863419,-5.46189273542808,18.285021438081948,3.385486292863419,90.30343459471788,0.9999999999999996,0.10000000000000142
1756296114.649654,0,-0.08179638179853164,0.005658639017520662,-0.5579376052897601,-0.9456250703637709,-0.08787143982475888,-0.31316423225304224,-0.056003800461616474,0.9924234755306768,-0.10935821665274033,0.3204009997384044,-0.08587348414228936,-0.943381653461575,-5.201146164030376,18.687177376338784,3.389332394328136,-5.201146164030376,18.687177376338784,3.389332394328136,92.73477386780682,0.9999999999999996,0.10000000000000142
1756296114.6823096,0,-0.08265126443795923,0.005502492199381727,-0.5590136471136072,-0.943347084144439,-0.08887417128997196,-0.31968368821963045,-0.0577974138217928,0.9927449722181149,-0.10543661172082189,0.326734965670492,-0.08098642980879972,-0.941639772097126,-4.9156696157781425,19.070720540313904,3.506040976091896,-4.9156696157781425,19.070720540313904,3.506040976091896,92.1034443678152,0.9999999999999996,0.10000000000000142
1756296114.714994,0,-0.0818838596896109,0.006074283766060788,-0.5582566449677341,-0.9432788493297564,-0.08891290391289275,-0.3198742064076249,-0.05902842118972518,0.9930359479289923,-0.10195710672933232,0.32671188821189157,-0.07729231293307738,-0.9419581946469153,-4.690892022165087,19.069321521153686,3.5807810345097835,-4.690892022165087,19.069321521153686,3.5807810345097835,92.85455775275948,0.9999999999999996,0.10000000000000142
1756296114.745644,0,-0.08253408507781626,0.0060034021624589175,-0.5553487633077382,-0.9409103879521933,-0.08709404233427553,-0.3272648310367753,-0.05831705447103457,0.9935980547761297,-0.09675756664423701,0.33359670712025324,-0.07195507859051367,-0.9399657991988631,-4.377496973933347,19.487227006112754,3.546620880593423,-4.377496973933347,19.487227006112754,3.546620880593423,91.3643045840936,0.9999999999999996,0.10000000000000142
1756296114.780113,0,-0.0820561806456287,0.005873244411968269,-0.5522080773921347,-0.9402323058972548,-0.08573107415605842,-0.32956546219405247,-0.05638636249743204,0.9936262738331185,-0.09760843238583936,0.33583297793909284,-0.07319160383924644,-0.9390735860708679,-4.456636140924616,19.623198856391806,3.431955972607824,-4.456636140924616,19.623198856391806,3.431955972607824,89.60929963095634,0.9999999999999996,0.10000000000000142
1756296114.810678,0,-0.08253645057085576,0.006062754522083991,-0.5488095154329219,-0.9377243804045413,-0.08536773942311783,-0.3367273904224398,-0.05550524625243898,0.9937009531581756,-0.09735288044526283,0.34291712414718467,-0.07260003277079277,-0.9365559680063463,-4.432595187024361,20.054701029721585,3.3874666268621922,-4.432595187024361,20.054701029721585,3.3874666268621922,89.82143642723666,0.9999999999999996,0.10000000000000142
1756296114.8422103,0,-0.08258197482175411,0.006401443242350698,-0.5458243851743718,-0.9351129077279475,-0.0861791931613262,-0.34371062896955307,-0.05585627331253014,0.9936975424873985,-0.09718678298071684,0.349919885877066,-0.07168222039367814,-0.9340330469245793,-4.3885532879397715,20.48241505679452,3.4183365908859003,-4.3885532879397715,20.48241505679452,3.4183365908859003,89.83616795850486,0.9999999999999996,0.10000000000000142
1756296114.8746338,0,-0.08198057993051819,0.00609244352263777,-0.5472467243781628,-0.9347685311372865,-0.08619757618892944,-0.3446415109277952,-0.055136350804477305,0.9935635068927594,-0.0989522136737091,0.35095266919544227,-0.07349514018025596,-0.9335045197290043,-4.501631186408304,20.545595686362436,3.375620946803963,-4.501631186408304,20.545595686362436,3.375620946803963,88.47323566845769,0.9999999999999996,0.10000000000000142
1756296114.921258,0,-0.08181103921042487,0.006284750073824578,-0.5456435367126593,-0.9337767987285475,-0.08640046316094668,-0.34726913211778515,-0.055499326534143335,0.993639225913235,-0.09798425118764728,0.3535261163061682,-0.07222221744118162,-0.9326324229820431,-4.428096340342904,20.70314046562281,3.4013917783386773,-4.428096340342904,20.70314046562281,3.4013917783386773,88.25699947448561,0.9999999999999996,0.10000000000000142
1756296114.9548657,0,-0.08146117126899025,0.006884042051359601,-0.5477791634688656,-0.9339412483435532,-0.08608725804300954,-0.34690449499123255,-0.055799471525788596,0.9937783116210539,-0.09639028129977838,0.35304413834523374,-0.0706657721548699,-0.9329341804360196,-4.331638631738997,20.673621662771335,3.419142526062984,-4.331638631738997,20.673621662771335,3.419142526062984,90.2179130979184,0.9999999999999996,0.10000000000000142
1756296114.9885042,0,-0.08075844498026914,0.006930227904280782,-0.551252614354384,-0.935922472432468,-0.08434879448366356,-0.34195673186099035,-0.05489120836996367,0.9939682799351666,-0.09494215989965549,0.34790240131333067,-0.07008808280927084,-0.9349072573301265,-4.2873274056806,20.359070164733218,3.3565130158055183,-4.2873274056806,20.359070164733218,3.3565130158055183,92.12475399027758,0.9999999999999996,0.10000000000000142
1756296115.0190742,0,-0.08180789424170633,0.006446315214133988,-0.5470588200560536,-0.9339248441470298,-0.08539015016078491,-0.3471208834692388,-0.0547577395631621,0.9937636258041784,-0.09713622386353217,0.353250584490499,-0.07171037779883695,-0.932776310951918,-4.396162281322717,20.68626478065649,3.3555158790184123,-4.396162281322717,20.68626478065649,3.3555158790184123,90.39344093906197,0.9999999999999996,0.10000000000000142
1756296115.132142,0,-0.0822470105929464,0.007684934064882611,-0.545614962622061,-0.9311708303390613,-0.08540715018662182,-0.35443829282776806,-0.0571465041843601,0.9943487943839964,-0.08946928057495339,0.3600766054399671,-0.06305627489863831,-0.9307893125787046,-3.8755780922768963,21.10490069969517,3.5118712921271538,-3.8755780922768963,21.10490069969517,3.5118712921271538,92.8484229433528,0.9999999999999996,0.10000000000000142
1756296115.1558416,0,-0.08041059166798424,0.008157210782574425,-0.5480521345890004,-0.931891520555673,-0.08414191618630142,-0.3528432114366565,-0.05729961971175238,0.9946580687982007,-0.08586081618248342,0.358182840875054,-0.05979518471525175,-0.9317347199646178,-3.6719892438922273,20.988639926741868,3.5185408177788133,-3.6719892438922273,20.988639926741868,3.5185408177788133,92.10130051855255,0.9999999999999996,0.10000000000000142
1756296115.173457,0,-0.07967594302928623,0.007541178848084452,-0.5501416532916704,-0.9328828376487008,-0.08428208699239252,-0.35018015510978695,-0.056833493906026614,0.9945019193156324,-0.08795388819123978,0.3556677736187822,-0.062148711086636804,-0.9325438180157157,-3.8127978320881084,20.834376226768207,3.486289484445223,-3.8127978320881084,20.834376226768207,3.486289484445223,91.70293594259952,0.9999999999999996,0.10000000000000142
1756296115.2133543,0,-0.07907533797249654,0.00761409117021586,-0.5488540050070756,-0.9337740841971345,-0.08386686069428026,-0.3478969809571356,-0.05614780383130454,0.994445526976822,-0.08902537840814008,0.3534308755707751,-0.06359593975307999,-0.9332964012789282,-3.8981774385677,20.69730697901138,3.4410500904802745,-3.8981774385677,20.69730697901138,3.4410500904802745,90.90838276586713,0.9999999999999996,0.10000000000000142
1756296115.2435277,0,-0.07878895634708377,0.007813006755552021,-0.5483863427316688,-0.9335787503160431,-0.08336665880819367,-0.3485408400137547,-0.05508097515358327,0.9943894148189389,-0.09030934543101578,0.35411411032951773,-0.0651129165005409,-0.9329327440766177,-3.9924156938955093,20.739160021649077,3.3765262481411185,-3.9924156938955093,20.739160021649077,3.3765262481411185,90.98569168805597,0.9999999999999996,0.10000000000000142
1756296115.2755048,0,-0.07787221527213509,0.0077408387838438794,-0.5523215300036549,-0.9360087243000903,-0.08151463512007118,-0.342407698942882,-0.05389302829966661,0.9945331445829386,-0.0894391738930036,0.34782640718440133,-0.06526245924889176,-0.9352847704725966,-3.991524769385876,20.354425967891746,3.2953086009489425,-3.991524769385876,20.354425967891746,3.2953086009489425,90.9099748178254,0.9999999999999996,0.10000000000000142
1756296115.3225102,0,-0.07652707374842709,0.007202251439264484,-0.553081027736735,-0.9396958280028803,-0.08103383166817496,-0.33227288327390697,-0.052655769320783086,0.9942209047682938,-0.09355299289147168,0.33793360411657497,-0.0704152728240767,-0.9385321350715131,-4.29069301398394,19.751027975768654,3.2072097586316204,-4.29069301398394,19.751027975768654,3.2072097586316204,91.2337073591194,0.9999999999999996,0.10000000000000142
1756296115.3543708,0,-0.07489633223897844,0.007123918760014085,-0.5577243436676133,-0.9459336078544053,-0.07876777658709806,-0.3146509922168902,-0.051207782051979164,0.9941662290426491,-0.09492772033729847,0.3202926358642444,-0.07368274155217323,-0.9444487709815131,-4.4609894168397375,18.680623179696866,3.0986622282420626,-4.4609894168397375,18.680623179696866,3.0986622282420626,90.98036220157601,0.9999999999999996,0.10000000000000142
1756296115.3867464,0,-0.07418466954191805,0.0069250211351173105,-0.5562402415250166,-0.9499732663845967,-0.07803450474679208,-0.3024258739319493,-0.05031772949899065,0.9938748928854603,-0.09839117536639996,0.30825138970107957,-0.07825160292823496,-0.9480810974734785,-4.71831683955071,17.953882671273508,3.031982089176921,-4.71831683955071,17.953882671273508,3.031982089176921,90.60437289189646,0.9999999999999996,0.10000000000000142
1756296115.4202602,0,-0.07326094322883818,0.006599980881261124,-0.556961230331435,-0.9537992388434502,-0.07745984379939445,-0.29028776167835335,-0.049380771656248976,0.9934708685678844,-0.10284538248072761,0.29635882199166685,-0.08375921385463911,-0.9513967851123759,-5.03124266993359,17.239036183247308,2.9637116919945754,-5.03124266993359,17.239036183247308,2.9637116919945754,90.84922814268678,0.9999999999999996,0.10000000000000142
1756296115.450987,0,-0.07368477989251142,0.007150799632329809,-0.5564424973278966,-0.9545501459870221,-0.07747923546623564,-0.28780372976687235,-0.048918004061046856,0.9932527772240797,-0.10514727488307285,0.29400858435569305,-0.08628956256825443,-0.9518997130564443,-5.179696685972715,17.098097277391386,2.933680760692141,-5.179696685972715,17.098097277391386,2.933680760692141,91.08781279366312,0.9999999999999996,0.10000000000000142
1756296115.4822257,0,-0.07205243300291804,0.00693710274707901,-0.5544541853543088,-0.9571486278491428,-0.077771130394649,-0.2789590570023527,-0.04870978166368315,0.9927764268148862,-0.10964635666971945,0.2854712969403048,-0.09135982507538812,-0.9540228094681045,-5.470119497808611,16.58702232209513,2.9132981697345883,-5.470119497808611,16.58702232209513,2.9132981697345883,90.17752609454124,0.9999999999999996,0.10000000000000142
1756296115.5147402,0,-0.07079360174853185,0.0058244245428842375,-0.5620494660249286,-0.9620041795115697,-0.07736518722579469,-0.2618445844538119,-0.048411326086820194,0.9921523274904334,-0.11528270712397158,0.26870858212715737,-0.09822620251660745,-0.9582000370644843,-5.8530120690315925,15.587434412618407,2.880888468964457,-5.8530120690315925,15.587434412618407,2.880888468964457,92.91938990732454,0.9999999999999996,0.10000000000000142
1756296115.5464978,0,-0.07128942693448538,0.006477406638131347,-0.5611080065055145,-0.9635811129018088,-0.07507430856318835,-0.2566618145589074,-0.04628496199104947,0.9921197152195291,-0.11643097940929377,0.2633802216423983,-0.10031111038404204,-0.9594626308414109,-5.968548014345288,15.270727495886032,2.750049956943684,-5.968548014345288,15.270727495886032,2.750049956943684,91.02570300389013,0.9999999999999996,0.10000000000000142
1756296115.579011,0,-0.07206039229121014,0.005947640221080809,-0.5629513675279852,-0.9638092509091853,-0.07449590870065784,-0.2559728256060361,-0.045752127055291164,0.9921394591403734,-0.11647332950750613,0.26263752727245854,-0.10054677122369896,-0.9596415351914993,-5.981361132286253,15.226621417292208,2.717796499846571,-5.981361132286253,15.226621417292208,2.717796499846571,93.70641083882954,0.9999999999999996,0.10000000000000142
1756296115.6106584,0,-0.0715706964745108,0.0066289246984939255,-0.55780289187406,-0.9637395189846302,-0.07404980425374247,-0.25636451789835507,-0.04381028331462793,0.9915965988014802,-0.1217244606528552,0.26322385648562635,-0.10607927099730127,-0.9588849720594831,-6.312832540633565,15.261440734538356,2.602796049999938,-6.312832540633565,15.261440734538356,2.602796049999938,89.55623243590384,0.9999999999999996,0.10000000000000142
1756296115.6441891,0,-0.0708334329553339,0.006850498243426446,-0.5561465541176682,-0.9642801765072511,-0.07313613628982811,-0.2545876013550952,-0.04265545055101932,0.9914576871280887,-0.12325650965734436,0.2614273392999185,-0.10799426004754681,-0.9591626483883473,-6.424004935274951,15.154772272382983,2.532858299384941,-6.424004935274951,15.154772272382983,2.532858299384941,91.06688185901709,0.9999999999999996,0.10000000000000142
1756296115.6743598,0,-0.07062621074513092,0.007522808110394545,-0.5584975002389142,-0.9651488471423535,-0.07166894771944238,-0.25169677151797976,-0.04248277248044113,0.9919201344755013,-0.11953936951681962,0.25823035627547997,-0.10468050799882234,-0.9603952698461959,-6.220529665213945,14.965083619468352,2.520350515463093,-6.220529665213945,14.965083619468352,2.520350515463093,92.1980126224214,0.9999999999999996,0.10000000000000142
1756296115.721995,0,-0.07131577729480143,0.0066629637386938795,-0.5563098627031751,-0.963890434878363,-0.07217947870578686,-0.2563305530048278,-0.0416664592028212,0.9915886920973966,-0.12253885866154465,0.263019268738052,-0.10743364723556231,-0.9587903189510025,-6.393394945849394,15.24929058128903,2.4752055376706608,-6.393394945849394,15.24929058128903,2.4752055376706608,91.26334659064612,0.9999999999999996,0.10000000000000142
1756296115.755737,0,-0.07099991149783628,0.006818051217601355,-0.559752428761822,-0.9640236746705189,-0.07112826809359708,-0.2561232596871179,-0.04084073468689109,0.991727206579541,-0.12169298303589769,0.2626602159920387,-0.10685465459185993,-0.9589534366834866,-6.358149175957578,15.227968685767522,2.42587746118258,-6.358149175957578,15.227968685767522,2.42587746118258,91.57165868133524,0.9999999999999996,0.10000000000000142
