Time,ID,Tx,Ty,Tz,Qx,Qy,Qz,Qw
1755177233.5801094,0,0.007305102649474179,0.010931963732342127,-0.6448707303407292,0.9992168343619541,-0.025037765499661205,-0.014626452776729372,0.026923876125653428
1755177233.7419672,0,0.0051316877943099175,0.008567196280755862,-0.6302689926283679,0.9989823534953581,-0.02339333268854226,-0.017867492107046037,0.03417253453291251
1755177233.7630801,0,0.003495572532830046,0.008631391096475836,-0.6242862392215137,0.9986891969677568,-0.0229646206647401,-0.018708156929207166,0.04174348957542628
1755177233.7949786,0,0.0031221578009954336,0.008376024416792374,-0.6217681090466588,0.9984330563568865,-0.022661700374979582,-0.020539640623380644,0.04686152444194552
1755177233.829689,0,0.002860750095793044,0.008534390228606657,-0.6207759191946582,0.9981775107629843,-0.02250756292511376,-0.021523262212493365,0.05168961019311834
1755177233.8720798,0,0.0023884327605714724,0.008631009240032371,-0.6198726929182173,0.9978432083598853,-0.023218757827393143,-0.023741769841000373,0.05662286799359746
1755177233.8970137,0,0.0026407417394482893,0.009287635588310007,-0.6204871850390713,0.9976781032895488,-0.023090899764000312,-0.022712094821636906,0.05991137883132363
1755177233.9258554,0,0.00287325779722749,0.008806363059454543,-0.6205643286158551,0.9974435754972502,-0.02261425767561342,-0.024537733364920086,0.06318867533312071
1755177233.9609115,0,0.0030837638724763327,0.008365591417709276,-0.6205881225042094,0.9972472311047498,-0.02277477287210461,-0.02708292776960573,0.06515968690808796
1755177233.988374,0,0.003123218789041414,0.008487446356323224,-0.6210549347237073,0.9971236769615065,-0.02258706903504894,-0.026485036040445255,0.06732562677842134
1755177234.0173209,0,0.0034722776051793014,0.00847202440408628,-0.6222516708841141,0.9971204824855967,-0.022541566823344322,-0.026333450434515984,0.06744753932540783
1755177234.052129,0,0.003388048602161293,0.008500393088453864,-0.6213513540005576,0.9969939966219332,-0.022545591780498708,-0.026014589769980632,0.06941115263551847
1755177234.0958889,0,0.0033449575326492125,0.008169408896428247,-0.6208634406861666,0.9968624574696131,-0.02314360262181527,-0.027763301703386267,0.07041884423827235
1755177234.1300905,0,0.003307687538024537,0.008050637381922611,-0.6200240650583579,0.9967465611529617,-0.022789921646331056,-0.02808733091549653,0.07202787059980913
1755177234.1657376,0,0.0034788370508234104,0.007878570305403038,-0.6200829860172429,0.996707344511083,-0.02313982537119252,-0.029588759618837605,0.07185765918588313
1755177234.1918666,0,0.003460910025081835,0.00795763606848398,-0.6200587504852382,0.996604924253779,-0.02295848758234884,-0.03011212094653479,0.07310809102385289
1755177234.2237372,0,0.003604664874926124,0.00801249725049491,-0.6212759291885801,0.9966011299510038,-0.023138671483431714,-0.030688206799054873,0.07286304705282702
1755177234.2568576,0,0.003612649177504611,0.008054130188899222,-0.6204768885967603,0.9965904016582753,-0.02284804064433838,-0.02981259529668164,0.07346255864716754
1755177234.2900329,0,0.003728916909762797,0.008129992048583508,-0.6203503538966506,0.996588407296505,-0.02307900462427478,-0.02951272179359459,0.07353846095821005
1755177234.3234093,0,0.0034762683265792153,0.007936446470759875,-0.619649586528586,0.9964598328774597,-0.02303272098630805,-0.030746603028830703,0.07477928608899367
1755177234.3546362,0,0.0034207629764659974,0.00764984789313293,-0.6198244511113845,0.996396054537133,-0.022824609216218372,-0.031461680148288006,0.07539298640595496
1755177234.3848534,0,0.003193948438442974,0.006681314543830162,-0.6191977318905029,0.9962485450422222,-0.02290306304788884,-0.03443508150727511,0.0760165203483245
1755177234.4157603,0,0.002909816973951055,0.005266295906341686,-0.6180356064129494,0.9961031122216528,-0.022422921060345248,-0.03847619729343088,0.07612742393708011
1755177234.4489415,0,0.002329705808546272,0.003713916854427818,-0.6182671728748884,0.9958706887112048,-0.021829330855149237,-0.04279409691129617,0.07703062345478873
1755177234.497327,0,0.0010724358388135083,0.0022292368193533516,-0.6193844894882313,0.9954386247926574,-0.021135068398561996,-0.046393473809061565,0.0806405527177161
1755177234.5325806,0,-0.0011350157336540451,0.00024979437913609515,-0.6184038353978931,0.9945942322322692,-0.0207162817771086,-0.05080560897812025,0.08815860125930221
1755177234.5633342,0,-0.003564925147531914,-0.002264836373222834,-0.6177121175484462,0.993497398718842,-0.019910306733890423,-0.057177759744079786,0.09642200068088623
1755177234.5980241,0,-0.006536406192014921,-0.005321892487942015,-0.614907271158377,0.991926497415954,-0.0205397912286841,-0.06575264041481921,0.10647314675014945
1755177234.6232138,0,-0.009609302142681611,-0.008569377264178266,-0.6118537236378075,0.9900969967489625,-0.021730264395122406,-0.07575231165788843,0.11617796657064217
1755177234.65797,0,-0.013379346956920026,-0.011990962087360342,-0.6060147424989353,0.987466365522626,-0.024096351137341515,-0.08705558705245416,0.12942514279054915
1755177234.6871223,0,-0.01727703650187669,-0.01508402568153553,-0.6008449097366,0.9843118783233761,-0.027283222092380967,-0.09903130295202185,0.14345226739020167
1755177234.7215638,0,-0.021297635393075772,-0.017497855754161205,-0.5967906105026998,0.980503462443931,-0.03116531118304684,-0.11095399858102226,0.15915682113314814
1755177234.7532964,0,-0.025179716148131654,-0.019897109848004822,-0.5908406104702201,0.9760613090183681,-0.03570430055716847,-0.12333856271974318,0.17554806437355341
1755177234.7844782,0,-0.029051592068908654,-0.02183286719683756,-0.5853884714264321,0.9710711300247891,-0.04128764219088573,-0.13534016391277168,0.1923518418595478
1755177234.8171804,0,-0.032751550173669174,-0.02364018517912599,-0.5794949197329354,0.9656298662712942,-0.04712339549826498,-0.14710644683445787,0.20904076220043188
1755177234.8471715,0,-0.036547867048479614,-0.02552480177771641,-0.5713257921810814,0.9591754664532866,-0.0542630207291261,-0.1588698650184842,0.22759243204570562
1755177234.8772902,0,-0.040154248904193224,-0.027076347096528543,-0.5641579856266833,0.9521217263910784,-0.06240460678025452,-0.17082687615281644,0.2457398249583178
1755177234.926111,0,-0.043788196063335665,-0.02826981296114222,-0.555468053912542,0.9444863977494424,-0.07174001470025868,-0.18162550585393142,0.2642176950554072
1755177234.9598908,0,-0.04706094706607652,-0.02891696280050666,-0.5497080005792959,0.9367249025345958,-0.0818934798775557,-0.19211090518023446,0.2809507341793706
1755177234.9915059,0,-0.04980074493541574,-0.029403709117266856,-0.5447387495585786,0.9290079141732273,-0.09208761841905796,-0.20192139358176883,0.2961282099892073
1755177235.0273595,0,-0.05243308686532731,-0.029421612203963932,-0.5425689168048832,0.9216509496481328,-0.10212949829053171,-0.2106542517432288,0.30944123644743915
1755177235.0565195,0,-0.05431096585517486,-0.029182772786340967,-0.5415377516727963,0.9149184480658344,-0.111820271505344,-0.2190430888564264,0.3200634085513555
1755177235.088087,0,-0.05588213545786054,-0.028790222579061418,-0.5435729981737613,0.9090312373472503,-0.12059167125105798,-0.2264028077345923,0.32842293921359544
1755177235.119761,0,-0.05667744757284734,-0.02874661353434526,-0.5455332168195366,0.9041921223315652,-0.12724263114397433,-0.2323444789557302,0.335055162371644
1755177235.1525311,0,-0.056867045377104804,-0.028545103348086954,-0.546550182101386,0.9005302199025522,-0.13287533145688418,-0.23721184832675632,0.3392933956708975
1755177235.181699,0,-0.0564185881758472,-0.02849527217577238,-0.5482044694663023,0.8980964414257838,-0.13680930380938144,-0.2406320863169566,0.34176336158851905
1755177235.214873,0,-0.05539623343384916,-0.02843590369637955,-0.5494288184877476,0.8963225005851241,-0.13983913085042826,-0.24355124419657637,0.3431235694004806
1755177235.249383,0,-0.05346444736881617,-0.028191514465313847,-0.5517963892453055,0.8959877308179666,-0.1414754946232004,-0.2454028348336287,0.3420060223159975
1755177235.2801409,0,-0.05054244043710311,-0.02775583587092842,-0.5588613788518798,0.8979459875254395,-0.14062969445634044,-0.24552630081419857,0.3370951321698
1755177235.3113155,0,-0.0463929658884054,-0.026924584105859163,-0.567363219068769,0.9026464898423708,-0.13560164103115346,-0.24085455095643465,0.32989482355514316
1755177235.3611863,0,-0.040945695932198226,-0.026001881369667735,-0.5790724488836488,0.9101861471145375,-0.12725392705282937,-0.23412767197006973,0.3170991152121086
1755177235.3937297,0,-0.030053628600767067,-0.023776705361009984,-0.6003259189794018,0.9198168574405705,-0.11699155463767026,-0.2258978456459754,0.29869731877625105
1755177235.4263132,0,-0.023423853020967344,-0.022717692584595887,-0.6121939757716169,0.9306315356107979,-0.10425052078510083,-0.2152150554315039,0.277018507970746
1755177235.4631903,0,-0.015066711226628404,-0.02230149928894032,-0.6201957670189142,0.9419131540629062,-0.09116694809065565,-0.20643552066158222,0.2487419819577808
1755177235.4918506,0,-0.006411596104162327,-0.022061737802085327,-0.6249156853565766,0.9532886759981652,-0.07711392396704973,-0.19851020685893275,0.21421447364007204
1755177235.52558,0,0.0034039170295868627,-0.02221828158276467,-0.625111919454119,0.9641310901306932,-0.06284342684162958,-0.1922023090868201,0.17193084984346593
1755177235.5542912,0,0.013172691013376262,-0.022465965408240585,-0.6236301298213115,0.9730702973834368,-0.049126580117258414,-0.1876856704094409,0.12447837000479721
1755177235.5854454,0,0.021025379562009908,-0.023064357108379684,-0.617348237376412,0.9785881687962146,-0.03795083961747242,-0.1861135712596377,0.07928851277066641
1755177235.619305,0,0.02845467294414601,-0.023852044401342174,-0.6101189895861897,0.981713022385736,-0.026908466201947704,-0.1855072518630529,0.03320445197770638
1755177235.6494665,0,0.03461222390880291,-0.024337420959610445,-0.6038555100223884,0.9826427992160583,-0.016681125766226657,-0.18451991070439788,-0.009341934791128218
1755177235.6846988,0,0.03987966601159251,-0.024863597198322863,-0.5971450591320736,0.981610660852492,-0.006944643155002165,-0.1845458452289238,-0.04832301150513636
1755177235.7134323,0,0.043867844749214985,-0.02482717003745865,-0.5926881796257119,0.9794846024696303,0.0023654838674483547,-0.18362238636686898,-0.08298877777096783
1755177235.7611167,0,0.04700478499555523,-0.02488996728282632,-0.588423407559944,0.9765427167096699,0.010714248200276097,-0.18274590426329745,-0.1133731088124084
1755177235.7957194,0,0.04917988106496262,-0.024837057203919183,-0.5843852752777128,0.9729836535626619,0.01830947370048336,-0.18270506642769194,-0.13995153366190047
1755177235.82752,0,0.05066023176147548,-0.024571147268783802,-0.5827161728328945,0.9693238346450115,0.025360692683301923,-0.1829402506406256,-0.16217584145383204
1755177235.8596847,0,0.05136859385496499,-0.023984280824566752,-0.5824323130202079,0.9659540053173543,0.03148371627025665,-0.18289353938179653,-0.1802542328867034
1755177235.893505,0,0.05130891531902065,-0.02330891941813854,-0.5825923931669258,0.9632080022021777,0.036427987917345854,-0.18240861428204333,-0.19398567891905868
1755177235.9267018,0,0.050573723356497534,-0.022164904663674753,-0.5861068108427853,0.9616603851918345,0.03914199702763402,-0.17977083905516364,-0.20337072809719556
1755177235.958588,0,0.04876442745456366,-0.020886463621594624,-0.5896033310775461,0.9611057581525542,0.040388866465698135,-0.176662776160524,-0.20840999167716628
1755177235.988475,0,0.04577507985677484,-0.01989371494838333,-0.5940406380158451,0.9617196491225868,0.03966142514091196,-0.17395655514178854,-0.2079937613740426
1755177236.0165222,0,0.04174821175086071,-0.0187353578478876,-0.5975846489878611,0.9634647501752611,0.0378812492961903,-0.1706478899142916,-0.20292851891560557
1755177236.047376,0,0.03664866635833324,-0.017302195991217996,-0.6033706840937894,0.9670448423436507,0.033808922671409634,-0.16488934079239917,-0.1910307172613622
1755177236.0780094,0,0.030934759902447213,-0.016095218072054822,-0.6090548757487083,0.9710606746040763,0.029265329540351954,-0.1593662640080305,-0.17546253338104287
1755177236.11265,0,0.02379698074813972,-0.015106763437014947,-0.614227846072122,0.9760250775971571,0.023465821642468274,-0.1539430175877302,-0.15207218829257044
1755177236.146449,0,0.01630788969638937,-0.013717146817240553,-0.6205308332900138,0.981137343160549,0.016582231058166464,-0.14743154478807435,-0.1239293470909719
1755177236.1918423,0,0.00824805326404184,-0.012964873914989634,-0.6223572233779698,0.9855742105899488,0.009015284735664856,-0.1428963415410788,-0.09023766195613414
1755177236.2244442,0,7.157149510858378e-05,-0.012211723352598812,-0.6214266549293507,0.988961526109057,0.000817569044691193,-0.13864606680462654,-0.05226566383879001
1755177236.2579148,0,-0.0077730984002818485,-0.012091276931076547,-0.6174356227966723,0.9904130033518111,-0.005794313476241595,-0.13734119737376382,-0.013634670033605528
1755177236.2877452,0,-0.014254667073700171,-0.012186306591007917,-0.6132150690996296,0.9901568915094306,-0.012034283182503,-0.13773926737832556,0.021734775056276356
1755177236.3222656,0,-0.019990987139033335,-0.01256594881620568,-0.6073526653582149,0.9885747634262118,-0.018352434782009503,-0.13904057075477688,0.05523445427056702
1755177236.357042,0,-0.02505933372183922,-0.012914537192685788,-0.6013379972870934,0.9859160505564641,-0.025075415447195014,-0.14061944286090997,0.08698814335747884
1755177236.3846936,0,-0.029297739571490712,-0.013251618452193435,-0.5950030755355972,0.982360393998884,-0.031400544431790994,-0.14284008164636475,0.11652799314758838
1755177236.4163134,0,-0.032961999809456424,-0.013304168131960649,-0.5898002996311833,0.9782264129309972,-0.03732121949279141,-0.14524018676433323,0.1434764781014169
1755177236.4478514,0,-0.03575980030780799,-0.013260440115590084,-0.5858166466406189,0.9739202058386839,-0.04317045546196819,-0.14709211835109873,0.16727119642463234
1755177236.4791121,0,-0.03782619155452521,-0.013467884929667627,-0.582434442411161,0.9696161423830959,-0.047525512893251624,-0.14888961104450363,0.18819603018494768
1755177236.5117435,0,-0.03888010083280769,-0.013521764308846142,-0.5812908746183618,0.9657716743993594,-0.052082669709943116,-0.15126071886752082,0.20418781396406468
1755177236.5449417,0,-0.039320905016662626,-0.013530193047687718,-0.5805809536968597,0.9623999355175307,-0.05515076103394085,-0.15216213257366556,0.21815463113091188
1755177236.5761144,0,-0.0390412670334391,-0.013365792706081528,-0.5807118191851157,0.9596030257712737,-0.05857188895839348,-0.15325392987689535,0.228570776197985
1755177236.6228204,0,-0.037797775677496925,-0.012955699020967444,-0.5840052743422792,0.9581865749747899,-0.059942372755074906,-0.15278634160886,0.23439653006039524
1755177236.654832,0,-0.03525988053842788,-0.012799428812237001,-0.5873693003695498,0.9580691171354767,-0.06054090734319364,-0.15311139388056627,0.2345106956905401
1755177236.6906457,0,-0.032176922308222396,-0.01210331594932202,-0.5919039971789589,0.9593847770796966,-0.05959960864809612,-0.15089799586617117,0.23077809904821447
1755177236.7190063,0,-0.028013206386145354,-0.010897491702362531,-0.599209949239332,0.9622366467908556,-0.0569309516657919,-0.14591512847350352,0.2226393442266629
1755177236.7512383,0,-0.022983852375740993,-0.009516212734417849,-0.608014104920822,0.9661191322946613,-0.052324377265642694,-0.1385004416534439,0.2114086313748194
1755177236.7859747,0,-0.016715489298739228,-0.008351465102794352,-0.6151697860082439,0.9709225503698623,-0.046929328001713344,-0.13148682013041846,0.1944691633359408
1755177236.815193,0,-0.01045545114176313,-0.007616945684136879,-0.619375683054116,0.9754795374654108,-0.042072055793091964,-0.125435771247278,0.1758848526713197
1755177236.8469393,0,-0.003733553500056279,-0.006833353467754023,-0.623622292417088,0.9803303751476067,-0.03732075838509702,-0.11952091943227416,0.1525590586447677
1755177236.8807843,0,0.002089157439658012,-0.006424708321471455,-0.6264965277997708,0.9843413362554457,-0.0331842328633229,-0.11527121449433594,0.12916457539556722
1755177236.9110563,0,0.006947071920916218,-0.006015218216710361,-0.627644063384206,0.9877063319528554,-0.02978934223848132,-0.11026798993494007,0.10672285277738068
1755177236.9417026,0,0.011074434843315203,-0.0058626326973160725,-0.6270414659715368,0.9903480923088138,-0.02674281641936996,-0.10669872284896141,0.08432591756188319
1755177236.9740632,0,0.013823468665318181,-0.005809513831761551,-0.6247248057733648,0.9921055832827124,-0.024081276960508845,-0.10388312846246046,0.06599166114042258
1755177237.008643,0,0.01545835168168731,-0.005516199708363194,-0.6236563546605272,0.9933381132850537,-0.021750483950864947,-0.10061839153912609,0.05179042795026763
1755177237.0613122,0,0.016512651824966883,-0.004946446639937083,-0.6233175716182959,0.9942145327395207,-0.019705349161985873,-0.09753685816332948,0.04044407748443812
1755177237.0934434,0,0.016583556442354413,-0.00421775460984216,-0.6214836654937579,0.9948354807107873,-0.017921979917669098,-0.09451862730047556,0.032363529597392374
1755177237.1210785,0,0.015974849872020417,-0.0033771539674954595,-0.6198021959898389,0.9952433390227752,-0.016693267944858786,-0.09164864736407584,0.028505374448582935
1755177237.211933,0,0.015049508653853549,-0.0026206645813857607,-0.6186067297832958,0.9955387115202162,-0.015666435308657953,-0.08904044118629542,0.02700067596815504
1755177237.279055,0,0.01132934666184587,-0.0016113880220868654,-0.6189982471589033,0.9958946971182999,-0.015192404855219999,-0.08460998353281728,0.028356547267624443
1755177237.3289144,0,0.01041256825462085,-0.0018289149163141713,-0.6182345153805258,0.9960239951387225,-0.0152606631967764,-0.08201148618274581,0.031263867335790375
1755177237.3558736,0,0.010218282893738348,-0.0025370340345379425,-0.6181087027763087,0.9959560192606411,-0.01524309554275451,-0.08173980362829514,0.03402734546771792
1755177237.3991966,0,0.009273135702690092,-0.0046914568668006765,-0.6197103610100733,0.9955863042965652,-0.015387374895395298,-0.08445859812001423,0.03791944876362921
1755177237.4258742,0,0.008863227373617446,-0.005850152681704891,-0.6209853336659319,0.9952665773856391,-0.015683704668342305,-0.08645214427981414,0.04152695626185397
1755177237.4480639,0,0.008855739287075101,-0.007158366337775217,-0.6220959147610099,0.9949054990791251,-0.015799842031165665,-0.08960337996299628,0.04341252345941307
1755177237.4666927,0,0.0086484107954336,-0.00872162006400954,-0.6218297259014789,0.9943827445197192,-0.01601582246142771,-0.09406244291119224,0.04581165425842591
1755177237.4907682,0,0.008962775514928353,-0.00986018972958689,-0.6222623141243067,0.9939849370951462,-0.016552849726114316,-0.09803893049085016,0.04591640341003559
1755177237.5203872,0,0.009177779361765111,-0.010854169500666401,-0.6228463414572313,0.9935684537222269,-0.01751161711010714,-0.1015300735874485,0.046975687238605596
1755177237.552094,0,0.009703516776595453,-0.012130460405820782,-0.6215615144824017,0.9930301126451857,-0.01861861571774355,-0.10636010462564803,0.04724479519127975
1755177237.583701,0,0.010293448718213147,-0.01334719478461343,-0.618728895048042,0.9924960000743307,-0.019736922200183155,-0.11096011142561854,0.04743413761135013
1755177237.614421,0,0.0115648215349734,-0.014138536768074417,-0.6162727808497583,0.9920451028430447,-0.02076457164337546,-0.11498885533582494,0.04682851308932048
1755177237.6487815,0,0.012944979065027057,-0.014609276434180501,-0.6146530756509113,0.9916402606793343,-0.021741915061587624,-0.1186436458347301,0.04583195208933948
1755177237.6779363,0,0.014470025223939668,-0.014809504026214011,-0.6111994521510519,0.9914179985876121,-0.021903609052969144,-0.12113497927467619,0.04401023498133014
1755177237.7111995,0,0.01606726244388027,-0.014228274209067499,-0.6082670139835074,0.9915446472723008,-0.021463552019919712,-0.12143438212275863,0.040400733146817754
1755177237.743019,0,0.01714402404559367,-0.012880910420630658,-0.6069881259849849,0.9917628814753722,-0.02128070116476081,-0.1205818286892943,0.0375970913176668
1755177237.774638,0,0.01709330650565009,-0.011317628656701224,-0.605314647825344,0.9919257883611253,-0.021409497176210518,-0.1190680844784302,0.03804806267682215
1755177237.806242,0,0.01650338735556137,-0.009568353830410777,-0.604754271639641,0.9922251035792151,-0.021599314461774623,-0.11561979652815789,0.040680168298379275
1755177237.8410573,0,0.01638405556719347,-0.00808740245864837,-0.6045169227555363,0.9925774477916599,-0.02135831944501759,-0.11247388451397064,0.0410299601293646
1755177237.8876579,0,0.015794704154457915,-0.0070911471731730305,-0.6030305589413348,0.992788232808112,-0.0209750470811442,-0.1101378516237323,0.042440851044699184
1755177237.9194026,0,0.01487237221596649,-0.006244278931557282,-0.6018513474673459,0.9928970015679535,-0.021519482065521005,-0.10813802174272343,0.04470597748142356
1755177237.950544,0,0.014072238872138536,-0.005262017011764299,-0.602252033583345,0.9931153357610082,-0.021257287142073724,-0.10559055601463951,0.04605097284725547
1755177237.9822578,0,0.013180894648953672,-0.004797822984926044,-0.6038659358105799,0.9932352273388613,-0.020724286235002234,-0.10395965562356374,0.047399125897008065
1755177238.0144687,0,0.012178274969031476,-0.004389938025674715,-0.6057680569563122,0.993350097766518,-0.020338045775820227,-0.10213690254827393,0.04909175388101372
1755177238.0490987,0,0.01120329954776691,-0.004379075567545299,-0.6065809809253147,0.9934261452743076,-0.0204456106214598,-0.10109977044218917,0.04965186107571811
1755177238.0802052,0,0.0097074203885041,-0.0044708959105296195,-0.6080846730744087,0.9934172087519426,-0.020563568942301998,-0.09992639064795797,0.0520970770766089
1755177238.1123228,0,0.008396766098620187,-0.004586546395672943,-0.6087421831894319,0.9933570778449622,-0.02082529637485832,-0.09948162132119627,0.05395766808826251
1755177238.143266,0,0.006733059146725435,-0.004627657752328561,-0.6095020581658612,0.9932473117322862,-0.02122268274631276,-0.09901486975278877,0.05661652622224656
1755177238.1764567,0,0.005209362991652223,-0.004738552014911232,-0.609479291028846,0.993140471675187,-0.021763147046507655,-0.09817497352618579,0.05966610029616425
1755177238.207098,0,0.0033628696649386463,-0.004672482187059568,-0.6101079321048268,0.993067650574247,-0.02212095340970015,-0.09619019726998793,0.06383377438591735
1755177238.24131,0,0.0018906983553045804,-0.00490874230502631,-0.6090718531146011,0.9929495130410264,-0.022574368479746698,-0.09523202683228528,0.0668769280450598
1755177238.2746332,0,0.000353217852246835,-0.004910928049511459,-0.6080542060909792,0.992697122829961,-0.02354622629813598,-0.09497318690574588,0.07055559029021227
1755177238.3188112,0,-0.0007968858380220797,-0.0050724753285642105,-0.6081329303384049,0.9924929722738313,-0.024031130459524378,-0.09493705257112894,0.0732609091193927
1755177238.352074,0,-0.0021362111963838066,-0.004669940234896593,-0.6080065934169846,0.9923655868432845,-0.02516295937285968,-0.0929262013753451,0.0770849442026928
1755177238.383238,0,-0.0034854510109300916,-0.0045505366281872114,-0.6069725900973675,0.9921042964235163,-0.02609332735097634,-0.09231490090367618,0.08078466659520893
1755177238.4173915,0,-0.004309342752224249,-0.004348428769034178,-0.6075314916427939,0.9919831903940279,-0.026820450719002856,-0.09138561997180007,0.08305830398753078
1755177238.4484391,0,-0.004958405011968379,-0.004164464190333651,-0.6079044341959274,0.9918474400300001,-0.027779076220669774,-0.09064742413369346,0.08514706764291854
1755177238.479327,0,-0.005553518719030635,-0.004128782261086247,-0.6068355096858369,0.9916169658435807,-0.028914677131649663,-0.0904196589757276,0.08765854076047767
1755177238.5134485,0,-0.005933237656124564,-0.003892530578550546,-0.6071491905532728,0.9914218521835543,-0.0299452439751083,-0.08975755299264707,0.09016415616515361
1755177238.543792,0,-0.006224548395324318,-0.003879459752597375,-0.6069672396679036,0.991263817780469,-0.030178014791212647,-0.08934521534875375,0.09221043041237459
1755177238.5729473,0,-0.006166545173205348,-0.0038562833803455557,-0.6064417284601807,0.9911376766160854,-0.03062407786003298,-0.08930735086575126,0.093447680167205
1755177238.6075075,0,-0.005770156682020859,-0.00348886065970979,-0.6071935971137462,0.9912338526733009,-0.03069524772618775,-0.08777665279524595,0.0938536643159757
1755177238.6396399,0,-0.005580459456280461,-0.003490787404053522,-0.6068081523019254,0.9912078150531436,-0.03133572863181761,-0.08789549642989193,0.0938057631280136
1755177238.6737034,0,-0.005245540194462151,-0.003387878278618077,-0.6058346224975859,0.9912702103023535,-0.031110474511650683,-0.0874671082776267,0.09362165087381102
1755177238.7050712,0,-0.005092534413767804,-0.0033845207795186807,-0.6043790474697726,0.9912152383506287,-0.031235291044912936,-0.08748693148840228,0.09414215141789338
1755177238.748941,0,-0.004695452962598056,-0.003085100712159096,-0.6042681500018234,0.9912835490923818,-0.031042042253091116,-0.08675453961487709,0.0941645727849889
1755177238.7830799,0,-0.004222699637939039,-0.002221475107928396,-0.6061434300683898,0.9915652952012582,-0.0306531473748715,-0.08421847614674033,0.09362637547174814
1755177238.8144572,0,-0.003404156151465347,-0.001352015873978707,-0.6071294709117666,0.991952457442617,-0.03022662508408738,-0.08162829719390152,0.09194288665689793
1755177238.8448634,0,-0.0027119545627685023,-0.0003007904682706397,-0.608182257516253,0.9923813278070108,-0.02872417294626147,-0.07769594689820901,0.09120066855093881
1755177238.8785048,0,-0.0020098126977799073,0.0005171199616869696,-0.6078233045939244,0.9928557678775373,-0.027944902717049247,-0.07400191385509591,0.08933209585710733
1755177238.9129007,0,-0.0011518276866107732,0.0016705321477441873,-0.6086616125421077,0.9934773671221697,-0.026768966530295434,-0.06873448181612457,0.08695811897902547
1755177238.94639,0,-0.0004816970825854707,0.002886744546063573,-0.6102230406688777,0.994080551934418,-0.025406581507676884,-0.06320225674970555,0.08463945075200473
1755177238.9723067,0,5.035416772341656e-05,0.0040759900279351,-0.6122350862182095,0.9946806734499899,-0.024176898929286175,-0.05693724941617813,0.08236495038642115
1755177239.0074153,0,0.0003993216967587992,0.0049364856361618845,-0.6129195600917069,0.9951612832049771,-0.022856804882401063,-0.05129966002318128,0.08062215428712559
1755177239.040177,0,0.00047676753754270995,0.00583020781362599,-0.6132976547990117,0.9955514944140552,-0.02168237649497462,-0.04516413414828534,0.07979534764700989
1755177239.068781,0,0.0006325756438458638,0.0064742315741591686,-0.6133746871489456,0.995883669605332,-0.020313411908828703,-0.039335425329616966,0.0790936547655899
1755177239.1039288,0,0.0008119172198467286,0.0069710781253112045,-0.6127632370156938,0.9961474400928787,-0.01925301517038219,-0.03467896662029434,0.07821104958637363
1755177239.1524382,0,0.0008739308734744041,0.007549519980827597,-0.6126792760993862,0.9964446363820887,-0.01796728116356451,-0.02915031849297557,0.07697741464036423
1755177239.184077,0,0.0009041787543270678,0.008126330615415199,-0.6123672125601413,0.996666134684179,-0.017136577616979103,-0.024035125408508395,0.07606093891001212
1755177239.2141984,0,0.0007243807656674738,0.008427707068428748,-0.6116554701251299,0.9967758787122281,-0.01635778876035951,-0.019971283144111878,0.0759698506903537
1755177239.246978,0,0.0006506992206528901,0.008606544664173751,-0.6112146855086339,0.996886928679159,-0.01582001056467429,-0.016084322631923678,0.07554782101317921
1755177239.27964,0,0.0005333370739970275,0.00887684287686518,-0.6111279222776539,0.9969799713785954,-0.015179583954008641,-0.011937899634412445,0.07521970123070952
1755177239.3125918,0,0.00035201105134581974,0.009106615085972429,-0.6110929059296863,0.9969856766001272,-0.015283159101902965,-0.009743524400075015,0.07543904449499306
1755177239.3431375,0,0.0001632671536440918,0.009101938724373933,-0.6099386253625024,0.9969947871373154,-0.015004478702080421,-0.00816216982383059,0.07556215338160419
1755177239.3767977,0,-2.979876562221454e-05,0.009246336130593592,-0.6090850157899227,0.9969919733441676,-0.014877889414181118,-0.006070494373224319,0.07582085855453369
1755177239.4080977,0,-0.00017477454754530385,0.009220088661789451,-0.6080677816397235,0.9969569262808733,-0.015228803364357122,-0.005126743493102887,0.0762803198068747
1755177239.4394794,0,-0.0003320703083108435,0.008989069752450278,-0.6072797506821968,0.9969497392063801,-0.015421199533686468,-0.005655292584289605,0.07629824222784734
1755177239.4722953,0,-0.0004114978481956911,0.009416292048937284,-0.6061326233535486,0.9969580266682067,-0.014900521786062609,-0.0034084667651044964,0.07642676145598215
1755177239.5039258,0,-0.0002949712653954672,0.009309847336312078,-0.6030236414243921,0.9969997228932562,-0.015211563704622686,-0.003235354582068785,0.075826732496916
1755177239.5336082,0,-0.00035521492419862336,0.00921162920630645,-0.6016853645478378,0.997080388993559,-0.015592677255443353,-0.003034673112020591,0.07468839976571928
1755177239.58357,0,-0.0005089784109497869,0.009182680008423628,-0.6018133118273858,0.9970956270728445,-0.016306222822945148,-0.0023842643612295433,0.07435544938278
1755177239.6157658,0,-0.000519637871058651,0.009014384074000355,-0.6034230377717634,0.9971259911745599,-0.01722538823476579,-0.0018014030283943596,0.07375499082395988
1755177239.6463275,0,-0.0006854431241544857,0.008965860247277364,-0.6040834054449628,0.9971332554900345,-0.017925695615337706,-0.0010211151710648387,0.07350440501330081
1755177239.6796181,0,-0.0010499746898644598,0.008804116604768798,-0.6046680099617605,0.997099156700251,-0.01834165190256509,-0.0004010843418178284,0.07386944323930242
1755177239.7122555,0,-0.001666452435969846,0.008579879603935192,-0.6059367250036833,0.9969640167204302,-0.019290465176005193,-0.0006991380554365373,0.07543300685998632
1755177239.7428386,0,-0.0018385898674299845,0.008599038485708317,-0.6074078368696526,0.9968967805048073,-0.019980796162269648,-0.00026912752228665866,0.07614134471001
1755177239.7767577,0,-0.001937777995934936,0.008572642566190385,-0.6083497104938834,0.9968698513582873,-0.020788548740433593,-0.00014417943319960954,0.07627787953570678
1755177239.8099415,0,-0.002117633605591924,0.009142350646063717,-0.6090874315640531,0.9968027490021598,-0.020625589182664664,0.00307570963234396,0.07713238400867994
1755177239.8401828,0,-0.002108542012139629,0.009533280538469004,-0.6095527571551169,0.9968040714328755,-0.020518632647032693,0.006052378969679782,0.07696751001524252
1755177239.8730495,0,-0.002071848331193021,0.009909770933456803,-0.6107303323413332,0.9968043618936264,-0.020064993158922535,0.009236719211557347,0.07676681039081636
1755177239.9063218,0,-0.002286775604896495,0.010227451476154899,-0.6112982893502537,0.9967785339642914,-0.01978257055586375,0.011974676621608256,0.07679720860818064
1755177239.936506,0,-0.0026910979218226524,0.010407107250251922,-0.6108494536989842,0.9966917446169636,-0.01910649220682962,0.014692067202466935,0.07761862746314169
1755177239.9676766,0,-0.003015772915118698,0.010597280866756174,-0.6106356683897578,0.9965611477532775,-0.018445701618545262,0.01650013399201933,0.07907831851218779
1755177240.018434,0,-0.0031014252726600413,0.010858142475584025,-0.610034271192469,0.9964679642881008,-0.01811310070103322,0.018733474144599045,0.07982837012614064
1755177240.0502436,0,-0.0031630202093498707,0.0109725792552118,-0.6088000047513457,0.9964137268156564,-0.017575063504941875,0.0209793369033923,0.08006665710035382
1755177240.0789294,0,-0.0033160160870698797,0.011107391811609697,-0.6079653100022232,0.9963332376428355,-0.016964583865246654,0.02261293469972104,0.08075232285631248
1755177240.11078,0,-0.0032877216903753137,0.01144278105603306,-0.6073482558148452,0.9962775677073903,-0.016371359737500174,0.025434113608429596,0.08072231741188507
1755177240.1419392,0,-0.003242586891942729,0.011248914537738817,-0.6061466320310602,0.9961911627932929,-0.015873813178339524,0.025723079162192387,0.08178943957591198
1755177240.175378,0,-0.0030483337692170424,0.011379015150817164,-0.6065669950608861,0.9961946910333643,-0.015290280018437715,0.02645104077246681,0.08162528613089666
1755177240.206995,0,-0.002938384504213814,0.011285420257136435,-0.6055591364331485,0.9961899421208608,-0.015097108797375209,0.02640715289929726,0.08173333958030501
1755177240.2404788,0,-0.002755689013312673,0.011080465867365018,-0.6050221508380389,0.9962014025055815,-0.015036264458701761,0.02586401748833536,0.08177853628185923
1755177240.2711205,0,-0.0024133551774087403,0.011211303267277671,-0.6058656088703681,0.9962728155348306,-0.015237150210768408,0.02624860833761334,0.08074228656716553
1755177240.3027072,0,-0.002141802116882524,0.01124641551376123,-0.6061918798628267,0.9962695425923184,-0.014829328475459983,0.02797048194423761,0.08027914834916208
1755177240.33509,0,-0.0019350726410568093,0.011091962279555438,-0.6063173936461668,0.9962923830394518,-0.014993249781767274,0.02738585326864403,0.08016673249734137
1755177240.3669806,0,-0.0019372703995771947,0.01096440301360347,-0.6057403672083309,0.9962956846628017,-0.015062346961465361,0.02719056813302034,0.08017922069274189
1755177240.4022834,0,-0.0019131622656598612,0.01120532610637149,-0.6056817142070825,0.9962547079343532,-0.01479932188626295,0.028175647542782723,0.08039695190670079
1755177240.4488132,0,-0.0019697797364972027,0.01089639937875541,-0.6051425182800582,0.9962628005826913,-0.014511454765436827,0.027251094524505633,0.08066738934005323
1755177240.4784234,0,-0.001489173762477965,0.011026189497304904,-0.6065438118053961,0.996364216871272,-0.014613741940390357,0.027504144017918696,0.07929885211551495
1755177240.5074956,0,-0.0012474154783489102,0.01131194184869213,-0.607937770656296,0.9963836429829518,-0.014308996520365824,0.02906307051934307,0.07855078959876646
1755177240.5421562,0,-0.0011005181798077544,0.011732058525241763,-0.6092338832075348,0.9963565683222371,-0.014161892675862925,0.031036969115560083,0.0781648009342597
1755177240.572958,0,-0.0010199072876391712,0.011885230690215763,-0.6094602138279347,0.9963264549927232,-0.013779247764624082,0.032518157177781164,0.07801472211342857
1755177240.608606,0,-0.0012736864333993227,0.011714090052760341,-0.6086745844005295,0.9962584704949995,-0.013350224643655892,0.032925558784692596,0.07878286011337692
1755177240.640323,0,-0.0010655513471652179,0.011777500304531875,-0.6085569779555916,0.9962758982635253,-0.013001264957380309,0.03431056984428507,0.07802619076742254
1755177240.6759732,0,-0.001218337302651462,0.011590424080936225,-0.6074529449666303,0.9962510850672017,-0.012987943032835115,0.03384838199829249,0.07854537462063937
1755177240.7045753,0,-0.00103429717457475,0.011630310449611235,-0.6073072533096293,0.9963123006382921,-0.013265795611265415,0.03359533992060089,0.07782783177792371
1755177240.734213,0,-0.0011571631001405292,0.011676092548392185,-0.6069741113492031,0.9962962521892159,-0.013404532438692447,0.03362638458012244,0.07799591427691613
1755177240.7674751,0,-0.001466314892203778,0.011645350584666321,-0.606899585036515,0.9962650929104007,-0.013310369804886119,0.03338801385228022,0.07851075872062387
1755177240.8010583,0,-0.0016524613261658144,0.01165254344977374,-0.6068979189698358,0.9962367633697834,-0.012992294338769483,0.03384559351585836,0.07872729766651622
1755177240.846839,0,-0.0025131968128229154,0.010967696064860387,-0.6057990642341274,0.9961798696309341,-0.013476809809425776,0.03200792527188383,0.08012200483790308
1755177240.882048,0,-0.002585160161948119,0.01121432649613504,-0.6068014082131866,0.9961211687240082,-0.01361713191347717,0.030941365602389696,0.08123929365169265
1755177240.9117785,0,-0.002229419571546917,0.011300156836300874,-0.6073290851041252,0.9961530654941902,-0.014018072837106604,0.030494158876479188,0.08094856400750448
1755177240.9424934,0,-0.0021916291049642925,0.011540189808709418,-0.6085030146703799,0.996162568953396,-0.014265275087830131,0.030628762012085618,0.08073733387006225
1755177240.9742234,0,-0.002345690200534908,0.011616207339002559,-0.608142563881271,0.9961525522396437,-0.014397519040771077,0.030852234186674286,0.08075236069369827
1755177241.0068073,0,-0.0026559179384999273,0.011319781807604158,-0.6076421471909635,0.9961285110036174,-0.014038143676620318,0.030207697536096683,0.08135364218889259
1755177241.0395043,0,-0.0031173689458772807,0.01124221593143699,-0.6070947736095281,0.9960249013956787,-0.013878319133531838,0.029452876066847336,0.08291149588053112
1755177241.0721867,0,-0.003502442050975152,0.010917939334054653,-0.6065097802025671,0.9959653827737411,-0.014001416877175188,0.027387697775198682,0.08430202045242446
1755177241.1083555,0,-0.0036321792169865213,0.010882028239225468,-0.6070275021634355,0.995897755520195,-0.014195337408959334,0.025847288336560033,0.08554572246074203
1755177241.1330075,0,-0.00395400042514236,0.010411427954130172,-0.6061448008900272,0.9958316496317337,-0.014150008830935798,0.02392956792276759,0.08687047036164865
1755177241.1694415,0,-0.004039819503750852,0.01035308503659036,-0.6064222840158341,0.9957395083526163,-0.014291889889278667,0.023257196938433346,0.08807767128875299
1755177241.1970372,0,-0.003977657154988332,0.010152077642306627,-0.6056824495859544,0.9957400428784928,-0.014169673291360426,0.022043725011005814,0.08840283680285645
1755177241.2322135,0,-0.0037972499009140777,0.010207598163441266,-0.606076213905414,0.9957708517858807,-0.014095629254393673,0.021662199027175623,0.08816163055916845
1755177241.2783272,0,-0.0037348876990920907,0.010137639336404332,-0.6061712733728212,0.9957764390152335,-0.013753040481956809,0.021634533257569546,0.08815942576020913
1755177241.3106604,0,-0.0037381738404604747,0.010194485336847213,-0.6065234945828472,0.9957640124501768,-0.013631949547122777,0.02182795207754819,0.08827084438685957
1755177241.342721,0,-0.003632582405702927,0.009903848124877747,-0.6064406781858014,0.995830547653993,-0.013484450423169854,0.02095151756913461,0.08775376839477421
1755177241.3742504,0,-0.0036745580256027062,0.010005026152999412,-0.6070638648703729,0.9957924971393134,-0.012695562470710433,0.02187380620827142,0.08807759043346948
1755177241.4086626,0,-0.003820308062115277,0.00983717318705394,-0.6064109279369202,0.9957443389950377,-0.012682902632216055,0.021720656837771368,0.08865984664261944
1755177241.4404023,0,-0.003913927611853681,0.00981372906163095,-0.6063903791355513,0.9957177376608305,-0.012483680046645877,0.021426082390976195,0.08905766465310923
1755177241.4713478,0,-0.0039005508824127987,0.010149564032994308,-0.6072284303686042,0.9957285517000046,-0.012273678909947364,0.022441995166471267,0.08871507757069617
1755177241.5034592,0,-0.003814909674327645,0.010084557613723642,-0.6068468363907489,0.9957180727667692,-0.012142594360460958,0.02220613243178078,0.08890986812638112
1755177241.540278,0,-0.004005392560999583,0.010047332654217096,-0.6067657745820613,0.9956206064642567,-0.012198149129174713,0.021766785361264397,0.09009450702792411
1755177241.567235,0,-0.0038443949168331607,0.010070376423529821,-0.6062977301820872,0.9956424000303143,-0.011836454326810828,0.021862801866457608,0.08987840399891842
1755177241.5983157,0,-0.0036312655788589584,0.01000191537163237,-0.6059775201816212,0.9956722364813267,-0.011831936696848101,0.02145302174591341,0.08964692204556714
1755177241.6314828,0,-0.003566759837719606,0.00999285719765191,-0.6061020463775274,0.9956494803779322,-0.012228010452286027,0.02016789441917332,0.0901434635357967
1755177241.663274,0,-0.0035627034162875244,0.010000649074209382,-0.606265842437991,0.9955921426370368,-0.012227833655830888,0.019788200877535803,0.0908580910514301
1755177241.7110183,0,-0.003374621750633853,0.01019361461873864,-0.6069492748464044,0.9955865979003095,-0.012076215246306627,0.020266003231296036,0.09083380548915455
1755177241.7429569,0,-0.00332733052148023,0.010165548878437479,-0.6064536020096992,0.995531871407106,-0.01216401102386511,0.019555188394299726,0.09157469331283567
1755177241.7741046,0,-0.0032512017545582106,0.010217393225871639,-0.6058188006506795,0.9954827039090677,-0.012279526140471442,0.019867666315893533,0.09202540568135115
1755177241.8064084,0,-0.002945086397988775,0.0102263133491989,-0.6063520113476051,0.9955822943234276,-0.012013051423486841,0.020320794395020905,0.09087709909736218
1755177241.838478,0,-0.003043749553543108,0.010377816734524044,-0.6067220319803912,0.995493008412024,-0.01209748858239319,0.021331932634548825,0.09160933152715259
1755177241.8722267,0,-0.003125523999548972,0.010163958104126493,-0.6062665890355441,0.995449311167737,-0.012457338273302846,0.02047100136019039,0.09223026467561253
1755177241.9038448,0,-0.0029715619413103658,0.010036823910034041,-0.6055255055698436,0.9954652017629488,-0.012558560178611847,0.020133805503028682,0.09211918649911244
1755177241.9365807,0,-0.003101711531462455,0.010073836981432722,-0.605817860789746,0.9954121775994578,-0.012868323357191251,0.019774402121170886,0.09272527142818573
1755177241.968048,0,-0.0029055587876819205,0.010194990202168415,-0.606323938230552,0.9954753636619972,-0.012703731154889993,0.020183585124725345,0.09197846730768937
1755177241.9983256,0,-0.0028697186699147515,0.010139023893721656,-0.6056187495084583,0.9954561649551753,-0.013009634707085316,0.020504149554896347,0.09207254155584778
1755177242.032629,0,-0.0027406405140110576,0.010059280405924,-0.6052733894496314,0.9954556575439183,-0.013201544357089746,0.019761926388784424,0.09221290232823942
1755177242.0630977,0,-0.002602856311743636,0.010238487262249178,-0.6053231974730015,0.9954922464299806,-0.013240207427082857,0.02058996209187971,0.09162934937089479
1755177242.0948725,0,-0.0027434879410626607,0.010098393674291987,-0.6047882139105755,0.9954584562540525,-0.01329405157934013,0.019641194315213432,0.09219519266630222
1755177242.1423116,0,-0.0030499766308158065,0.010161434162951948,-0.604909314613134,0.9953456100777957,-0.013205040038895834,0.01959605235257567,0.09342771616938582
1755177242.179195,0,-0.0032213560635061815,0.010099317738060463,-0.6052611780141839,0.9952942122552855,-0.01314690213743457,0.018718456826511416,0.09416055113131776
1755177242.2063239,0,-0.003273732935913131,0.01025355298173506,-0.6061602052363747,0.9952592100211387,-0.013077762127137233,0.01897042958464209,0.09448915179648378
1755177242.2397814,0,-0.0036419294253448534,0.010031737336563422,-0.6053192801250455,0.9951576976801858,-0.013061378243006027,0.01782360466582064,0.09577513384475933
1755177242.2737076,0,-0.00358002073701302,0.010353134078730654,-0.6062428856140825,0.9951993750427902,-0.012880162073810037,0.018625382620050233,0.09521239657549234
1755177242.3007646,0,-0.0034704827384107696,0.01032452524071207,-0.6065189916153918,0.9952469033752125,-0.013443735730169735,0.01777733005859445,0.09479891258688339
1755177242.335673,0,-0.003482254456867979,0.010357359068680953,-0.6063534681889202,0.9952385806816985,-0.013891292926728091,0.01791281263246985,0.0947962586133869
1755177242.3683255,0,-0.003282695975959896,0.010366901707934272,-0.606672656722451,0.995317440122037,-0.014009068509878729,0.01792636873259699,0.09394458309271352
1755177242.3997896,0,-0.003423824726695039,0.010242708303351118,-0.6066095625927422,0.9953232555660925,-0.014056529232741583,0.017261846364790247,0.09400031688947838
1755177242.430621,0,-0.00363751643060606,0.010211055808343382,-0.6059961372788104,0.995203947063941,-0.014334917442526175,0.017306047240044017,0.09520564384107642
1755177242.464325,0,-0.003912991503869387,0.010087713933628832,-0.6051673015506533,0.9951349262489402,-0.01415409200613821,0.01667233562241743,0.0960633825340941
1755177242.494629,0,-0.003919757938409675,0.009862528578432957,-0.6041906178100459,0.9951016431089349,-0.01435402994388052,0.015206762782509738,0.09662006040126807
1755177242.5433905,0,-0.0038668067937550144,0.009791851675882306,-0.6039427039641209,0.9951147706207147,-0.014624954189097875,0.014080383731491631,0.09661494088091668
1755177242.5751338,0,-0.003787704021799598,0.009953366344886465,-0.6046237689171097,0.9951217088178804,-0.014237457737967505,0.014872031166805843,0.09648265194072386
1755177242.6093163,0,-0.0038432939652838266,0.00993841477823871,-0.6050392274699944,0.9951057320354542,-0.014522273549291635,0.013625456346225279,0.09678859736817987
1755177242.6379557,0,-0.0036457735242268873,0.010065652807676996,-0.6055597384243131,0.9951169153312442,-0.01492164385761282,0.012527919032242076,0.0967611523853322
1755177242.672111,0,-0.0034936520330782236,0.010238895255179313,-0.606269052160851,0.9951206476765352,-0.014892771553730201,0.011596756940913996,0.09684326074505493
1755177242.7046883,0,-0.003463946771149261,0.010146194289146433,-0.6066443350739359,0.9951129893533942,-0.014944433307359244,0.010469511382385917,0.09704221588920707
1755177242.734973,0,-0.003489997235720985,0.01014637740152758,-0.6071576778632175,0.9951088853318819,-0.014886422022567479,0.009977539145562141,0.09714499207629904
1755177242.7667665,0,-0.003582966682464304,0.010052680285468331,-0.6071129790247658,0.9950640406598168,-0.014844427575212994,0.009179706363571764,0.09768792631027301
1755177242.7997901,0,-0.003598810041305677,0.010120804786844247,-0.606428097456408,0.9950312885918794,-0.014941923658694033,0.009155038882272863,0.09800846342855164
1755177242.8345265,0,-0.0038540042934090014,0.009727766430047573,-0.6050106056282809,0.9949442162632397,-0.015186255488899425,0.007034028416957781,0.09902477777194506
1755177242.862007,0,-0.004114307008141439,0.009724942893711098,-0.6047042822503939,0.994823385619833,-0.01497350025174417,0.006566509579031336,0.10029509791636217
1755177242.8951697,0,-0.004373543562525097,0.009671805833668425,-0.6037791890511754,0.9946883860601651,-0.014886572346780447,0.005833595248059342,0.1016827112505855
1755177242.9268584,0,-0.004259816280111671,0.009744521263543186,-0.6047226634617554,0.994670347415047,-0.014723043663407856,0.006240814092316631,0.10185864812562564
1755177242.9752996,0,-0.004346164331377908,0.009649493978637215,-0.6043702459547111,0.9945367552841762,-0.015163579167780668,0.005632354517340577,0.10312606284657751
1755177243.0065715,0,-0.004237360896489824,0.009685065593802493,-0.6043878043774334,0.9945262478279119,-0.015276600805385935,0.005565114007230125,0.10321432727705135
1755177243.0427253,0,-0.004325801972045277,0.009711985465743762,-0.6041547389289572,0.9944713918706402,-0.015281670969818452,0.005226145072363877,0.10375841503668257
1755177243.0695307,0,-0.004574108252066605,0.009749393943584587,-0.6043127903592519,0.99437602337064,-0.015121587575624689,0.005093084260354658,0.10469824366961412
1755177243.1026177,0,-0.00477187465386732,0.009653704782777515,-0.6037415687670512,0.9942397523188641,-0.015300835058548354,0.004640665824798515,0.10597954319649475
1755177243.1346135,0,-0.004847261159928108,0.00972580917275296,-0.6040479451319848,0.9942012239463279,-0.015419525744275447,0.0046069708772628025,0.10632469303403133
1755177243.1679342,0,-0.004970801423894985,0.00985087577786093,-0.6038147707245173,0.9941122450685329,-0.015246989181245015,0.005294853108421043,0.10714633944409112
1755177243.1984513,0,-0.005116830567975163,0.009728311481188946,-0.6033697801879752,0.9940500914765457,-0.015345358730042237,0.004735493932361279,0.10773351706007772
1755177243.2317033,0,-0.005246373920935397,0.009499584813761681,-0.6028593012160411,0.9939600897044543,-0.015699980641854384,0.0037521222996728483,0.10854847885072695
1755177243.264429,0,-0.00501790391491182,0.009821470971411735,-0.6035954622510389,0.9940278846168477,-0.015488875613036768,0.005293489076523611,0.10789178981644398
1755177243.2945287,0,-0.00508587720005511,0.009706401433444235,-0.6032522878692889,0.9939952639780303,-0.015569481209704864,0.004516755403658252,0.10821555047556737
1755177243.3275945,0,-0.005156966882372014,0.009750168755049228,-0.6034786115607362,0.9939578320200491,-0.01569131579989787,0.004128011824560286,0.10855676069618099
1755177243.3606372,0,-0.005500115359952307,0.009570421762643146,-0.60296287008167,0.993844858239147,-0.016014246363032215,0.002896066573237008,0.10957898732620804
1755177243.4083474,0,-0.005279764405327583,0.009725316873259386,-0.6032906772207047,0.9939253090438664,-0.016254423741141968,0.0034613632740135678,0.1087947274236357
1755177243.4401028,0,-0.005505935639632069,0.0098159004361024,-0.6031319822931794,0.9939536729737263,-0.016001794288237094,0.004050157239774945,0.10855245178220906
1755177243.472314,0,-0.005481750038736452,0.009830536949286782,-0.6028482113636364,0.993979901844775,-0.01599576965855408,0.004348921963379609,0.10830132482771646
1755177243.5029523,0,-0.005924610517176263,0.010046032936935505,-0.6029510378573026,0.9938946102984669,-0.01575275421149301,0.005937575914146183,0.10904173305058293
1755177243.537499,0,-0.006293395182982671,0.009630109429980695,-0.6012296390991829,0.9937643721251881,-0.01609660720358708,0.004880786428340985,0.11022454288861913
1755177243.566199,0,-0.006635953177862802,0.009356153961524567,-0.6010690173167448,0.9936627776235664,-0.016547281697773922,0.0039704290023613205,0.11110673934271849
1755177243.599818,0,-0.006901177487863044,0.00929860936542707,-0.6011211659001077,0.9935063263681049,-0.017206896673810326,0.0034174252183472873,0.11241629498558728
1755177243.6309686,0,-0.006727257614390149,0.009528955431969403,-0.6019753598474109,0.99354451762692,-0.017381497763875018,0.004390998121693322,0.11201738331379912
1755177243.6639998,0,-0.006995807926227349,0.009259700354943952,-0.6015001479512322,0.9934486776414103,-0.017910901950802884,0.0033173484224607373,0.11281808225318328
1755177243.6962683,0,-0.007094250367890122,0.009280417635860426,-0.6019014339958602,0.9933844077087759,-0.01764692662419025,0.004036131249856089,0.1134006796555424
1755177243.727089,0,-0.007031787559032941,0.009276527475459644,-0.6020280125636555,0.9933303989554504,-0.017770210012137643,0.004636444433134445,0.113830758278018
1755177243.7597668,0,-0.006793709234122501,0.009175542766857801,-0.6023487927207795,0.9933540180264894,-0.018035457881368466,0.00394635048140627,0.1136087296272439
1755177243.790913,0,-0.006765256855507024,0.009099586554545576,-0.6025911767540183,0.9932844729726575,-0.018326032366196614,0.0030729749564158194,0.11419574910678718
1755177243.8408523,0,-0.006822570668370895,0.008847367904578317,-0.601435939110148,0.9932123412234647,-0.01898095553205079,0.0015468231948105658,0.11474570103711144
1755177243.8714726,0,-0.00674694876166959,0.008957213345747526,-0.6021451832607069,0.9932059354902141,-0.0191830452081685,0.0013168983506602458,0.1147704067357259
1755177243.9054055,0,-0.00696852137662605,0.008848489751974185,-0.601552717443406,0.9930892133087198,-0.01913805341112601,0.0009468743217200491,0.11578710096776619
1755177243.9425693,0,-0.006695547224053576,0.00897400871556777,-0.6019712407603556,0.9930924046856197,-0.019469291705323005,0.0006569560742462924,0.11570648575141773
1755177243.9647303,0,-0.006619732978976341,0.008813729948407227,-0.6021172989025347,0.993076949968084,-0.019495562524154117,-0.00023279240701147685,0.11583626501078877
1755177243.9998686,0,-0.006488565171439681,0.009058222534607273,-0.602462450850517,0.9930495544522433,-0.0191877751128817,0.0013688959029790428,0.11611433077973389
1755177244.0313659,0,-0.006370915130922598,0.009092294563817722,-0.6028549375141251,0.993082907421986,-0.019215101966453135,0.001278846156153092,0.11582522780129922
1755177244.0625186,0,-0.006215522142640579,0.008991972687051257,-0.6023076466397862,0.9930926547278753,-0.019361556872287845,0.0005827293372679173,0.11572281394583186
1755177244.0958772,0,-0.005762191413838983,0.00911788700135236,-0.6025480665706029,0.9932847715407251,-0.019001554998569946,0.0012358538422874068,0.11411737903670148
1755177244.1280344,0,-0.005536092592662857,0.00889996337990525,-0.601709868509213,0.9933632519237745,-0.01921616085263284,-6.686789114303856e-06,0.11340277265039142
1755177244.1592314,0,-0.005571355903292918,0.008765815172306894,-0.6013211009366521,0.9933729165965721,-0.019170558219015667,-0.0007517224417330126,0.1133233126208447
1755177244.1915936,0,-0.005865679198369347,0.008697559898365771,-0.6010109695160643,0.9932111880879094,-0.019750225253604665,-0.001905021915093202,0.11462039674917485
1755177244.239592,0,-0.0056859921760813075,0.009206268978126729,-0.6023142131654485,0.9932712080085978,-0.019241540013514177,0.000199819066320769,0.11420170993198815
1755177244.2702208,0,-0.005518590752183697,0.009225012072351248,-0.6019822206026783,0.9933590177741873,-0.019030199722173173,0.0003717934003859106,0.11347059123360204
1755177244.3053474,0,-0.005544839330971271,0.009266105196888579,-0.6015463972120103,0.993362061253778,-0.018964818002354725,0.0006758526659305263,0.11345348898538557
1755177244.3370926,0,-0.0056331006925098,0.009177141082129033,-0.6006196436786797,0.9933247098641624,-0.018502012789143842,0.0004890456979907491,0.1138571786508575
1755177244.3672624,0,-0.005724595200347736,0.009144263805578139,-0.6011799855582416,0.9933078899779727,-0.018225548226004005,0.00038211062034362604,0.11404875751556118
1755177244.3989034,0,-0.0056692061357759005,0.009034270571056761,-0.601601378733735,0.9933051741831076,-0.018745201252158634,-0.0006761523683552223,0.11398680269687846
1755177244.4328077,0,-0.005607317590419468,0.009202451999159804,-0.6021029239452366,0.9933027031423421,-0.018501446005092008,0.00045936547536671365,0.11404922362382357
1755177244.4614005,0,-0.005605055497914981,0.009249268327854256,-0.6025292884879387,0.9933072471571077,-0.018711565540472774,0.0005239673858804605,0.11397506533611515
1755177244.4949977,0,-0.005539771841215023,0.009153657615416803,-0.6027732299214202,0.9933774488492987,-0.018792178121556955,7.804121725796781e-05,0.11334942465083434
1755177244.526683,0,-0.005442860332793293,0.009283246392393842,-0.6027815395288308,0.9934387938966135,-0.018498054725369605,0.0016724675502584258,0.11284674388263288
1755177244.5606391,0,-0.005663294378166882,0.009218581080652412,-0.6024454046988088,0.9934512903021593,-0.018219282009092827,0.0019343902923340637,0.11277787768106429
1755177244.59056,0,-0.00570596640098429,0.008894489567733414,-0.6021627589791767,0.9935159391798687,-0.01843227872613178,0.0004747699192833498,0.11218780811669972
1755177244.6227593,0,-0.006221407705466189,0.008517949647971125,-0.6010256180502196,0.9933228269441209,-0.01867986545875293,-0.0014330619744665452,0.11383659530906756
1755177244.6695783,0,-0.006446368546279374,0.00882593920508911,-0.6016211951601425,0.9932800183436393,-0.018353335521077725,0.00032345552911513517,0.11427097449059795
1755177244.702688,0,-0.006646820579672799,0.00839346980242596,-0.6006917340531815,0.9932136358513295,-0.018977053083965547,-0.002208825074773246,0.11472430477897866
1755177244.7349558,0,-0.006908129453787674,0.008276102870154622,-0.6012310596479691,0.9931320337265714,-0.019390052391757576,-0.0031886053259404796,0.1153369942839004
1755177244.7691555,0,-0.00713427969994173,0.0082706079350921,-0.6008322395275505,0.9930026848161553,-0.019826614242200606,-0.003160024522903963,0.11637262375925474
1755177244.7995536,0,-0.0074085015003773754,0.008394089882534893,-0.601498478362546,0.9929306032746851,-0.01986533800808378,-0.0025335910978892115,0.11699472784080192
1755177244.8309016,0,-0.007538270614680971,0.008595927625662546,-0.6025169612151983,0.9928963343844445,-0.019941177143753545,-0.0018959491337537727,0.11728437234745712
1755177244.862248,0,-0.007725731202507601,0.008645370407181177,-0.602525126661906,0.9928252600207779,-0.01992528879060795,-0.0015113024979990404,0.11789275590995874
1755177244.8945398,0,-0.00776441409097023,0.00868381783863606,-0.6023866426517497,0.9927583604099994,-0.020155382348471553,-0.0013644242136977623,0.11841763696764863
1755177244.927031,0,-0.007891811027886672,0.008537122886304246,-0.6016797245967859,0.9926766849630997,-0.02042091553571464,-0.0019287383201752693,0.11904732381639865
1755177244.958479,0,-0.008211213103189686,0.008517072121121474,-0.6012250848235168,0.9925549358828724,-0.020416793166208622,-0.0016048362347852317,0.12006364275672692
1755177244.9884632,0,-0.008315661920890486,0.00819057498736904,-0.5999098767483864,0.9924880857665935,-0.021088758533966103,-0.0039398524055168,0.12044559534446105
1755177245.0234478,0,-0.008175188841444487,0.008140208221933336,-0.6001760586829284,0.9925200127978708,-0.021155786263031284,-0.004987697240707927,0.12013151035237364
1755177245.0579205,0,-0.008183269507631203,0.008185720238678064,-0.600204711253496,0.9924621808106391,-0.021344365848047057,-0.005073127157714708,0.12057156002962166
1755177245.1019819,0,-0.008150800966811369,0.008165891746690968,-0.6004600918250473,0.9924556269586094,-0.02148607118111224,-0.006075340347629526,0.12055400243481701
1755177245.1335313,0,-0.00798167413184721,0.008170535638053797,-0.6014471418034122,0.9924809634243575,-0.02146933509561877,-0.006695426270838153,0.12031531971392069
1755177245.1673079,0,-0.007847948370790262,0.00833680520971665,-0.6018279683075598,0.992484059550306,-0.021289203801555825,-0.005961233932758451,0.12036039643520338
1755177245.200614,0,-0.007864754663518533,0.008295910847171073,-0.6019502994871873,0.9924225713673868,-0.02090093192698361,-0.005528594131938102,0.12095464245762562
1755177245.2332098,0,-0.008020869097244194,0.007962749427682443,-0.6013296406450354,0.9923108886609144,-0.021135589305581515,-0.0065379478840214686,0.121777018961534
1755177245.2629435,0,-0.00798767697705148,0.007891309607762756,-0.6010302130851238,0.9922456587343506,-0.021638050282681776,-0.006878571850493649,0.12220078867215424
1755177245.2951996,0,-0.00783277383718724,0.00798044302663107,-0.6015213468065487,0.9922527095095857,-0.021848007033901773,-0.007152944498803502,0.12209037818161321
1755177245.3267393,0,-0.007423963843147412,0.008021270095888738,-0.6013569897870144,0.9923809469928082,-0.021559505260219325,-0.007014481322690628,0.12110343029974609
1755177245.3581712,0,-0.007362428704490794,0.007920683763261022,-0.601385406075774,0.9924120188916594,-0.021646080342721835,-0.007268237828829564,0.12081806439452981
1755177245.390313,0,-0.00715294155133564,0.007765488277586129,-0.6014186196106299,0.9924522095870273,-0.021780257429562397,-0.00792032099614809,0.12042217647695562
1755177245.4286253,0,-0.007178490145390433,0.007824526853565987,-0.6010377688037621,0.9923658954005558,-0.022301624822887244,-0.0077142330230461345,0.12104981530336417
1755177245.4552767,0,-0.007162946831319674,0.007800175037662539,-0.600584275003127,0.9923403896782421,-0.022251916662688914,-0.007820533530629066,0.12126105093296653
1755177245.4885814,0,-0.007037454316344338,0.007833933451408828,-0.6009281020517007,0.9922933180076053,-0.02203951759124321,-0.008150663883137446,0.12166263756826308
1755177245.5348403,0,-0.0067241507045855764,0.008004367580571554,-0.6012340860559031,0.9923978656577498,-0.021730032547561087,-0.007579487832011974,0.12090009630942919
1755177245.5664206,0,-0.006726019866586939,0.007963174946193044,-0.6006894568423756,0.9923843153351994,-0.021468710941337087,-0.007347927189389401,0.12107218133503739
1755177245.5973525,0,-0.0066462462334655695,0.008009758799062579,-0.6008353962297979,0.9924270100550134,-0.02129518017710206,-0.007716045697935043,0.12072948129300672
1755177245.632887,0,-0.006426593962780076,0.008117226989632673,-0.6007160011570517,0.9925020783947683,-0.021494491163228373,-0.007840047799725646,0.12006725149763751
1755177245.6637812,0,-0.0063682092867894035,0.007981978487768757,-0.6005634844780323,0.992585796957507,-0.021494510100575088,-0.008572459987826074,0.11932281694430438
1755177245.6928458,0,-0.006437302593140407,0.008073625973608035,-0.6011819835572983,0.9925536888027945,-0.02114473698540899,-0.007794414963047572,0.11970514624345605
1755177245.7263606,0,-0.006602341094761377,0.008142966052600481,-0.6007175955428559,0.9925081808555607,-0.020716360154989854,-0.0063752613501426095,0.12024017381653986
1755177245.7596827,0,-0.006406492708506004,0.008253817391120792,-0.6008986021657095,0.9925900729099353,-0.02052861032958108,-0.0058167613010788235,0.11962311067077178
1755177245.7913492,0,-0.006447768852866344,0.008374634041483656,-0.6012427454366337,0.9926213320558062,-0.020542659818458216,-0.005415194172157692,0.11937992271491081
1755177245.8210468,0,-0.006309786599446605,0.00848363670903713,-0.6013431468211092,0.9926619114594869,-0.020440912002953542,-0.0051939169160827555,0.1190693994322402
1755177245.8556385,0,-0.006060901391613838,0.008543304136904156,-0.6017888470040393,0.9928127743758682,-0.020296857096563932,-0.005281848429823106,0.11782586602803893
1755177245.887216,0,-0.006000879076542074,0.008664558037535963,-0.601772645353564,0.9928512137731953,-0.019850966065060347,-0.004571200288796554,0.11760744272067261
1755177245.9385345,0,-0.006098446831380708,0.00862213618063342,-0.601854833526853,0.9928205541437244,-0.019854593971434503,-0.004775552010711435,0.11785727160837606
1755177245.9670324,0,-0.005893295833794895,0.008630902066210658,-0.6022013849244733,0.9929178666860939,-0.019835596036140237,-0.004941414115206588,0.11703094279706323
1755177245.9981332,0,-0.005477257897679477,0.008665025030778019,-0.6025048529477597,0.9930745621515135,-0.01973650049222569,-0.004784692471447438,0.11571729029775132
1755177246.031445,0,-0.00565996929979977,0.008394790218632806,-0.6014707698697189,0.9929820483790137,-0.02011546102285928,-0.006285064594716335,0.1163723239773788
1755177246.0636601,0,-0.005589030733632056,0.00854768985075037,-0.6019969017686483,0.992982234194267,-0.020088476637502,-0.00597413193723639,0.11639177560525125
1755177246.09745,0,-0.005323015475155871,0.008345525420187579,-0.6023329289662986,0.9930929525325809,-0.020049021304928784,-0.0068504513950619714,0.11540145445582409
1755177246.1281288,0,-0.005617134040730268,0.008279256747238707,-0.601581965333619,0.9929292544956598,-0.02056128452021184,-0.007460396835137741,0.1166750685649439
1755177246.1594963,0,-0.005373142870258226,0.008458384420626602,-0.6019675530373282,0.993032174323872,-0.020548784075481403,-0.007114900457096988,0.1158198015112609
1755177246.1911623,0,-0.005391570201895315,0.008398138687309938,-0.6016912881130095,0.993000909737386,-0.02049486337734887,-0.007921184340916475,0.11604485630352142
1755177246.2248578,0,-0.005372548921551819,0.008465912331753214,-0.6015786703558118,0.9929625853519852,-0.02024731290473321,-0.0075825308577055104,0.11643820522934561
1755177246.2575517,0,-0.005352301970164755,0.008407439575409188,-0.601760160880238,0.992922800436201,-0.020192547466113594,-0.007844400400109098,0.11676916880377203
1755177246.2891986,0,-0.005350322456607275,0.008649548375545865,-0.6015816606391877,0.9929090043793023,-0.019780629668439024,-0.006792757840858874,0.11702262239985071
1755177246.3199022,0,-0.005434994019670512,0.008688616312691917,-0.60076045717904,0.9928752624884462,-0.019733517311941246,-0.00622514371596355,0.11734798259328523
1755177246.3665617,0,-0.005746369415934486,0.008802752265512935,-0.6006013655514663,0.9927816915953493,-0.019648044354924888,-0.005695600807703223,0.11817794767867061
1755177246.4000256,0,-0.006071947452733247,0.008727345383498057,-0.6005458412499343,0.992670425292012,-0.019553865847232742,-0.006087058831754141,0.11910508299725671
1755177246.432737,0,-0.006425652647732752,0.008679197169711182,-0.6007454501429045,0.9926383203203305,-0.019571640672403065,-0.006005859524813492,0.11937355471121552
1755177246.4623497,0,-0.0073876305393693695,0.008104113304461404,-0.5991219732083889,0.9923562291728045,-0.01943184329026803,-0.00819284553164042,0.12159109823654622
1755177246.494644,0,-0.009471880885171317,0.006805526710852369,-0.5955340031415326,0.9916681332708489,-0.018181233913612316,-0.011835996362501024,0.12697899581661293
1755177246.5290782,0,-0.01315949767314432,0.005555249040084025,-0.5920483236011893,0.9900859903482969,-0.01678064810092447,-0.01600429275787313,0.13853520916599243
1755177246.5585754,0,-0.017328776549650017,0.003194101338905256,-0.5855809060150956,0.9878747915125964,-0.016510886238296524,-0.02502498688415833,0.1523303546934028
1755177246.593249,0,-0.021848920925864396,0.0006221190152746262,-0.577923407840273,0.984917397443039,-0.016843115009503393,-0.03545284925586325,0.16851446576020862
1755177246.6223779,0,-0.026179100499321598,-0.0013450750634626946,-0.5715288508442865,0.9814036753889054,-0.017919363658412776,-0.04570136260813144,0.18557237885791514
1755177246.6547174,0,-0.02949361971553902,-0.002687563047655467,-0.566676426859987,0.9779251078024036,-0.019809554686991044,-0.05574118191960298,0.2004070500530508
1755177246.6874814,0,-0.03204833086313844,-0.0037257437872812924,-0.5634802724370712,0.9743213684895776,-0.021379844914287356,-0.06454972866439769,0.21464879609583232
1755177246.7227566,0,-0.03384708508189602,-0.004243949729226079,-0.5622095632530081,0.9709395266115952,-0.02401052575635211,-0.0723632032061295,0.22685567468746135
1755177246.7513857,0,-0.0350834463823072,-0.004837702782871427,-0.5598658125474556,0.9676294992705151,-0.027167163534276822,-0.07943189116523192,0.2380035126482561
1755177246.8007073,0,-0.03586771110679472,-0.005172010259343107,-0.5591656534634276,0.9649116585869134,-0.03012690366375929,-0.08541459751628633,0.2464593421435208
1755177246.8314393,0,-0.036073385079561815,-0.005311932987743073,-0.5594775930728709,0.9624276103288432,-0.03287561277790046,-0.09116065760895473,0.25365729531297343
1755177246.862139,0,-0.036052458691236446,-0.005236807872745844,-0.5601941517596392,0.9604078621131441,-0.035301736766553043,-0.09548222862304484,0.2593331251300177
1755177246.8943017,0,-0.03583078606536779,-0.005303834160595863,-0.5601739146319501,0.9586881407528999,-0.03737601468629849,-0.09892946315232073,0.264070149063296
1755177246.9291012,0,-0.03556117741539198,-0.005383566059694436,-0.5608804528889361,0.9574766633313901,-0.03874962565490912,-0.10168506931402259,0.2672022686393112
1755177246.9604266,0,-0.03521716555120632,-0.005460276612949212,-0.561480143809869,0.9565101244561217,-0.04029724665582779,-0.1046412614824545,0.26928557354647614
1755177246.992022,0,-0.03515917628555538,-0.005345880146496632,-0.5629005530592922,0.9557007540265766,-0.041258596102872185,-0.1061764350183103,0.27140442451709496
1755177247.0238883,0,-0.03515563759879844,-0.005419221301943569,-0.5631591010247887,0.955045817095638,-0.042185228493564646,-0.10779187347836781,0.2729263742423849
1755177247.055893,0,-0.03509364092614373,-0.0054247469892228575,-0.5625723953120461,0.9545123620031608,-0.04293856833410746,-0.10886120383724718,0.2742474583868906
1755177247.0885062,0,-0.03512909648854844,-0.005450455220526368,-0.5621836699773527,0.9539114309729758,-0.04391113527932482,-0.11037834159860693,0.27557470087711555
1755177247.1216216,0,-0.03518391077167169,-0.005169710209495977,-0.5628519663878216,0.95358907802136,-0.04481655527857745,-0.11089576343130805,0.27633580351507486
1755177247.1516855,0,-0.03522818944760904,-0.005077738290882455,-0.5635422127085269,0.9532324602241489,-0.04517685773751841,-0.11151401478239095,0.2772571961322072
1755177247.1861384,0,-0.03535588230180019,-0.005154997661622453,-0.5631852990312297,0.9529181691832553,-0.04587784033317518,-0.11238077922216248,0.2778718176933677
1755177247.2319114,0,-0.035224879981447355,-0.005347486275990583,-0.56230440677619,0.9527207786955659,-0.046041885154771235,-0.11329819821946835,0.2781488467229938
1755177247.2625089,0,-0.03529163835476657,-0.005240843807041255,-0.5629392552186294,0.9526651290800013,-0.0463981282005544,-0.11350307155533959,0.27819672586494026
1755177247.2945547,0,-0.034774623128795965,-0.005378667108070764,-0.5625884913835207,0.9526708324213432,-0.045850555712064825,-0.11364240164619537,0.2782110999629681
1755177247.3265471,0,-0.033593773400994446,-0.005290437318607719,-0.5628331146398089,0.9533311979935407,-0.04448312921564505,-0.11207732346453678,0.2768023694125655
1755177247.3576376,0,-0.03137234140235802,-0.004634552914599618,-0.5663835852234526,0.9549817351567994,-0.04289284909078284,-0.10917481815211637,0.27249027156072236
1755177247.3916516,0,-0.027417672754454024,-0.003106214992908529,-0.5737298820644432,0.958785182191603,-0.038100034047061686,-0.10128134456472432,0.2627193389505022
1755177247.4225826,0,-0.021916366337461815,-0.0005960574962843648,-0.583665527078453,0.9644476099080016,-0.030744890262943365,-0.0883217957759594,0.24717366335508384
1755177247.46079,0,-0.013984716332024943,0.0015781869718698646,-0.5923351167539829,0.9714443789992694,-0.02447185345893556,-0.07578914274412739,0.22350157212225255
1755177247.492418,0,-0.005276531926872215,0.0035638810800138754,-0.6004873975493356,0.9786969060703627,-0.019267940597452116,-0.0639552320771912,0.19414129082548381
1755177247.5244765,0,0.005311628829085322,0.004372087170003813,-0.6059740583441033,0.9865595148134922,-0.01709615282257974,-0.057224518102751545,0.15209667917986108
1755177247.5549214,0,0.016128933692108754,0.0036893585186051,-0.6044448998648022,0.9930878836015442,-0.01822894200853422,-0.05555333006285802,0.10177420417759349
1755177247.5885422,0,0.025647941781731996,0.0017693637378819738,-0.5982488520955463,0.9968860206810866,-0.019791148783144284,-0.05735391025734253,0.0503696454093555
1755177247.6322482,0,0.033798738539490406,-4.963984505122754e-05,-0.5911537960493989,0.9980071511974256,-0.02113546243267368,-0.05944529794569265,0.0011291318363969023
1755177247.6634135,0,0.04062021722254505,-0.001123695936020408,-0.5871827047555866,0.9970812949855713,-0.02128679874555995,-0.05975235748414194,-0.042490224336304165
1755177247.697061,0,0.04588885730365398,-0.00252051197188035,-0.5818013820679475,0.9943826772597014,-0.02030229418394479,-0.06292800164943047,-0.08264971037521192
1755177247.7277865,0,0.04996955411142223,-0.0036501042051633736,-0.5783972439042127,0.9908690112724248,-0.0186664413880925,-0.06476106005830326,-0.1167740192253273
1755177247.7595115,0,0.0530291579222783,-0.0046168520380567984,-0.5751120904258428,0.9866633343556891,-0.016680811773569754,-0.06710411846351086,-0.14735756662595775
1755177247.7896736,0,0.055069574436004395,-0.005477861489923075,-0.5721887212783401,0.9823661367333868,-0.014141510107471073,-0.07032897123340584,-0.17265754225243582
1755177247.822864,0,0.056469287111297554,-0.00610052476952256,-0.5696272416815424,0.9780070058076983,-0.011711751579669607,-0.0736532656419126,-0.19478277112280457
1755177247.8545454,0,0.05720990420895995,-0.006465134550946855,-0.5681566959555266,0.9740107148137798,-0.009524588067335367,-0.07611708642561409,-0.21311639731417392
1755177247.8871555,0,0.05746061415573907,-0.006701069321346807,-0.5683668545829503,0.9704866623783134,-0.006581332741734398,-0.0795300214002185,-0.22756823130926057
1755177247.919661,0,0.05723431276613662,-0.0068168546521910275,-0.568332996962405,0.9675247263196042,-0.003847225564195372,-0.0820949463309541,-0.2390429304592613
1755177247.955859,0,0.05687819967564355,-0.006627021290112743,-0.5692447710395508,0.9650700284743567,-0.0015362716151013412,-0.08358462660991178,-0.24829637573776733
1755177247.9834204,0,0.056013576191809605,-0.006574744266243535,-0.5694389075953439,0.9631806682111429,0.0009630508688107282,-0.08587766902855691,-0.2547687164460775
1755177248.0176318,0,0.05279616413772573,-0.006066881775775836,-0.5701493301268233,0.9616784270874459,0.002963053267359681,-0.08767536568504221,-0.2597669213775011
1755177248.0654404,0,0.05170375209153595,-0.005599913495858477,-0.5703887319240895,0.9607870697494958,0.004243331992340268,-0.0882501061104952,-0.262834776061439
1755177248.094801,0,0.05016631298178506,-0.004996991116048885,-0.572831254503306,0.9605622177512523,0.005022329893947704,-0.08836681620392174,-0.26360255656046755
1755177248.128076,0,0.047844270121250206,-0.00408049145528757,-0.5769065952748196,0.9612965971986556,0.005152492648533229,-0.08738083626567988,-0.26124106393770335
1755177248.1598964,0,0.04483903425162276,-0.0032358726107684574,-0.5810888494536521,0.9630673610062045,0.003521515154350969,-0.08508104048985808,-0.2554409396410952
1755177248.1914828,0,0.04039734742712063,-0.0023989210321930868,-0.5836948898010312,0.9661631814816256,0.0009464936276718912,-0.08205999565337205,-0.2445280515860803
1755177248.2238145,0,0.03512796026309871,-0.0010165010603990637,-0.587997907511586,0.9705539030743447,-0.0027790749998048564,-0.07743496286333833,-0.22808161805733965
1755177248.2589993,0,0.029301346079857026,0.0004813048498677891,-0.5935423778354852,0.975555026040671,-0.0068435200878086185,-0.07181706716352838,-0.20757616978743687
1755177248.2882166,0,0.022460931314669967,0.0013206495817760303,-0.5984515629373093,0.9808529981599342,-0.010284977229678256,-0.0694727375762108,-0.18164568251879806
1755177248.3198774,0,0.015075642582034936,0.003216692792450078,-0.6053965701047682,0.9864573989191197,-0.01420741017885581,-0.06331692484290069,-0.15063504453537022
1755177248.3540964,0,0.008024172170131705,0.003853353181085789,-0.607152129982559,0.990949884339404,-0.016852761105436053,-0.06130507347428232,-0.11822012999975
1755177248.3837442,0,0.0005741519591560247,0.004449757862129436,-0.608012999486828,0.9948357446094677,-0.019913820823853776,-0.05841151915905921,-0.08058148309042455
1755177248.4164493,0,-0.005244433514690333,0.003942139739401246,-0.606577233574296,0.9969305535911814,-0.022178951357088382,-0.058649378781071175,-0.04688086818388758
1755177248.449617,0,-0.010593515384022574,0.0029134899984289073,-0.6032262439696436,0.9978302706770072,-0.024781596461149472,-0.059378011086101544,-0.013959770662374053
1755177248.4970634,0,-0.014714171100669936,0.0015296407874752782,-0.6001443451636961,0.997654658921154,-0.026471441341043987,-0.06131815572068377,0.014984261919013853
1755177248.5272753,0,-0.018350378225013012,8.096264658839086e-05,-0.5966020442776329,0.9966940101232837,-0.027399216201489003,-0.06449845928547328,0.04111303790419499
1755177248.5621443,0,-0.02134121524720656,-0.0011206373905511963,-0.5947287545563691,0.9952572670862097,-0.02800196599140042,-0.06753398000231077,0.064171829939258
1755177248.5934958,0,-0.023815346740653,-0.0023751517361286154,-0.5909510190414605,0.9934119886660433,-0.028117887337983614,-0.07143124458860496,0.08508573607102736
1755177248.6266415,0,-0.025511341972273806,-0.003313607357279605,-0.5893031953659791,0.991579799922908,-0.02763734303679633,-0.07409460090811751,0.10254593005565324
1755177248.6583633,0,-0.026627902387784952,-0.003992496992144011,-0.5890319286462936,0.989848310480131,-0.027533501782108765,-0.07690441542553544,0.11630967030862635
1755177248.692134,0,-0.02759431575171208,-0.004781696839262488,-0.5883819289652781,0.9881457472074194,-0.02725151954262496,-0.07929502353755741,0.12859874105405125
1755177248.72084,0,-0.028264329640277565,-0.00505732230025642,-0.5880015048245099,0.9866495392084916,-0.02783995987550185,-0.08174801974250824,0.13807564840325864
1755177248.7505467,0,-0.0288225692439004,-0.005074966607389715,-0.586367182464536,0.9851496726367789,-0.028720809429103263,-0.0838501795408878,0.14705232062210177
1755177248.7834344,0,-0.029059138311046173,-0.004926269387404043,-0.5847336444027228,0.9837527426714507,-0.029399029352329787,-0.08624432638003489,0.15468727978341754
1755177248.8154094,0,-0.02875243049297209,-0.004466870481440101,-0.582249135686554,0.9827552533551984,-0.029200718058221904,-0.08734512722466155,0.1603441885998731
1755177248.8462222,0,-0.02861593321170686,-0.003384782638237771,-0.579981593074271,0.981891705303498,-0.028526899270748366,-0.08556567201668934,0.16659354983467234
1755177248.8826723,0,-0.02836679055510593,-0.0017738899371762262,-0.5801751817347487,0.9813532798643023,-0.027283050423589753,-0.08172456422668939,0.1718210431266144
1755177248.9265625,0,-0.028038378519131275,-0.00048483262372312624,-0.5797274459214192,0.9810324745257781,-0.026211528535950112,-0.07906936285680993,0.1750322129068122
1755177248.9595082,0,-0.02797487636938028,0.00044827330614149313,-0.5802221841595846,0.9806472692472331,-0.024732001461801722,-0.07671107655509304,0.17842273441295725
1755177248.991875,0,-0.027925407235522934,0.0009317220846585816,-0.5801120031286356,0.9803070685631778,-0.02391534787888584,-0.07513221693419685,0.18105595112962658
1755177249.019905,0,-0.028045635820259655,0.0012055752313406692,-0.5793628046648238,0.9799177086135727,-0.023610212495497985,-0.07366496333722039,0.18378605874213788
1755177249.0545735,0,-0.028046641726540793,0.0017537762863168646,-0.5794580006703945,0.9798136206824536,-0.02236881241940561,-0.07078818439271982,0.18561771980732003
1755177249.0868235,0,-0.028028786205683345,0.0018499798161188408,-0.5777608427636852,0.9796065172907849,-0.021557805566264104,-0.06887985765553171,0.1875150594217441
1755177249.120595,0,-0.027937567048677496,0.001840313233670475,-0.5761744086517101,0.979572267687184,-0.021066177962883438,-0.06712899653217257,0.188382818613609
1755177249.152215,0,-0.02761548437324951,0.0021118412570883954,-0.576392235743533,0.9797438137656834,-0.02013334593282777,-0.06406328286750479,0.18866002108995117
1755177249.1864045,0,-0.027208937505669103,0.00219428320760362,-0.5764599283339852,0.9800158144584754,-0.01961824829715455,-0.06263680817528226,0.1877784812129844
1755177249.21568,0,-0.02674162502856732,0.0026378872489124516,-0.5788530475809259,0.980542356275237,-0.01841199425102334,-0.0595045487865248,0.18616362343814294
1755177249.2474282,0,-0.026259590076309174,0.0026971134641921163,-0.5793275238757054,0.9809409931048431,-0.01765217284600128,-0.05805411883764228,0.18458842901515815
1755177249.2823184,0,-0.02585346752929813,0.002711378925657995,-0.5799702013521808,0.9813804054912868,-0.016880895015428533,-0.05655209576743889,0.18278237214115065
1755177249.3306885,0,-0.02561169939529035,0.0026131519725496044,-0.5804751915710616,0.9815605175768197,-0.01701125188447362,-0.056730184576703126,0.1817450241452073
1755177249.3596642,0,-0.025508402543313505,0.0027544847109237103,-0.5818435770076574,0.9818737508495042,-0.016415430583282833,-0.05607357852060581,0.18030592010076804
1755177249.3923166,0,-0.02577578833235101,0.002928745015705489,-0.5824603960220088,0.9817639685391696,-0.016403891036762912,-0.055622976504825304,0.18104283173276503
1755177249.4281065,0,-0.025981210244212596,0.0030728750032167837,-0.582992909897782,0.981747898437318,-0.016385393294151816,-0.05473818433924175,0.18140097567474228
1755177249.4619586,0,-0.02610304255180874,0.003481321548486155,-0.5833752701918964,0.9817354949052521,-0.016245276416995507,-0.05282769393514601,0.18204599361361817
1755177249.5077949,0,-0.02598512044684372,0.0037564404681724242,-0.5837336616055904,0.9819276212149773,-0.01617147396926488,-0.05117830979058057,0.1814866681928363
1755177249.5370805,0,-0.025626314186812445,0.0040165428610449624,-0.5850229439255688,0.9822237339768761,-0.01640818586587833,-0.05045804199864406,0.18005913985903843
1755177249.5724497,0,-0.025340872918625683,0.004725503341319125,-0.5866167327757473,0.9825763871665288,-0.015924660879374,-0.04837417634396773,0.17874559469170512
1755177249.605767,0,-0.024999670366033774,0.005202587454447412,-0.5871944789155977,0.9829492945910567,-0.015242214969506241,-0.04588837816037302,0.17740523074469314
1755177249.6330328,0,-0.0246048576245374,0.005262860946973723,-0.5872607673726602,0.9833002433295097,-0.014783067550940868,-0.044838343444688386,0.17576010735956957
1755177249.6571684,0,-0.02431184313857221,0.005241211004269948,-0.5875285360816401,0.9834792350414323,-0.01483552673663288,-0.0440945857545698,0.17494047243533636
1755177249.680243,0,-0.024096433874088486,0.005339094486256121,-0.5876331797438786,0.9835465640395495,-0.014519495646578097,-0.042504252813026666,0.17498208223978715
1755177249.7113874,0,-0.02377883873281698,0.005472374677587134,-0.5884487452364126,0.9836542006129502,-0.014518360719328736,-0.041512513078494725,0.17461483922172577
1755177249.7627852,0,-0.02356536721759472,0.00557560189902135,-0.5891665481936038,0.983771522021253,-0.014177979527535352,-0.04001235752843055,0.17433183473342234
1755177249.788895,0,-0.023371971449497347,0.005737673884888821,-0.5896740569752018,0.9838315556589322,-0.013898798681241584,-0.03860896059174442,0.17433198687265852
1755177249.820976,0,-0.023351335575631463,0.005711730218783143,-0.5902233686382209,0.9837067428961239,-0.014572650337233959,-0.039318509752782574,0.17482201415630758
1755177249.8504343,0,-0.023192364519008805,0.006019840883456563,-0.5909668189729649,0.9837168689589375,-0.014594403620893369,-0.03865926130949016,0.17491022446838161
1755177249.8854144,0,-0.022806945085316502,0.006469273764104416,-0.5914915357363715,0.9838165586273078,-0.014328297747222567,-0.037532164675039885,0.17461676743426927
1755177249.916903,0,-0.02237602602436034,0.006658146637459922,-0.5916611818546764,0.9838926196673885,-0.014705507641435156,-0.03769905652531101,0.17412019453857966
1755177249.9462495,0,-0.021810993333008854,0.006676501735004135,-0.5913890945779102,0.9838824899045364,-0.015378979921385582,-0.03867329561243898,0.17390546064543394
1755177249.980285,0,-0.02104450795374566,0.007390839627773392,-0.592573767884923,0.9841648994830695,-0.014962658725580022,-0.036460701548071454,0.17281836335286874
1755177250.0104756,0,-0.02032128529887047,0.007572770956315658,-0.5923451195207721,0.9843495884944348,-0.01426062784124702,-0.03569960871095875,0.17198273187240293
1755177250.0419536,0,-0.019397462608367427,0.007668679422824849,-0.5929358734592763,0.9847396708876351,-0.01419541583839781,-0.035574912203289746,0.16976659380165285
1755177250.0739343,0,-0.01866854170417064,0.007382466704972321,-0.5918165494161666,0.9848919926585047,-0.013920255113442847,-0.03580079573080454,0.16885583294567572
1755177250.1074572,0,-0.018203643221927183,0.007444929792362068,-0.5922307340122889,0.9850955416927231,-0.012728412717429798,-0.03445585510692178,0.1680403382990702
1755177250.1384883,0,-0.01792256846474531,0.007428961093957631,-0.5923992418413114,0.9851513964270759,-0.012044780964481265,-0.03379906975059092,0.16789661179813792
1755177250.1871426,0,-0.017342480806147885,0.00756404368105721,-0.5925498724790226,0.9852443704002889,-0.011945164720254533,-0.03428905446692416,0.16725759886506952
1755177250.2177477,0,-0.016827827083590208,0.007670719217717684,-0.5919372649700693,0.9854015338569381,-0.01184292263956296,-0.03458045083013443,0.16627613982809356
1755177250.2494535,0,-0.016551802732815268,0.007889371813593962,-0.5914474848346878,0.9855044921783715,-0.011668667819586304,-0.034441160184237055,0.16570619956033625
1755177250.2828195,0,-0.016337117369449598,0.008043523136869075,-0.5904179712121742,0.9855232946844535,-0.011629123664623932,-0.03448384080226654,0.1655882358158825
1755177250.314807,0,-0.01584091261046005,0.008125276020232983,-0.5899537649751881,0.985694236876704,-0.011003915357522544,-0.03435475275579051,0.1646375904766137
1755177250.3484974,0,-0.015645775113383966,0.008454532267697865,-0.5894953946369124,0.9857911623343172,-0.010175565984258249,-0.03294012523271635,0.16439948378905825
1755177250.3782144,0,-0.015499189399831905,0.008542118180817682,-0.5884230662778006,0.9858969882150238,-0.009731883452408534,-0.032798497510682784,0.16381903929048022
1755177250.4123943,0,-0.015498338880761482,0.008524942717138995,-0.5868412421794703,0.9859068156491607,-0.009431981662421382,-0.03241018761629781,0.1638547171036832
1755177250.442723,0,-0.015356029034077557,0.008626190488035423,-0.5860404916857349,0.9859424576836922,-0.009205023281742452,-0.03226299567518332,0.16368212117725803
1755177250.4762785,0,-0.0153470803288785,0.008644426143478816,-0.5845666095477948,0.9859711654157225,-0.008204718609894076,-0.030435751108449486,0.1639121978858155
1755177250.5079772,0,-0.015329889755255463,0.008693635944140216,-0.5833809231125509,0.98591840682593,-0.007515266332161418,-0.029495558284647914,0.16443365803646642
1755177250.5374007,0,-0.015419333554815649,0.00853514598072607,-0.5817128061823397,0.9858170801238464,-0.006736738917482813,-0.028209757071496273,0.1652982470893704
1755177250.5695045,0,-0.015464773693029819,0.008560944373573881,-0.5820569291855181,0.9859849180637118,-0.005038414212431811,-0.02537617579550179,0.16481627782205027
1755177250.6235266,0,-0.015864786141225502,0.00885898193731164,-0.582677081460717,0.9858895735050538,-0.003551614519944552,-0.02175442403825799,0.16593938629236957
1755177250.65137,0,-0.016334422842666393,0.009167113060069267,-0.5835980223345044,0.9859073427117435,-0.002402899686710046,-0.018668399335492032,0.16623004700238447
1755177250.6912546,0,-0.01676657760070692,0.008973253556896203,-0.5837196631650522,0.9858013705317193,-0.001636838920535751,-0.017312605902337175,0.1670127309309154
1755177250.7224586,0,-0.016950837796660675,0.009048412441176816,-0.5843966409543602,0.9857413711040364,-0.0011484703626349804,-0.01584656255517768,0.1675157209486486
1755177250.749312,0,-0.017003914109906263,0.008922578840017771,-0.584497904202768,0.9857855412910094,-0.0011269447845672202,-0.015479983803851396,0.16729006748303046
1755177250.7812812,0,-0.0170864786796614,0.008886585473525853,-0.5857048549658794,0.9857984544775528,-0.0010065010445866407,-0.015236925634950944,0.16723704793648655
1755177250.8206358,0,-0.016864069559262396,0.008758274317550371,-0.586245384345601,0.985897491010383,-0.0010341355109900452,-0.0152071388363479,0.16665476504315324
1755177250.8523266,0,-0.016654583189468088,0.008523405464119976,-0.5861324409907778,0.9860013616595389,-0.0010584256445399056,-0.015587571126908244,0.16600368118524889
1755177250.8815312,0,-0.016305916570037694,0.008565995388285834,-0.5867560685784567,0.9862829328442004,-0.00101991901625536,-0.015367028740248194,0.16434351393693308
1755177250.9097464,0,-0.01607059036384809,0.0085233024020187,-0.5874018253398929,0.9864659895105236,-0.00145230623529927,-0.016102997473365,0.16316689559464995
1755177250.940982,0,-0.015949293402537663,0.00843143462132203,-0.5876239172079598,0.9865487265547178,-0.0016649523531310575,-0.01657905231024379,0.16261602962629632
1755177250.972453,0,-0.015950616626833933,0.008207425832630844,-0.5881408163117575,0.9865831875443106,-0.0019191329214000553,-0.01738478991685224,0.16231974637512406
1755177251.0251067,0,-0.01577622592867241,0.007923465034225939,-0.5883362160779746,0.9865732045214137,-0.0021465525204602534,-0.018563137933358256,0.16224707807135597
1755177251.057098,0,-0.015465583874488726,0.0076466674281828045,-0.5882337667643487,0.9866327542589457,-0.0026076658519580877,-0.019466238907752356,0.1617716719484528
1755177251.0864947,0,-0.01504942858985404,0.007432050218448949,-0.5880439024345864,0.9867874173004452,-0.0026427012801213522,-0.019632709106911814,0.1608047447079366
1755177251.116632,0,-0.014678310522620372,0.007367370893130526,-0.5885212760590851,0.9868942557648255,-0.0025389396301644584,-0.019605578461806546,0.16015274901519383
1755177251.1496885,0,-0.014317463566773577,0.007201889551230779,-0.588630436968076,0.9870996229457024,-0.0021669927215138087,-0.0199714228493724,0.15884199945974223
1755177251.1796765,0,-0.014056754599416509,0.007157996203813521,-0.5888412660619963,0.9872059055749025,-0.002227344075616278,-0.020479035465734766,0.15811435116016095
1755177251.2179127,0,-0.013923547018649438,0.006790058539801032,-0.5883144216764943,0.9871730341472196,-0.002469959424311855,-0.02192448963742038,0.15812215754647838
1755177251.2507436,0,-0.01369581693447416,0.0065604480967780335,-0.5886994198180119,0.9872327391696905,-0.0026513382882697016,-0.023021435282751076,0.1575896653791527
1755177251.2826364,0,-0.013565241842970489,0.0063548498886088906,-0.5887570699841453,0.9872514420123419,-0.002844377149946457,-0.024152453573598655,0.15729958280159326
1755177251.3124862,0,-0.01340595149468914,0.006335048474279022,-0.590040871007005,0.9873305411995015,-0.0024243532364282006,-0.024132217855256904,0.1568125026503655
1755177251.3905754,0,-0.01338696154549653,0.006293650392127675,-0.5897322396328242,0.9872820633183934,-0.0022408814619720575,-0.023904282024790703,0.15715499101501199
1755177251.4179142,0,-0.013335316617639321,0.006329387803003017,-0.5896711329897693,0.987135651425396,-0.002231912161676015,-0.0240745690456717,0.15804632035680785
1755177251.4416082,0,-0.013357104995572201,0.0060976900881326845,-0.5881296872391124,0.9870024237649159,-0.001882729903087032,-0.024004473046823238,0.15889133420057197
1755177251.4663186,0,-0.013616253056985952,0.006275672067665453,-0.5885076240515767,0.9867838689350593,-0.001654824898684552,-0.022892155268236722,0.16040825038409126
1755177251.5050566,0,-0.013835195983686283,0.0061006354199227356,-0.5874419699713499,0.9865664661588157,-0.0015846117073761788,-0.022914864626666958,0.16173745959357955
1755177251.519054,0,-0.013995391320120386,0.006363883840679353,-0.5873880242653099,0.9862933517393784,-0.0017656356359641117,-0.022129064389561127,0.16350110505665263
1755177251.5519612,0,-0.01392374594934894,0.0066183176883609016,-0.5879987247015503,0.9863704754527183,-0.0020050617133439896,-0.021913255351341494,0.163061565436528
1755177251.5827448,0,-0.014026480100461524,0.006686719182495811,-0.5880667695965605,0.9864061411209496,-0.0018478781311306426,-0.021341809200408512,0.16292340926135543
1755177251.6147487,0,-0.014117629268645356,0.006780340447519101,-0.5887423428918611,0.9865402086668491,-0.0021174110968581222,-0.020946148765225617,0.1621579233516566
1755177251.648801,0,-0.014733731904153826,0.006728456308280138,-0.5880842572388645,0.9863162593124377,-0.0019855355984261486,-0.019871556496302536,0.16365028416327848
1755177251.6764219,0,-0.015164981340459417,0.006827020014442874,-0.5877140359549137,0.9862417495022077,-0.0021682561825641885,-0.018480354485960675,0.1642589014392364
1755177251.711663,0,-0.015693294278684638,0.006981253765636235,-0.5884770693914213,0.9862991546961325,-0.0016864752192932537,-0.01666312511910144,0.16411420873371874
1755177251.7403018,0,-0.016202117412283692,0.0067406638152831475,-0.5884410872443893,0.9862108108125446,-0.001786036533429266,-0.016635910321998498,0.1646459631989893
1755177251.7749743,0,-0.01681927369800455,0.006356428828275015,-0.5882984632534247,0.986123346726542,-0.001861927464039326,-0.01707846585816334,0.16512299740161743
1755177251.805068,0,-0.017626208857369277,0.005947346556551963,-0.588430726436303,0.98585475378449,-0.0024217673458738443,-0.01822478518499692,0.1665905059972078
1755177251.8387764,0,-0.01821362333866573,0.005748982626721889,-0.5881437736176448,0.985638538989226,-0.0032646284073226733,-0.018638147947178104,0.1678053399080173
1755177251.8855424,0,-0.018625910703775582,0.005862445766351053,-0.5894667941673757,0.9855961169211243,-0.0035308588195726476,-0.01803389784512924,0.16811485917226082
1755177251.9161663,0,-0.019403127305713835,0.005860258557079161,-0.5897891595934516,0.985271697157579,-0.004048908644745988,-0.017760453891227015,0.17002310253782615
1755177251.9507139,0,-0.019759761345914496,0.006048786746577418,-0.5915235058025492,0.9852852628982568,-0.004547054988511373,-0.01686269308622165,0.1700233060151593
1755177251.9816697,0,-0.020255227373534194,0.005897159807112841,-0.5917206307981714,0.9850696367858897,-0.005946816598648575,-0.017613032496038565,0.1711497214171003
1755177252.017276,0,-0.020637107642335957,0.006066576967561403,-0.5926595037680515,0.9850345423544942,-0.006917345151436953,-0.017577703250795332,0.17131878196203476
1755177252.046639,0,-0.020874454842447526,0.006480535222089821,-0.5937621141542859,0.9849294030908166,-0.008211207031610154,-0.01740577184051605,0.17188276851647438
1755177252.076671,0,-0.021177862727977465,0.0065546923641189025,-0.5937916309761571,0.9847349116502974,-0.010120163822580297,-0.01888883577974182,0.17273664331626662
1755177252.1112833,0,-0.021517084654781936,0.006790502950330103,-0.5939932791379361,0.9846184084424358,-0.010635449619430857,-0.01771061440966844,0.173492971341519
1755177252.1435497,0,-0.021872790056348287,0.006927494968662816,-0.5936674879617512,0.9844588838348189,-0.011444809421683983,-0.01715420075670494,0.17440027457662607
1755177252.1786437,0,-0.02203857765205509,0.007124388982049118,-0.5941438093940444,0.9844682345601021,-0.011762229099536692,-0.01608900633737239,0.17442789049862903
1755177252.2103572,0,-0.022229337390184054,0.00732592496965663,-0.5939802329518363,0.9843775603466102,-0.01262196812918619,-0.016026837492327778,0.17488466223942034
1755177252.2394102,0,-0.02261770596106755,0.007518296428917222,-0.5939291031489629,0.9842533132879068,-0.013262202488653287,-0.01544156204341213,0.17558783394240898
1755177252.2687905,0,-0.022874278336231325,0.00797833547318754,-0.5951820126375702,0.9843702260779709,-0.013365857007238404,-0.013704996708754425,0.17506794379006005
1755177252.318766,0,-0.02301234576668837,0.008048649635352248,-0.5954715649965744,0.9844072943545512,-0.014280691050899472,-0.014375449414346526,0.17473318842966334
1755177252.3514833,0,-0.02353002728925736,0.008092412388428394,-0.5951848375862243,0.9841827293766303,-0.015498165334184097,-0.014991930943871589,0.17583914261226025
1755177252.3836806,0,-0.024062453975827496,0.008275135540548172,-0.5949246083993999,0.9839574845003037,-0.01601896976041225,-0.014605702491291263,0.17708115302986124
1755177252.4125464,0,-0.02402185473407528,0.008466661451279021,-0.595663056776663,0.9840934118543729,-0.016621116316229697,-0.014839036149351297,0.1762489666448573
1755177252.4442704,0,-0.02445582497624912,0.008247436307917265,-0.5943024038459671,0.9838204222657151,-0.017363914398266497,-0.0154371044175357,0.17764449616264988
1755177252.479012,0,-0.02483878312230337,0.008189505564229503,-0.5937746187827565,0.9836175100794855,-0.018039232405671728,-0.015251183422394123,0.1787136854397662
1755177252.509085,0,-0.025167610282321184,0.008221057011648158,-0.5939719272283978,0.9834915434606479,-0.01855392475024213,-0.015410343968384687,0.17933950238731786
1755177252.5398347,0,-0.02542589467548736,0.008507957094252054,-0.5943008068901409,0.9833304631712809,-0.019396499237883405,-0.015233021001042119,0.18014697079843064
1755177252.578002,0,-0.025913917622816685,0.008519389763033049,-0.5942572807281751,0.9831059109264152,-0.02049613932077301,-0.01630822615902792,0.18115385155726801
1755177252.6052065,0,-0.02615994093482921,0.008589634994376164,-0.5945874320936623,0.9829641174618821,-0.021495543167458206,-0.016628149091663828,0.18177730899126165
1755177252.6369565,0,-0.026402498233674444,0.00843743008750382,-0.5937671243027048,0.9827794895139682,-0.02287408648632113,-0.017958683942949107,0.18247941480922672
1755177252.6731615,0,-0.026495170509959278,0.008451653862737156,-0.5935851522903018,0.982792468194566,-0.023721324645956096,-0.018557964392441124,0.18224122797732362
1755177252.7192826,0,-0.026398902792385055,0.0084766533550506,-0.5928761012328667,0.9827703102655088,-0.025187636930644616,-0.019715213646584778,0.18204233177301204
1755177252.7507145,0,-0.026131824170995292,0.008652780598427508,-0.592666120255633,0.9829198809634617,-0.02613707908860972,-0.020054217069960193,0.18106128542899774
1755177252.7835004,0,-0.025824390650712403,0.008815628072962274,-0.5929950373800187,0.9831025399972558,-0.026616940557537848,-0.019482251155191314,0.18005936858777088
1755177252.815107,0,-0.025464742544767653,0.008330253226042618,-0.5909153605527268,0.9831627293785897,-0.027347098220781216,-0.020447302345603425,0.179513485862574
1755177252.8463676,0,-0.025059746074786376,0.008303079119001772,-0.5903660941826026,0.9831272219846764,-0.02824038696159651,-0.02031639956735116,0.1795844922190442
1755177252.878177,0,-0.024552607931237404,0.008289870373274624,-0.5903729516846612,0.9831546292228335,-0.028957321632183064,-0.020397661706068687,0.1793108584512604
1755177252.9092982,0,-0.023396841065529618,0.008379888716820286,-0.5904342060291746,0.9835242165149634,-0.029283192141864117,-0.020065749697502407,0.17725680769913263
1755177252.9423332,0,-0.02263863343274336,0.008221078866674988,-0.58975833050371,0.9836765318889975,-0.029329009917441213,-0.020300223903670502,0.17637514194907908
1755177252.977403,0,-0.02161648546929787,0.008115137613553161,-0.5905479739151992,0.9840895354355501,-0.029090414232500857,-0.019984232720077478,0.1741326060466975
1755177253.0098152,0,-0.02067843618336066,0.008018631595144585,-0.5908665210494732,0.9844220991069224,-0.028802094210122597,-0.019358586118585132,0.17236245328528282
1755177253.0388284,0,-0.019647946515368348,0.007950071675077282,-0.5918091425108706,0.9848393766418102,-0.028890154668654192,-0.019563910666180368,0.16992355510180876
1755177253.0728037,0,-0.018812782417598244,0.007925342949133142,-0.5910076213373187,0.985085678901009,-0.028628407990108868,-0.019648599092811914,0.1685246333144804
1755177253.1047883,0,-0.01812830860012315,0.008018028928960003,-0.5914560371038184,0.9853351021591633,-0.027851461115825215,-0.01902393671218504,0.16726363142857936
1755177253.1490247,0,-0.01733276843071818,0.007859901070452945,-0.5914652167475379,0.9855524686941394,-0.028004209012125934,-0.020187469900698574,0.16581484187943124
1755177253.1837845,0,-0.016800697891695825,0.007577080553756277,-0.5908409356240781,0.9856721043289973,-0.02711006900751677,-0.019994996399347025,0.16527476221445356
1755177253.2181323,0,-0.016029486620403436,0.0074656056989401975,-0.5913036546732535,0.9859766530589831,-0.026273734115183862,-0.01981396362607828,0.163606654399125
1755177253.2454743,0,-0.0154664928801289,0.007150097391513767,-0.5905413671028189,0.986034187390781,-0.025910647193064986,-0.020682486041738092,0.16320984783331
1755177253.276226,0,-0.014688000615068473,0.007105910540712003,-0.5911458338101307,0.986324324620012,-0.025320473898004795,-0.020984672661959934,0.16150183831067752
1755177253.30989,0,-0.013989629664585645,0.006879078086552949,-0.590776013789155,0.9866103319363365,-0.025083346950508886,-0.02197615754723932,0.15964938810309004
1755177253.3399074,0,-0.01355555585480853,0.006719137796798447,-0.5915782356459565,0.9867387426823448,-0.024789189506220197,-0.022876772432750013,0.15877280326413032
1755177253.3734627,0,-0.013182695514476777,0.006497777732976252,-0.5922544963991869,0.9869195254559376,-0.024682877285119205,-0.02389116732141826,0.1575113264713827
1755177253.4050486,0,-0.012809587305526952,0.006458541053883077,-0.5932993938803625,0.9870901672364805,-0.024260912896679348,-0.02424757979310852,0.1564495596818789
1755177253.4420567,0,-0.01250508756870782,0.006413946764748962,-0.5946474170450737,0.9873100201981534,-0.02404975912062738,-0.02535697545224163,0.15491144857135716
1755177253.4686494,0,-0.012045020375218275,0.006018815703832572,-0.5940033395274953,0.9875301340714412,-0.02389749596670122,-0.027453081338680217,0.15316485338475863
1755177253.5028453,0,-0.011682194687513728,0.0058978269156182775,-0.5949937471515888,0.9878185261150237,-0.023562127435054515,-0.028495267651923666,0.15115358194935877
1755177253.5325506,0,-0.011243707285981834,0.005664250364948421,-0.5954990226443784,0.9880022296987558,-0.02350088176363645,-0.030275081110222327,0.1496085630249419
1755177253.5793378,0,-0.010856266127661858,0.005778955947826216,-0.5965383952448141,0.9882869816708725,-0.023367640585499637,-0.030643767713312207,0.1476609451875344
1755177253.6143456,0,-0.010523205786234394,0.0055731054013930595,-0.5962220581338692,0.9884315397960158,-0.023602677842813787,-0.032405320059700586,0.14627337408754082
1755177253.6453133,0,-0.009993471367510413,0.005961269451313984,-0.597951328059311,0.9888267139218477,-0.023094108700700257,-0.03144417217039439,0.14387375026167631
1755177253.6763835,0,-0.009645325850802418,0.0055870938471749565,-0.5980404066199035,0.9890302258039655,-0.023115425397897595,-0.03311932301354812,0.14208448190409595
1755177253.7074943,0,-0.009034028252825612,0.005828794800205157,-0.5995985398709576,0.9894389829496225,-0.022286118145815936,-0.03182356076263965,0.13964629940672885
1755177253.737546,0,-0.008915509099376755,0.005935149062560617,-0.6007238431163521,0.9896013648320082,-0.021803360243580625,-0.03144471444990199,0.13865418182615089
1755177253.7692065,0,-0.008938834279703113,0.006108144747522741,-0.6007966197782955,0.9897206813755762,-0.020914337214668587,-0.030689275998884668,0.13810768152061803
1755177253.8014803,0,-0.00885656894441444,0.0063128422171473755,-0.6008692954788323,0.9898872367620398,-0.02050309342786369,-0.030204905959774448,0.13707860997056698
1755177253.8356893,0,-0.00864842302209976,0.006655669896240529,-0.6015902381226438,0.9901056891067429,-0.02034498902979637,-0.029193952061519222,0.13573694774404269
1755177253.867521,0,-0.008638591784214401,0.006680407153717587,-0.6013184335118389,0.9902372583439591,-0.02042960379490877,-0.028431338460030462,0.13492391363132608
1755177253.897626,0,-0.008693106296378773,0.006846045046120179,-0.6010923709642862,0.9903717179069387,-0.020182335937984495,-0.027340325896610562,0.13419776550305396
1755177253.9324026,0,-0.008860778024897414,0.006911769408349144,-0.6003797054930027,0.9903574023028181,-0.020050706989412505,-0.026883769591372824,0.1344152066761676
1755177253.9674885,0,-0.008858569736518353,0.007062313507891618,-0.6010301968350757,0.9904372353965638,-0.0203563467898029,-0.026396215958158758,0.1338765911893309
1755177254.0134182,0,-0.008994999985362379,0.007012776054727048,-0.6007973899169011,0.990423501572177,-0.020308307445239846,-0.026620593619455395,0.1339410473961045
1755177254.0476577,0,-0.009179883562482574,0.006967536186999246,-0.5998670815549204,0.9903523042155369,-0.02061745461463959,-0.026532891188796252,0.13443675012939532
1755177254.0772388,0,-0.00906336439037778,0.007156790157141692,-0.6006167008876194,0.9904761842226297,-0.02057341619668202,-0.02545866563329781,0.133736754028014
1755177254.108552,0,-0.008954876505315073,0.00734400414687076,-0.6000501197419031,0.990515972469346,-0.020392460770799405,-0.025173149884972736,0.13352366214153236
1755177254.142852,0,-0.009132011664178699,0.007608512010725814,-0.6003636493164001,0.9904949858704338,-0.020439770789206432,-0.024365998541959182,0.13382151116568203
1755177254.174907,0,-0.009030082808578215,0.007741136704426138,-0.6001357048346331,0.990527297257319,-0.0202973321150432,-0.02373419765554277,0.13371753646687545
1755177254.2066007,0,-0.009163996271253024,0.007713907040507971,-0.5998096001839264,0.9904403137766686,-0.020362986577644116,-0.023543961962421943,0.13438383637448728
1755177254.2375612,0,-0.009195961999877916,0.007676553231373853,-0.5991700167377679,0.9903453898972827,-0.020647165321399336,-0.02388899025720025,0.13497784787838762
1755177254.2708545,0,-0.009205748859431082,0.007778130564604135,-0.5992644561149081,0.9903194101074776,-0.020589392012515244,-0.023565157964090176,0.13523396848077743
1755177254.302745,0,-0.00888918034421529,0.007952783390550666,-0.5998534127273067,0.9904364412741195,-0.020591343521641506,-0.02284143404566892,0.13449877790883
1755177254.3369753,0,-0.008746054334323123,0.00782833569904326,-0.6003480636401959,0.990453779603725,-0.020431284028748206,-0.02283716054425644,0.1343961948862703
1755177254.3650565,0,-0.008453873977119414,0.007371308717361913,-0.6003339589373283,0.9904754566305297,-0.020587099530563962,-0.02416914405124151,0.13397907904330633
1755177254.415286,0,-0.008297998202871849,0.006950035048748873,-0.5995382143517258,0.9904323720920123,-0.020559762294796537,-0.024917462613829357,0.1341645726093868
1755177254.4476047,0,-0.008182864420090257,0.006795222725908039,-0.599122606777011,0.9903870167084712,-0.020384771967857405,-0.025380656371332976,0.1344389842615347
1755177254.478359,0,-0.007911714076941937,0.006817676316272864,-0.5984472184754354,0.9904079648540841,-0.020133520951614657,-0.02603457100791145,0.1341972637579328
1755177254.509751,0,-0.00785880272444966,0.007218710782847866,-0.5989290626123365,0.9904025169733212,-0.019548108776788545,-0.025474181454898975,0.1344313649985145
1755177254.541383,0,-0.007478295650844154,0.007418950993275997,-0.599382392940425,0.9904884265841856,-0.019330167559968237,-0.02546083040557306,0.1338311157390039
1755177254.607484,0,-0.007400721558854578,0.007678257441381384,-0.5998378695752176,0.9904932025036205,-0.01911050460245095,-0.02445263120603207,0.13401519777645843
1755177254.6617105,0,-0.007538042637246217,0.007754049897862339,-0.599843608844741,0.990451248142389,-0.018889578678478725,-0.023674376918047007,0.1344954748237855
1755177254.678657,0,-0.007532084424265846,0.007813437781129869,-0.5997601309844967,0.9904535236861391,-0.018823580082057485,-0.023057989166058876,0.13459501991612782
1755177254.7123654,0,-0.0075138855664131695,0.00787908993195477,-0.6006322341456479,0.9904716522532444,-0.019254220417546798,-0.02320975197139878,0.13437443392352136
1755177254.7329826,0,-0.007440822347616226,0.007560040885989147,-0.6004140246025946,0.990537946163064,-0.019255641424538325,-0.0239282012420707,0.133758134966466
1755177254.7664444,0,-0.007676308663280909,0.007184686253261019,-0.5998762344827059,0.9904178351645299,-0.01928272382462475,-0.024885406132931956,0.13446711460988695
1755177254.7987323,0,-0.007513583028528818,0.007296248640723119,-0.5999958600407929,0.9904560780864029,-0.018806267624246246,-0.024796486785977918,0.13426919200925921
1755177254.8458445,0,-0.007334647626091636,0.007589447077641087,-0.6002680569654448,0.9905429551170376,-0.018080995971293274,-0.023619483616448774,0.13393973139582097
1755177254.8771358,0,-0.007220949449331138,0.0075150153090935146,-0.600063464877878,0.9905602629736617,-0.01811913033422913,-0.024048499951860394,0.1337300720987869
1755177254.9095683,0,-0.007106914660787207,0.007579942191127453,-0.6007147121380617,0.9905845726499471,-0.018174458828846152,-0.023948324268088392,0.13356036552417275
1755177254.9448216,0,-0.007001289618540244,0.0076158511490513475,-0.6005357174074379,0.9906250024059701,-0.018266688025780763,-0.02427600225177365,0.13318824434390747
